participant_id,item_id,category,word_length,freq_rank,retention_level,proficiency_score,exposure_composite,integrative_motivation_composite,multilingualism_count
16602608,1,concrete_noun,5,79,2,NA,2,4.25,0
16602608,2,concrete_noun,4,92,1,NA,2,4.25,0
16602608,3,concrete_noun,5,107,2,NA,2,4.25,0
16602608,4,concrete_noun,7,139,2,NA,2,4.25,0
16602608,5,concrete_noun,4,144,2,NA,2,4.25,0
16602608,6,concrete_noun,7,157,2,NA,2,4.25,0
16602608,7,concrete_noun,4,158,2,NA,2,4.25,0
16602608,8,concrete_noun,5,217,2,NA,2,4.25,0
16602608,9,concrete_noun,6,220,0,NA,2,4.25,0
16602608,10,concrete_noun,7,238,0,NA,2,4.25,0
16602608,11,concrete_noun,5,243,2,NA,2,4.25,0
16602608,12,concrete_noun,3,249,2,NA,2,4.25,0
16602608,13,concrete_noun,4,258,2,NA,2,4.25,0
16602608,14,concrete_noun,9,310,2,NA,2,4.25,0
16602608,15,concrete_noun,3,384,2,NA,2,4.25,0
16602608,16,abstract_noun,6,39,2,NA,2,4.25,0
16602608,17,abstract_noun,2,59,2,NA,2,4.25,0
16602608,18,abstract_noun,5,72,2,NA,2,4.25,0
16602608,19,abstract_noun,5,83,2,NA,2,4.25,0
16602608,20,abstract_noun,3,84,2,NA,2,4.25,0
16602608,21,abstract_noun,4,85,0,NA,2,4.25,0
16602608,22,abstract_noun,5,89,2,NA,2,4.25,0
16602608,23,abstract_noun,6,115,2,NA,2,4.25,0
16602608,24,abstract_noun,5,126,2,NA,2,4.25,0
16602608,25,abstract_noun,4,127,0,NA,2,4.25,0
16602608,26,abstract_noun,5,132,1,NA,2,4.25,0
16602608,27,abstract_noun,9,142,2,NA,2,4.25,0
16602608,28,abstract_noun,6,278,2,NA,2,4.25,0
16602608,29,abstract_noun,5,381,2,NA,2,4.25,0
16602608,30,abstract_noun,4,456,2,NA,2,4.25,0
16602608,31,verb,4,17,2,NA,2,4.25,0
16602608,32,verb,4,20,1,NA,2,4.25,0
16602608,33,verb,7,24,1,NA,2,4.25,0
16602608,34,verb,3,33,2,NA,2,4.25,0
16602608,35,verb,5,36,1,NA,2,4.25,0
16602608,36,verb,5,41,1,NA,2,4.25,0
16602608,37,verb,4,76,NA,NA,2,4.25,0
16602608,38,verb,4,88,0,NA,2,4.25,0
16602608,39,verb,6,101,0,NA,2,4.25,0
16602608,40,verb,4,119,0,NA,2,4.25,0
16602608,41,verb,5,133,1,NA,2,4.25,0
16602608,42,verb,4,136,1,NA,2,4.25,0
16602608,43,verb,7,140,2,NA,2,4.25,0
16602608,44,verb,5,163,NA,NA,2,4.25,0
16602608,45,verb,7,203,2,NA,2,4.25,0
16602608,46,adjective,5,80,2,NA,2,4.25,0
16602608,47,adjective,2,98,2,NA,2,4.25,0
16602608,48,adjective,2,121,2,NA,2,4.25,0
16602608,49,adjective,4,137,2,NA,2,4.25,0
16602608,50,adjective,3,154,2,NA,2,4.25,0
16602608,51,adjective,6,212,NA,NA,2,4.25,0
16602608,52,adjective,4,305,2,NA,2,4.25,0
16602608,53,adjective,5,315,NA,NA,2,4.25,0
16602608,54,adjective,6,339,2,NA,2,4.25,0
16602608,55,adjective,3,364,2,NA,2,4.25,0
16602608,56,adjective,5,370,2,NA,2,4.25,0
16602608,57,adjective,7,407,1,NA,2,4.25,0
16602608,58,adjective,4,432,2,NA,2,4.25,0
16602608,59,adjective,3,461,0,NA,2,4.25,0
16602608,60,adjective,4,706,2,NA,2,4.25,0
16602609,1,concrete_noun,5,79,2,NA,3,1.5,2
16602609,2,concrete_noun,4,92,2,NA,3,1.5,2
16602609,3,concrete_noun,5,107,2,NA,3,1.5,2
16602609,4,concrete_noun,7,139,2,NA,3,1.5,2
16602609,5,concrete_noun,4,144,1,NA,3,1.5,2
16602609,6,concrete_noun,7,157,2,NA,3,1.5,2
16602609,7,concrete_noun,4,158,2,NA,3,1.5,2
16602609,8,concrete_noun,5,217,2,NA,3,1.5,2
16602609,9,concrete_noun,6,220,1,NA,3,1.5,2
16602609,10,concrete_noun,7,238,2,NA,3,1.5,2
16602609,11,concrete_noun,5,243,2,NA,3,1.5,2
16602609,12,concrete_noun,3,249,1,NA,3,1.5,2
16602609,13,concrete_noun,4,258,1,NA,3,1.5,2
16602609,14,concrete_noun,9,310,2,NA,3,1.5,2
16602609,15,concrete_noun,3,384,1,NA,3,1.5,2
16602609,16,abstract_noun,6,39,2,NA,3,1.5,2
16602609,17,abstract_noun,2,59,2,NA,3,1.5,2
16602609,18,abstract_noun,5,72,0,NA,3,1.5,2
16602609,19,abstract_noun,5,83,2,NA,3,1.5,2
16602609,20,abstract_noun,3,84,2,NA,3,1.5,2
16602609,21,abstract_noun,4,85,0,NA,3,1.5,2
16602609,22,abstract_noun,5,89,0,NA,3,1.5,2
16602609,23,abstract_noun,6,115,2,NA,3,1.5,2
16602609,24,abstract_noun,5,126,1,NA,3,1.5,2
16602609,25,abstract_noun,4,127,0,NA,3,1.5,2
16602609,26,abstract_noun,5,132,0,NA,3,1.5,2
16602609,27,abstract_noun,9,142,2,NA,3,1.5,2
16602609,28,abstract_noun,6,278,2,NA,3,1.5,2
16602609,29,abstract_noun,5,381,0,NA,3,1.5,2
16602609,30,abstract_noun,4,456,2,NA,3,1.5,2
16602609,31,verb,4,17,0,NA,3,1.5,2
16602609,32,verb,4,20,0,NA,3,1.5,2
16602609,33,verb,7,24,1,NA,3,1.5,2
16602609,34,verb,3,33,0,NA,3,1.5,2
16602609,35,verb,5,36,0,NA,3,1.5,2
16602609,36,verb,5,41,0,NA,3,1.5,2
16602609,37,verb,4,76,1,NA,3,1.5,2
16602609,38,verb,4,88,0,NA,3,1.5,2
16602609,39,verb,6,101,0,NA,3,1.5,2
16602609,40,verb,4,119,0,NA,3,1.5,2
16602609,41,verb,5,133,0,NA,3,1.5,2
16602609,42,verb,4,136,0,NA,3,1.5,2
16602609,43,verb,7,140,2,NA,3,1.5,2
16602609,44,verb,5,163,2,NA,3,1.5,2
16602609,45,verb,7,203,0,NA,3,1.5,2
16602609,46,adjective,5,80,2,NA,3,1.5,2
16602609,47,adjective,2,98,2,NA,3,1.5,2
16602609,48,adjective,2,121,1,NA,3,1.5,2
16602609,49,adjective,4,137,1,NA,3,1.5,2
16602609,50,adjective,3,154,2,NA,3,1.5,2
16602609,51,adjective,6,212,0,NA,3,1.5,2
16602609,52,adjective,4,305,2,NA,3,1.5,2
16602609,53,adjective,5,315,NA,NA,3,1.5,2
16602609,54,adjective,6,339,0,NA,3,1.5,2
16602609,55,adjective,3,364,0,NA,3,1.5,2
16602609,56,adjective,5,370,2,NA,3,1.5,2
16602609,57,adjective,7,407,1,NA,3,1.5,2
16602609,58,adjective,4,432,1,NA,3,1.5,2
16602609,59,adjective,3,461,0,NA,3,1.5,2
16602609,60,adjective,4,706,2,NA,3,1.5,2
16602611,1,concrete_noun,5,79,2,NA,1.8,3,0
16602611,2,concrete_noun,4,92,2,NA,1.8,3,0
16602611,3,concrete_noun,5,107,2,NA,1.8,3,0
16602611,4,concrete_noun,7,139,2,NA,1.8,3,0
16602611,5,concrete_noun,4,144,2,NA,1.8,3,0
16602611,6,concrete_noun,7,157,2,NA,1.8,3,0
16602611,7,concrete_noun,4,158,2,NA,1.8,3,0
16602611,8,concrete_noun,5,217,2,NA,1.8,3,0
16602611,9,concrete_noun,6,220,0,NA,1.8,3,0
16602611,10,concrete_noun,7,238,0,NA,1.8,3,0
16602611,11,concrete_noun,5,243,2,NA,1.8,3,0
16602611,12,concrete_noun,3,249,1,NA,1.8,3,0
16602611,13,concrete_noun,4,258,2,NA,1.8,3,0
16602611,14,concrete_noun,9,310,2,NA,1.8,3,0
16602611,15,concrete_noun,3,384,2,NA,1.8,3,0
16602611,16,abstract_noun,6,39,2,NA,1.8,3,0
16602611,17,abstract_noun,2,59,2,NA,1.8,3,0
16602611,18,abstract_noun,5,72,2,NA,1.8,3,0
16602611,19,abstract_noun,5,83,1,NA,1.8,3,0
16602611,20,abstract_noun,3,84,2,NA,1.8,3,0
16602611,21,abstract_noun,4,85,0,NA,1.8,3,0
16602611,22,abstract_noun,5,89,2,NA,1.8,3,0
16602611,23,abstract_noun,6,115,1,NA,1.8,3,0
16602611,24,abstract_noun,5,126,2,NA,1.8,3,0
16602611,25,abstract_noun,4,127,0,NA,1.8,3,0
16602611,26,abstract_noun,5,132,1,NA,1.8,3,0
16602611,27,abstract_noun,9,142,1,NA,1.8,3,0
16602611,28,abstract_noun,6,278,2,NA,1.8,3,0
16602611,29,abstract_noun,5,381,0,NA,1.8,3,0
16602611,30,abstract_noun,4,456,NA,NA,1.8,3,0
16602611,31,verb,4,17,2,NA,1.8,3,0
16602611,32,verb,4,20,0,NA,1.8,3,0
16602611,33,verb,7,24,NA,NA,1.8,3,0
16602611,34,verb,3,33,2,NA,1.8,3,0
16602611,35,verb,5,36,1,NA,1.8,3,0
16602611,36,verb,5,41,1,NA,1.8,3,0
16602611,37,verb,4,76,1,NA,1.8,3,0
16602611,38,verb,4,88,0,NA,1.8,3,0
16602611,39,verb,6,101,0,NA,1.8,3,0
16602611,40,verb,4,119,0,NA,1.8,3,0
16602611,41,verb,5,133,0,NA,1.8,3,0
16602611,42,verb,4,136,0,NA,1.8,3,0
16602611,43,verb,7,140,2,NA,1.8,3,0
16602611,44,verb,5,163,2,NA,1.8,3,0
16602611,45,verb,7,203,1,NA,1.8,3,0
16602611,46,adjective,5,80,2,NA,1.8,3,0
16602611,47,adjective,2,98,2,NA,1.8,3,0
16602611,48,adjective,2,121,2,NA,1.8,3,0
16602611,49,adjective,4,137,1,NA,1.8,3,0
16602611,50,adjective,3,154,2,NA,1.8,3,0
16602611,51,adjective,6,212,0,NA,1.8,3,0
16602611,52,adjective,4,305,0,NA,1.8,3,0
16602611,53,adjective,5,315,0,NA,1.8,3,0
16602611,54,adjective,6,339,1,NA,1.8,3,0
16602611,55,adjective,3,364,1,NA,1.8,3,0
16602611,56,adjective,5,370,2,NA,1.8,3,0
16602611,57,adjective,7,407,1,NA,1.8,3,0
16602611,58,adjective,4,432,2,NA,1.8,3,0
16602611,59,adjective,3,461,0,NA,1.8,3,0
16602611,60,adjective,4,706,2,NA,1.8,3,0
16602612,1,concrete_noun,5,79,2,NA,2.8,3.75,0
16602612,2,concrete_noun,4,92,2,NA,2.8,3.75,0
16602612,3,concrete_noun,5,107,2,NA,2.8,3.75,0
16602612,4,concrete_noun,7,139,2,NA,2.8,3.75,0
16602612,5,concrete_noun,4,144,2,NA,2.8,3.75,0
16602612,6,concrete_noun,7,157,2,NA,2.8,3.75,0
16602612,7,concrete_noun,4,158,2,NA,2.8,3.75,0
16602612,8,concrete_noun,5,217,2,NA,2.8,3.75,0
16602612,9,concrete_noun,6,220,2,NA,2.8,3.75,0
16602612,10,concrete_noun,7,238,2,NA,2.8,3.75,0
16602612,11,concrete_noun,5,243,2,NA,2.8,3.75,0
16602612,12,concrete_noun,3,249,2,NA,2.8,3.75,0
16602612,13,concrete_noun,4,258,2,NA,2.8,3.75,0
16602612,14,concrete_noun,9,310,2,NA,2.8,3.75,0
16602612,15,concrete_noun,3,384,2,NA,2.8,3.75,0
16602612,16,abstract_noun,6,39,2,NA,2.8,3.75,0
16602612,17,abstract_noun,2,59,2,NA,2.8,3.75,0
16602612,18,abstract_noun,5,72,2,NA,2.8,3.75,0
16602612,19,abstract_noun,5,83,2,NA,2.8,3.75,0
16602612,20,abstract_noun,3,84,2,NA,2.8,3.75,0
16602612,21,abstract_noun,4,85,2,NA,2.8,3.75,0
16602612,22,abstract_noun,5,89,2,NA,2.8,3.75,0
16602612,23,abstract_noun,6,115,2,NA,2.8,3.75,0
16602612,24,abstract_noun,5,126,2,NA,2.8,3.75,0
16602612,25,abstract_noun,4,127,2,NA,2.8,3.75,0
16602612,26,abstract_noun,5,132,2,NA,2.8,3.75,0
16602612,27,abstract_noun,9,142,2,NA,2.8,3.75,0
16602612,28,abstract_noun,6,278,2,NA,2.8,3.75,0
16602612,29,abstract_noun,5,381,2,NA,2.8,3.75,0
16602612,30,abstract_noun,4,456,2,NA,2.8,3.75,0
16602612,31,verb,4,17,2,NA,2.8,3.75,0
16602612,32,verb,4,20,1,NA,2.8,3.75,0
16602612,33,verb,7,24,2,NA,2.8,3.75,0
16602612,34,verb,3,33,1,NA,2.8,3.75,0
16602612,35,verb,5,36,2,NA,2.8,3.75,0
16602612,36,verb,5,41,1,NA,2.8,3.75,0
16602612,37,verb,4,76,0,NA,2.8,3.75,0
16602612,38,verb,4,88,0,NA,2.8,3.75,0
16602612,39,verb,6,101,2,NA,2.8,3.75,0
16602612,40,verb,4,119,0,NA,2.8,3.75,0
16602612,41,verb,5,133,0,NA,2.8,3.75,0
16602612,42,verb,4,136,1,NA,2.8,3.75,0
16602612,43,verb,7,140,2,NA,2.8,3.75,0
16602612,44,verb,5,163,2,NA,2.8,3.75,0
16602612,45,verb,7,203,1,NA,2.8,3.75,0
16602612,46,adjective,5,80,2,NA,2.8,3.75,0
16602612,47,adjective,2,98,2,NA,2.8,3.75,0
16602612,48,adjective,2,121,2,NA,2.8,3.75,0
16602612,49,adjective,4,137,2,NA,2.8,3.75,0
16602612,50,adjective,3,154,2,NA,2.8,3.75,0
16602612,51,adjective,6,212,NA,NA,2.8,3.75,0
16602612,52,adjective,4,305,2,NA,2.8,3.75,0
16602612,53,adjective,5,315,0,NA,2.8,3.75,0
16602612,54,adjective,6,339,2,NA,2.8,3.75,0
16602612,55,adjective,3,364,2,NA,2.8,3.75,0
16602612,56,adjective,5,370,2,NA,2.8,3.75,0
16602612,57,adjective,7,407,1,NA,2.8,3.75,0
16602612,58,adjective,4,432,2,NA,2.8,3.75,0
16602612,59,adjective,3,461,1,NA,2.8,3.75,0
16602612,60,adjective,4,706,2,NA,2.8,3.75,0
16602613,1,concrete_noun,5,79,2,NA,3.2,3.5,0
16602613,2,concrete_noun,4,92,2,NA,3.2,3.5,0
16602613,3,concrete_noun,5,107,2,NA,3.2,3.5,0
16602613,4,concrete_noun,7,139,2,NA,3.2,3.5,0
16602613,5,concrete_noun,4,144,2,NA,3.2,3.5,0
16602613,6,concrete_noun,7,157,2,NA,3.2,3.5,0
16602613,7,concrete_noun,4,158,2,NA,3.2,3.5,0
16602613,8,concrete_noun,5,217,2,NA,3.2,3.5,0
16602613,9,concrete_noun,6,220,2,NA,3.2,3.5,0
16602613,10,concrete_noun,7,238,1,NA,3.2,3.5,0
16602613,11,concrete_noun,5,243,2,NA,3.2,3.5,0
16602613,12,concrete_noun,3,249,2,NA,3.2,3.5,0
16602613,13,concrete_noun,4,258,2,NA,3.2,3.5,0
16602613,14,concrete_noun,9,310,2,NA,3.2,3.5,0
16602613,15,concrete_noun,3,384,2,NA,3.2,3.5,0
16602613,16,abstract_noun,6,39,1,NA,3.2,3.5,0
16602613,17,abstract_noun,2,59,2,NA,3.2,3.5,0
16602613,18,abstract_noun,5,72,2,NA,3.2,3.5,0
16602613,19,abstract_noun,5,83,2,NA,3.2,3.5,0
16602613,20,abstract_noun,3,84,2,NA,3.2,3.5,0
16602613,21,abstract_noun,4,85,2,NA,3.2,3.5,0
16602613,22,abstract_noun,5,89,2,NA,3.2,3.5,0
16602613,23,abstract_noun,6,115,2,NA,3.2,3.5,0
16602613,24,abstract_noun,5,126,2,NA,3.2,3.5,0
16602613,25,abstract_noun,4,127,2,NA,3.2,3.5,0
16602613,26,abstract_noun,5,132,2,NA,3.2,3.5,0
16602613,27,abstract_noun,9,142,2,NA,3.2,3.5,0
16602613,28,abstract_noun,6,278,2,NA,3.2,3.5,0
16602613,29,abstract_noun,5,381,2,NA,3.2,3.5,0
16602613,30,abstract_noun,4,456,2,NA,3.2,3.5,0
16602613,31,verb,4,17,2,NA,3.2,3.5,0
16602613,32,verb,4,20,2,NA,3.2,3.5,0
16602613,33,verb,7,24,2,NA,3.2,3.5,0
16602613,34,verb,3,33,1,NA,3.2,3.5,0
16602613,35,verb,5,36,NA,NA,3.2,3.5,0
16602613,36,verb,5,41,2,NA,3.2,3.5,0
16602613,37,verb,4,76,1,NA,3.2,3.5,0
16602613,38,verb,4,88,0,NA,3.2,3.5,0
16602613,39,verb,6,101,2,NA,3.2,3.5,0
16602613,40,verb,4,119,0,NA,3.2,3.5,0
16602613,41,verb,5,133,NA,NA,3.2,3.5,0
16602613,42,verb,4,136,2,NA,3.2,3.5,0
16602613,43,verb,7,140,2,NA,3.2,3.5,0
16602613,44,verb,5,163,2,NA,3.2,3.5,0
16602613,45,verb,7,203,2,NA,3.2,3.5,0
16602613,46,adjective,5,80,2,NA,3.2,3.5,0
16602613,47,adjective,2,98,2,NA,3.2,3.5,0
16602613,48,adjective,2,121,2,NA,3.2,3.5,0
16602613,49,adjective,4,137,2,NA,3.2,3.5,0
16602613,50,adjective,3,154,2,NA,3.2,3.5,0
16602613,51,adjective,6,212,1,NA,3.2,3.5,0
16602613,52,adjective,4,305,2,NA,3.2,3.5,0
16602613,53,adjective,5,315,1,NA,3.2,3.5,0
16602613,54,adjective,6,339,0,NA,3.2,3.5,0
16602613,55,adjective,3,364,2,NA,3.2,3.5,0
16602613,56,adjective,5,370,1,NA,3.2,3.5,0
16602613,57,adjective,7,407,2,NA,3.2,3.5,0
16602613,58,adjective,4,432,2,NA,3.2,3.5,0
16602613,59,adjective,3,461,1,NA,3.2,3.5,0
16602613,60,adjective,4,706,2,NA,3.2,3.5,0
16602614,1,concrete_noun,5,79,2,NA,3,2.25,0
16602614,2,concrete_noun,4,92,2,NA,3,2.25,0
16602614,3,concrete_noun,5,107,2,NA,3,2.25,0
16602614,4,concrete_noun,7,139,2,NA,3,2.25,0
16602614,5,concrete_noun,4,144,2,NA,3,2.25,0
16602614,6,concrete_noun,7,157,2,NA,3,2.25,0
16602614,7,concrete_noun,4,158,2,NA,3,2.25,0
16602614,8,concrete_noun,5,217,2,NA,3,2.25,0
16602614,9,concrete_noun,6,220,2,NA,3,2.25,0
16602614,10,concrete_noun,7,238,2,NA,3,2.25,0
16602614,11,concrete_noun,5,243,2,NA,3,2.25,0
16602614,12,concrete_noun,3,249,2,NA,3,2.25,0
16602614,13,concrete_noun,4,258,1,NA,3,2.25,0
16602614,14,concrete_noun,9,310,2,NA,3,2.25,0
16602614,15,concrete_noun,3,384,2,NA,3,2.25,0
16602614,16,abstract_noun,6,39,2,NA,3,2.25,0
16602614,17,abstract_noun,2,59,1,NA,3,2.25,0
16602614,18,abstract_noun,5,72,2,NA,3,2.25,0
16602614,19,abstract_noun,5,83,1,NA,3,2.25,0
16602614,20,abstract_noun,3,84,1,NA,3,2.25,0
16602614,21,abstract_noun,4,85,2,NA,3,2.25,0
16602614,22,abstract_noun,5,89,2,NA,3,2.25,0
16602614,23,abstract_noun,6,115,2,NA,3,2.25,0
16602614,24,abstract_noun,5,126,1,NA,3,2.25,0
16602614,25,abstract_noun,4,127,2,NA,3,2.25,0
16602614,26,abstract_noun,5,132,1,NA,3,2.25,0
16602614,27,abstract_noun,9,142,2,NA,3,2.25,0
16602614,28,abstract_noun,6,278,1,NA,3,2.25,0
16602614,29,abstract_noun,5,381,2,NA,3,2.25,0
16602614,30,abstract_noun,4,456,2,NA,3,2.25,0
16602614,31,verb,4,17,2,NA,3,2.25,0
16602614,32,verb,4,20,2,NA,3,2.25,0
16602614,33,verb,7,24,0,NA,3,2.25,0
16602614,34,verb,3,33,1,NA,3,2.25,0
16602614,35,verb,5,36,2,NA,3,2.25,0
16602614,36,verb,5,41,2,NA,3,2.25,0
16602614,37,verb,4,76,1,NA,3,2.25,0
16602614,38,verb,4,88,0,NA,3,2.25,0
16602614,39,verb,6,101,1,NA,3,2.25,0
16602614,40,verb,4,119,0,NA,3,2.25,0
16602614,41,verb,5,133,0,NA,3,2.25,0
16602614,42,verb,4,136,0,NA,3,2.25,0
16602614,43,verb,7,140,2,NA,3,2.25,0
16602614,44,verb,5,163,2,NA,3,2.25,0
16602614,45,verb,7,203,1,NA,3,2.25,0
16602614,46,adjective,5,80,2,NA,3,2.25,0
16602614,47,adjective,2,98,2,NA,3,2.25,0
16602614,48,adjective,2,121,1,NA,3,2.25,0
16602614,49,adjective,4,137,2,NA,3,2.25,0
16602614,50,adjective,3,154,1,NA,3,2.25,0
16602614,51,adjective,6,212,1,NA,3,2.25,0
16602614,52,adjective,4,305,1,NA,3,2.25,0
16602614,53,adjective,5,315,1,NA,3,2.25,0
16602614,54,adjective,6,339,2,NA,3,2.25,0
16602614,55,adjective,3,364,2,NA,3,2.25,0
16602614,56,adjective,5,370,2,NA,3,2.25,0
16602614,57,adjective,7,407,0,NA,3,2.25,0
16602614,58,adjective,4,432,2,NA,3,2.25,0
16602614,59,adjective,3,461,1,NA,3,2.25,0
16602614,60,adjective,4,706,2,NA,3,2.25,0
16602615,1,concrete_noun,5,79,2,NA,2.2,2.75,0
16602615,2,concrete_noun,4,92,NA,NA,2.2,2.75,0
16602615,3,concrete_noun,5,107,2,NA,2.2,2.75,0
16602615,4,concrete_noun,7,139,1,NA,2.2,2.75,0
16602615,5,concrete_noun,4,144,1,NA,2.2,2.75,0
16602615,6,concrete_noun,7,157,1,NA,2.2,2.75,0
16602615,7,concrete_noun,4,158,2,NA,2.2,2.75,0
16602615,8,concrete_noun,5,217,2,NA,2.2,2.75,0
16602615,9,concrete_noun,6,220,2,NA,2.2,2.75,0
16602615,10,concrete_noun,7,238,0,NA,2.2,2.75,0
16602615,11,concrete_noun,5,243,2,NA,2.2,2.75,0
16602615,12,concrete_noun,3,249,2,NA,2.2,2.75,0
16602615,13,concrete_noun,4,258,0,NA,2.2,2.75,0
16602615,14,concrete_noun,9,310,1,NA,2.2,2.75,0
16602615,15,concrete_noun,3,384,2,NA,2.2,2.75,0
16602615,16,abstract_noun,6,39,2,NA,2.2,2.75,0
16602615,17,abstract_noun,2,59,2,NA,2.2,2.75,0
16602615,18,abstract_noun,5,72,0,NA,2.2,2.75,0
16602615,19,abstract_noun,5,83,2,NA,2.2,2.75,0
16602615,20,abstract_noun,3,84,1,NA,2.2,2.75,0
16602615,21,abstract_noun,4,85,2,NA,2.2,2.75,0
16602615,22,abstract_noun,5,89,0,NA,2.2,2.75,0
16602615,23,abstract_noun,6,115,1,NA,2.2,2.75,0
16602615,24,abstract_noun,5,126,1,NA,2.2,2.75,0
16602615,25,abstract_noun,4,127,1,NA,2.2,2.75,0
16602615,26,abstract_noun,5,132,1,NA,2.2,2.75,0
16602615,27,abstract_noun,9,142,2,NA,2.2,2.75,0
16602615,28,abstract_noun,6,278,1,NA,2.2,2.75,0
16602615,29,abstract_noun,5,381,2,NA,2.2,2.75,0
16602615,30,abstract_noun,4,456,1,NA,2.2,2.75,0
16602615,31,verb,4,17,1,NA,2.2,2.75,0
16602615,32,verb,4,20,2,NA,2.2,2.75,0
16602615,33,verb,7,24,0,NA,2.2,2.75,0
16602615,34,verb,3,33,0,NA,2.2,2.75,0
16602615,35,verb,5,36,0,NA,2.2,2.75,0
16602615,36,verb,5,41,1,NA,2.2,2.75,0
16602615,37,verb,4,76,NA,NA,2.2,2.75,0
16602615,38,verb,4,88,0,NA,2.2,2.75,0
16602615,39,verb,6,101,2,NA,2.2,2.75,0
16602615,40,verb,4,119,0,NA,2.2,2.75,0
16602615,41,verb,5,133,0,NA,2.2,2.75,0
16602615,42,verb,4,136,2,NA,2.2,2.75,0
16602615,43,verb,7,140,2,NA,2.2,2.75,0
16602615,44,verb,5,163,0,NA,2.2,2.75,0
16602615,45,verb,7,203,1,NA,2.2,2.75,0
16602615,46,adjective,5,80,2,NA,2.2,2.75,0
16602615,47,adjective,2,98,2,NA,2.2,2.75,0
16602615,48,adjective,2,121,2,NA,2.2,2.75,0
16602615,49,adjective,4,137,0,NA,2.2,2.75,0
16602615,50,adjective,3,154,2,NA,2.2,2.75,0
16602615,51,adjective,6,212,NA,NA,2.2,2.75,0
16602615,52,adjective,4,305,0,NA,2.2,2.75,0
16602615,53,adjective,5,315,1,NA,2.2,2.75,0
16602615,54,adjective,6,339,0,NA,2.2,2.75,0
16602615,55,adjective,3,364,1,NA,2.2,2.75,0
16602615,56,adjective,5,370,2,NA,2.2,2.75,0
16602615,57,adjective,7,407,0,NA,2.2,2.75,0
16602615,58,adjective,4,432,1,NA,2.2,2.75,0
16602615,59,adjective,3,461,2,NA,2.2,2.75,0
16602615,60,adjective,4,706,1,NA,2.2,2.75,0
16602616,1,concrete_noun,5,79,NA,NA,2.6,1,0
16602616,2,concrete_noun,4,92,2,NA,2.6,1,0
16602616,3,concrete_noun,5,107,2,NA,2.6,1,0
16602616,4,concrete_noun,7,139,2,NA,2.6,1,0
16602616,5,concrete_noun,4,144,2,NA,2.6,1,0
16602616,6,concrete_noun,7,157,2,NA,2.6,1,0
16602616,7,concrete_noun,4,158,2,NA,2.6,1,0
16602616,8,concrete_noun,5,217,2,NA,2.6,1,0
16602616,9,concrete_noun,6,220,2,NA,2.6,1,0
16602616,10,concrete_noun,7,238,2,NA,2.6,1,0
16602616,11,concrete_noun,5,243,2,NA,2.6,1,0
16602616,12,concrete_noun,3,249,1,NA,2.6,1,0
16602616,13,concrete_noun,4,258,1,NA,2.6,1,0
16602616,14,concrete_noun,9,310,2,NA,2.6,1,0
16602616,15,concrete_noun,3,384,2,NA,2.6,1,0
16602616,16,abstract_noun,6,39,2,NA,2.6,1,0
16602616,17,abstract_noun,2,59,2,NA,2.6,1,0
16602616,18,abstract_noun,5,72,0,NA,2.6,1,0
16602616,19,abstract_noun,5,83,1,NA,2.6,1,0
16602616,20,abstract_noun,3,84,2,NA,2.6,1,0
16602616,21,abstract_noun,4,85,0,NA,2.6,1,0
16602616,22,abstract_noun,5,89,2,NA,2.6,1,0
16602616,23,abstract_noun,6,115,2,NA,2.6,1,0
16602616,24,abstract_noun,5,126,2,NA,2.6,1,0
16602616,25,abstract_noun,4,127,1,NA,2.6,1,0
16602616,26,abstract_noun,5,132,2,NA,2.6,1,0
16602616,27,abstract_noun,9,142,2,NA,2.6,1,0
16602616,28,abstract_noun,6,278,2,NA,2.6,1,0
16602616,29,abstract_noun,5,381,2,NA,2.6,1,0
16602616,30,abstract_noun,4,456,2,NA,2.6,1,0
16602616,31,verb,4,17,NA,NA,2.6,1,0
16602616,32,verb,4,20,0,NA,2.6,1,0
16602616,33,verb,7,24,2,NA,2.6,1,0
16602616,34,verb,3,33,2,NA,2.6,1,0
16602616,35,verb,5,36,1,NA,2.6,1,0
16602616,36,verb,5,41,0,NA,2.6,1,0
16602616,37,verb,4,76,1,NA,2.6,1,0
16602616,38,verb,4,88,0,NA,2.6,1,0
16602616,39,verb,6,101,2,NA,2.6,1,0
16602616,40,verb,4,119,1,NA,2.6,1,0
16602616,41,verb,5,133,1,NA,2.6,1,0
16602616,42,verb,4,136,1,NA,2.6,1,0
16602616,43,verb,7,140,2,NA,2.6,1,0
16602616,44,verb,5,163,2,NA,2.6,1,0
16602616,45,verb,7,203,2,NA,2.6,1,0
16602616,46,adjective,5,80,2,NA,2.6,1,0
16602616,47,adjective,2,98,2,NA,2.6,1,0
16602616,48,adjective,2,121,2,NA,2.6,1,0
16602616,49,adjective,4,137,2,NA,2.6,1,0
16602616,50,adjective,3,154,2,NA,2.6,1,0
16602616,51,adjective,6,212,NA,NA,2.6,1,0
16602616,52,adjective,4,305,2,NA,2.6,1,0
16602616,53,adjective,5,315,2,NA,2.6,1,0
16602616,54,adjective,6,339,0,NA,2.6,1,0
16602616,55,adjective,3,364,1,NA,2.6,1,0
16602616,56,adjective,5,370,1,NA,2.6,1,0
16602616,57,adjective,7,407,1,NA,2.6,1,0
16602616,58,adjective,4,432,2,NA,2.6,1,0
16602616,59,adjective,3,461,2,NA,2.6,1,0
16602616,60,adjective,4,706,2,NA,2.6,1,0
16602617,1,concrete_noun,5,79,2,NA,1.8,4.25,0
16602617,2,concrete_noun,4,92,2,NA,1.8,4.25,0
16602617,3,concrete_noun,5,107,2,NA,1.8,4.25,0
16602617,4,concrete_noun,7,139,2,NA,1.8,4.25,0
16602617,5,concrete_noun,4,144,2,NA,1.8,4.25,0
16602617,6,concrete_noun,7,157,2,NA,1.8,4.25,0
16602617,7,concrete_noun,4,158,2,NA,1.8,4.25,0
16602617,8,concrete_noun,5,217,2,NA,1.8,4.25,0
16602617,9,concrete_noun,6,220,2,NA,1.8,4.25,0
16602617,10,concrete_noun,7,238,2,NA,1.8,4.25,0
16602617,11,concrete_noun,5,243,2,NA,1.8,4.25,0
16602617,12,concrete_noun,3,249,2,NA,1.8,4.25,0
16602617,13,concrete_noun,4,258,2,NA,1.8,4.25,0
16602617,14,concrete_noun,9,310,2,NA,1.8,4.25,0
16602617,15,concrete_noun,3,384,2,NA,1.8,4.25,0
16602617,16,abstract_noun,6,39,2,NA,1.8,4.25,0
16602617,17,abstract_noun,2,59,2,NA,1.8,4.25,0
16602617,18,abstract_noun,5,72,2,NA,1.8,4.25,0
16602617,19,abstract_noun,5,83,2,NA,1.8,4.25,0
16602617,20,abstract_noun,3,84,2,NA,1.8,4.25,0
16602617,21,abstract_noun,4,85,NA,NA,1.8,4.25,0
16602617,22,abstract_noun,5,89,2,NA,1.8,4.25,0
16602617,23,abstract_noun,6,115,2,NA,1.8,4.25,0
16602617,24,abstract_noun,5,126,2,NA,1.8,4.25,0
16602617,25,abstract_noun,4,127,1,NA,1.8,4.25,0
16602617,26,abstract_noun,5,132,2,NA,1.8,4.25,0
16602617,27,abstract_noun,9,142,2,NA,1.8,4.25,0
16602617,28,abstract_noun,6,278,2,NA,1.8,4.25,0
16602617,29,abstract_noun,5,381,2,NA,1.8,4.25,0
16602617,30,abstract_noun,4,456,2,NA,1.8,4.25,0
16602617,31,verb,4,17,2,NA,1.8,4.25,0
16602617,32,verb,4,20,1,NA,1.8,4.25,0
16602617,33,verb,7,24,0,NA,1.8,4.25,0
16602617,34,verb,3,33,2,NA,1.8,4.25,0
16602617,35,verb,5,36,NA,NA,1.8,4.25,0
16602617,36,verb,5,41,1,NA,1.8,4.25,0
16602617,37,verb,4,76,2,NA,1.8,4.25,0
16602617,38,verb,4,88,0,NA,1.8,4.25,0
16602617,39,verb,6,101,1,NA,1.8,4.25,0
16602617,40,verb,4,119,NA,NA,1.8,4.25,0
16602617,41,verb,5,133,0,NA,1.8,4.25,0
16602617,42,verb,4,136,2,NA,1.8,4.25,0
16602617,43,verb,7,140,2,NA,1.8,4.25,0
16602617,44,verb,5,163,2,NA,1.8,4.25,0
16602617,45,verb,7,203,1,NA,1.8,4.25,0
16602617,46,adjective,5,80,2,NA,1.8,4.25,0
16602617,47,adjective,2,98,2,NA,1.8,4.25,0
16602617,48,adjective,2,121,2,NA,1.8,4.25,0
16602617,49,adjective,4,137,2,NA,1.8,4.25,0
16602617,50,adjective,3,154,2,NA,1.8,4.25,0
16602617,51,adjective,6,212,0,NA,1.8,4.25,0
16602617,52,adjective,4,305,2,NA,1.8,4.25,0
16602617,53,adjective,5,315,1,NA,1.8,4.25,0
16602617,54,adjective,6,339,2,NA,1.8,4.25,0
16602617,55,adjective,3,364,2,NA,1.8,4.25,0
16602617,56,adjective,5,370,2,NA,1.8,4.25,0
16602617,57,adjective,7,407,0,NA,1.8,4.25,0
16602617,58,adjective,4,432,2,NA,1.8,4.25,0
16602617,59,adjective,3,461,2,NA,1.8,4.25,0
16602617,60,adjective,4,706,2,NA,1.8,4.25,0
16602618,1,concrete_noun,5,79,2,NA,1.8,1.25,0
16602618,2,concrete_noun,4,92,2,NA,1.8,1.25,0
16602618,3,concrete_noun,5,107,2,NA,1.8,1.25,0
16602618,4,concrete_noun,7,139,1,NA,1.8,1.25,0
16602618,5,concrete_noun,4,144,2,NA,1.8,1.25,0
16602618,6,concrete_noun,7,157,2,NA,1.8,1.25,0
16602618,7,concrete_noun,4,158,2,NA,1.8,1.25,0
16602618,8,concrete_noun,5,217,1,NA,1.8,1.25,0
16602618,9,concrete_noun,6,220,1,NA,1.8,1.25,0
16602618,10,concrete_noun,7,238,1,NA,1.8,1.25,0
16602618,11,concrete_noun,5,243,2,NA,1.8,1.25,0
16602618,12,concrete_noun,3,249,2,NA,1.8,1.25,0
16602618,13,concrete_noun,4,258,2,NA,1.8,1.25,0
16602618,14,concrete_noun,9,310,2,NA,1.8,1.25,0
16602618,15,concrete_noun,3,384,1,NA,1.8,1.25,0
16602618,16,abstract_noun,6,39,1,NA,1.8,1.25,0
16602618,17,abstract_noun,2,59,2,NA,1.8,1.25,0
16602618,18,abstract_noun,5,72,2,NA,1.8,1.25,0
16602618,19,abstract_noun,5,83,2,NA,1.8,1.25,0
16602618,20,abstract_noun,3,84,2,NA,1.8,1.25,0
16602618,21,abstract_noun,4,85,0,NA,1.8,1.25,0
16602618,22,abstract_noun,5,89,2,NA,1.8,1.25,0
16602618,23,abstract_noun,6,115,2,NA,1.8,1.25,0
16602618,24,abstract_noun,5,126,1,NA,1.8,1.25,0
16602618,25,abstract_noun,4,127,1,NA,1.8,1.25,0
16602618,26,abstract_noun,5,132,1,NA,1.8,1.25,0
16602618,27,abstract_noun,9,142,1,NA,1.8,1.25,0
16602618,28,abstract_noun,6,278,2,NA,1.8,1.25,0
16602618,29,abstract_noun,5,381,1,NA,1.8,1.25,0
16602618,30,abstract_noun,4,456,1,NA,1.8,1.25,0
16602618,31,verb,4,17,1,NA,1.8,1.25,0
16602618,32,verb,4,20,1,NA,1.8,1.25,0
16602618,33,verb,7,24,2,NA,1.8,1.25,0
16602618,34,verb,3,33,1,NA,1.8,1.25,0
16602618,35,verb,5,36,0,NA,1.8,1.25,0
16602618,36,verb,5,41,1,NA,1.8,1.25,0
16602618,37,verb,4,76,NA,NA,1.8,1.25,0
16602618,38,verb,4,88,0,NA,1.8,1.25,0
16602618,39,verb,6,101,2,NA,1.8,1.25,0
16602618,40,verb,4,119,0,NA,1.8,1.25,0
16602618,41,verb,5,133,0,NA,1.8,1.25,0
16602618,42,verb,4,136,0,NA,1.8,1.25,0
16602618,43,verb,7,140,1,NA,1.8,1.25,0
16602618,44,verb,5,163,2,NA,1.8,1.25,0
16602618,45,verb,7,203,1,NA,1.8,1.25,0
16602618,46,adjective,5,80,2,NA,1.8,1.25,0
16602618,47,adjective,2,98,2,NA,1.8,1.25,0
16602618,48,adjective,2,121,1,NA,1.8,1.25,0
16602618,49,adjective,4,137,2,NA,1.8,1.25,0
16602618,50,adjective,3,154,1,NA,1.8,1.25,0
16602618,51,adjective,6,212,NA,NA,1.8,1.25,0
16602618,52,adjective,4,305,2,NA,1.8,1.25,0
16602618,53,adjective,5,315,1,NA,1.8,1.25,0
16602618,54,adjective,6,339,2,NA,1.8,1.25,0
16602618,55,adjective,3,364,2,NA,1.8,1.25,0
16602618,56,adjective,5,370,1,NA,1.8,1.25,0
16602618,57,adjective,7,407,0,NA,1.8,1.25,0
16602618,58,adjective,4,432,1,NA,1.8,1.25,0
16602618,59,adjective,3,461,0,NA,1.8,1.25,0
16602618,60,adjective,4,706,1,NA,1.8,1.25,0
16602619,1,concrete_noun,5,79,2,NA,2.2,2,0
16602619,2,concrete_noun,4,92,2,NA,2.2,2,0
16602619,3,concrete_noun,5,107,2,NA,2.2,2,0
16602619,4,concrete_noun,7,139,2,NA,2.2,2,0
16602619,5,concrete_noun,4,144,2,NA,2.2,2,0
16602619,6,concrete_noun,7,157,2,NA,2.2,2,0
16602619,7,concrete_noun,4,158,2,NA,2.2,2,0
16602619,8,concrete_noun,5,217,2,NA,2.2,2,0
16602619,9,concrete_noun,6,220,2,NA,2.2,2,0
16602619,10,concrete_noun,7,238,2,NA,2.2,2,0
16602619,11,concrete_noun,5,243,2,NA,2.2,2,0
16602619,12,concrete_noun,3,249,2,NA,2.2,2,0
16602619,13,concrete_noun,4,258,2,NA,2.2,2,0
16602619,14,concrete_noun,9,310,2,NA,2.2,2,0
16602619,15,concrete_noun,3,384,2,NA,2.2,2,0
16602619,16,abstract_noun,6,39,2,NA,2.2,2,0
16602619,17,abstract_noun,2,59,2,NA,2.2,2,0
16602619,18,abstract_noun,5,72,2,NA,2.2,2,0
16602619,19,abstract_noun,5,83,2,NA,2.2,2,0
16602619,20,abstract_noun,3,84,2,NA,2.2,2,0
16602619,21,abstract_noun,4,85,0,NA,2.2,2,0
16602619,22,abstract_noun,5,89,2,NA,2.2,2,0
16602619,23,abstract_noun,6,115,2,NA,2.2,2,0
16602619,24,abstract_noun,5,126,2,NA,2.2,2,0
16602619,25,abstract_noun,4,127,2,NA,2.2,2,0
16602619,26,abstract_noun,5,132,1,NA,2.2,2,0
16602619,27,abstract_noun,9,142,2,NA,2.2,2,0
16602619,28,abstract_noun,6,278,2,NA,2.2,2,0
16602619,29,abstract_noun,5,381,2,NA,2.2,2,0
16602619,30,abstract_noun,4,456,1,NA,2.2,2,0
16602619,31,verb,4,17,2,NA,2.2,2,0
16602619,32,verb,4,20,2,NA,2.2,2,0
16602619,33,verb,7,24,2,NA,2.2,2,0
16602619,34,verb,3,33,1,NA,2.2,2,0
16602619,35,verb,5,36,0,NA,2.2,2,0
16602619,36,verb,5,41,1,NA,2.2,2,0
16602619,37,verb,4,76,NA,NA,2.2,2,0
16602619,38,verb,4,88,0,NA,2.2,2,0
16602619,39,verb,6,101,1,NA,2.2,2,0
16602619,40,verb,4,119,0,NA,2.2,2,0
16602619,41,verb,5,133,NA,NA,2.2,2,0
16602619,42,verb,4,136,0,NA,2.2,2,0
16602619,43,verb,7,140,2,NA,2.2,2,0
16602619,44,verb,5,163,2,NA,2.2,2,0
16602619,45,verb,7,203,2,NA,2.2,2,0
16602619,46,adjective,5,80,2,NA,2.2,2,0
16602619,47,adjective,2,98,2,NA,2.2,2,0
16602619,48,adjective,2,121,2,NA,2.2,2,0
16602619,49,adjective,4,137,2,NA,2.2,2,0
16602619,50,adjective,3,154,2,NA,2.2,2,0
16602619,51,adjective,6,212,NA,NA,2.2,2,0
16602619,52,adjective,4,305,0,NA,2.2,2,0
16602619,53,adjective,5,315,1,NA,2.2,2,0
16602619,54,adjective,6,339,2,NA,2.2,2,0
16602619,55,adjective,3,364,2,NA,2.2,2,0
16602619,56,adjective,5,370,1,NA,2.2,2,0
16602619,57,adjective,7,407,0,NA,2.2,2,0
16602619,58,adjective,4,432,2,NA,2.2,2,0
16602619,59,adjective,3,461,2,NA,2.2,2,0
16602619,60,adjective,4,706,1,NA,2.2,2,0
16602620,1,concrete_noun,5,79,2,NA,2.6,2,0
16602620,2,concrete_noun,4,92,2,NA,2.6,2,0
16602620,3,concrete_noun,5,107,2,NA,2.6,2,0
16602620,4,concrete_noun,7,139,2,NA,2.6,2,0
16602620,5,concrete_noun,4,144,2,NA,2.6,2,0
16602620,6,concrete_noun,7,157,2,NA,2.6,2,0
16602620,7,concrete_noun,4,158,2,NA,2.6,2,0
16602620,8,concrete_noun,5,217,2,NA,2.6,2,0
16602620,9,concrete_noun,6,220,1,NA,2.6,2,0
16602620,10,concrete_noun,7,238,0,NA,2.6,2,0
16602620,11,concrete_noun,5,243,2,NA,2.6,2,0
16602620,12,concrete_noun,3,249,2,NA,2.6,2,0
16602620,13,concrete_noun,4,258,2,NA,2.6,2,0
16602620,14,concrete_noun,9,310,2,NA,2.6,2,0
16602620,15,concrete_noun,3,384,2,NA,2.6,2,0
16602620,16,abstract_noun,6,39,2,NA,2.6,2,0
16602620,17,abstract_noun,2,59,2,NA,2.6,2,0
16602620,18,abstract_noun,5,72,0,NA,2.6,2,0
16602620,19,abstract_noun,5,83,2,NA,2.6,2,0
16602620,20,abstract_noun,3,84,2,NA,2.6,2,0
16602620,21,abstract_noun,4,85,0,NA,2.6,2,0
16602620,22,abstract_noun,5,89,2,NA,2.6,2,0
16602620,23,abstract_noun,6,115,2,NA,2.6,2,0
16602620,24,abstract_noun,5,126,2,NA,2.6,2,0
16602620,25,abstract_noun,4,127,2,NA,2.6,2,0
16602620,26,abstract_noun,5,132,2,NA,2.6,2,0
16602620,27,abstract_noun,9,142,2,NA,2.6,2,0
16602620,28,abstract_noun,6,278,2,NA,2.6,2,0
16602620,29,abstract_noun,5,381,2,NA,2.6,2,0
16602620,30,abstract_noun,4,456,2,NA,2.6,2,0
16602620,31,verb,4,17,2,NA,2.6,2,0
16602620,32,verb,4,20,1,NA,2.6,2,0
16602620,33,verb,7,24,0,NA,2.6,2,0
16602620,34,verb,3,33,1,NA,2.6,2,0
16602620,35,verb,5,36,1,NA,2.6,2,0
16602620,36,verb,5,41,0,NA,2.6,2,0
16602620,37,verb,4,76,2,NA,2.6,2,0
16602620,38,verb,4,88,0,NA,2.6,2,0
16602620,39,verb,6,101,2,NA,2.6,2,0
16602620,40,verb,4,119,0,NA,2.6,2,0
16602620,41,verb,5,133,NA,NA,2.6,2,0
16602620,42,verb,4,136,0,NA,2.6,2,0
16602620,43,verb,7,140,2,NA,2.6,2,0
16602620,44,verb,5,163,2,NA,2.6,2,0
16602620,45,verb,7,203,2,NA,2.6,2,0
16602620,46,adjective,5,80,2,NA,2.6,2,0
16602620,47,adjective,2,98,2,NA,2.6,2,0
16602620,48,adjective,2,121,1,NA,2.6,2,0
16602620,49,adjective,4,137,2,NA,2.6,2,0
16602620,50,adjective,3,154,2,NA,2.6,2,0
16602620,51,adjective,6,212,1,NA,2.6,2,0
16602620,52,adjective,4,305,2,NA,2.6,2,0
16602620,53,adjective,5,315,2,NA,2.6,2,0
16602620,54,adjective,6,339,0,NA,2.6,2,0
16602620,55,adjective,3,364,2,NA,2.6,2,0
16602620,56,adjective,5,370,2,NA,2.6,2,0
16602620,57,adjective,7,407,2,NA,2.6,2,0
16602620,58,adjective,4,432,2,NA,2.6,2,0
16602620,59,adjective,3,461,1,NA,2.6,2,0
16602620,60,adjective,4,706,2,NA,2.6,2,0
16602621,1,concrete_noun,5,79,2,NA,1.6,3.5,0
16602621,2,concrete_noun,4,92,2,NA,1.6,3.5,0
16602621,3,concrete_noun,5,107,2,NA,1.6,3.5,0
16602621,4,concrete_noun,7,139,2,NA,1.6,3.5,0
16602621,5,concrete_noun,4,144,2,NA,1.6,3.5,0
16602621,6,concrete_noun,7,157,2,NA,1.6,3.5,0
16602621,7,concrete_noun,4,158,1,NA,1.6,3.5,0
16602621,8,concrete_noun,5,217,2,NA,1.6,3.5,0
16602621,9,concrete_noun,6,220,1,NA,1.6,3.5,0
16602621,10,concrete_noun,7,238,0,NA,1.6,3.5,0
16602621,11,concrete_noun,5,243,2,NA,1.6,3.5,0
16602621,12,concrete_noun,3,249,1,NA,1.6,3.5,0
16602621,13,concrete_noun,4,258,2,NA,1.6,3.5,0
16602621,14,concrete_noun,9,310,2,NA,1.6,3.5,0
16602621,15,concrete_noun,3,384,2,NA,1.6,3.5,0
16602621,16,abstract_noun,6,39,2,NA,1.6,3.5,0
16602621,17,abstract_noun,2,59,2,NA,1.6,3.5,0
16602621,18,abstract_noun,5,72,NA,NA,1.6,3.5,0
16602621,19,abstract_noun,5,83,2,NA,1.6,3.5,0
16602621,20,abstract_noun,3,84,2,NA,1.6,3.5,0
16602621,21,abstract_noun,4,85,0,NA,1.6,3.5,0
16602621,22,abstract_noun,5,89,2,NA,1.6,3.5,0
16602621,23,abstract_noun,6,115,2,NA,1.6,3.5,0
16602621,24,abstract_noun,5,126,2,NA,1.6,3.5,0
16602621,25,abstract_noun,4,127,2,NA,1.6,3.5,0
16602621,26,abstract_noun,5,132,1,NA,1.6,3.5,0
16602621,27,abstract_noun,9,142,2,NA,1.6,3.5,0
16602621,28,abstract_noun,6,278,2,NA,1.6,3.5,0
16602621,29,abstract_noun,5,381,2,NA,1.6,3.5,0
16602621,30,abstract_noun,4,456,1,NA,1.6,3.5,0
16602621,31,verb,4,17,2,NA,1.6,3.5,0
16602621,32,verb,4,20,2,NA,1.6,3.5,0
16602621,33,verb,7,24,NA,NA,1.6,3.5,0
16602621,34,verb,3,33,2,NA,1.6,3.5,0
16602621,35,verb,5,36,1,NA,1.6,3.5,0
16602621,36,verb,5,41,1,NA,1.6,3.5,0
16602621,37,verb,4,76,NA,NA,1.6,3.5,0
16602621,38,verb,4,88,0,NA,1.6,3.5,0
16602621,39,verb,6,101,1,NA,1.6,3.5,0
16602621,40,verb,4,119,0,NA,1.6,3.5,0
16602621,41,verb,5,133,0,NA,1.6,3.5,0
16602621,42,verb,4,136,0,NA,1.6,3.5,0
16602621,43,verb,7,140,2,NA,1.6,3.5,0
16602621,44,verb,5,163,2,NA,1.6,3.5,0
16602621,45,verb,7,203,NA,NA,1.6,3.5,0
16602621,46,adjective,5,80,2,NA,1.6,3.5,0
16602621,47,adjective,2,98,2,NA,1.6,3.5,0
16602621,48,adjective,2,121,1,NA,1.6,3.5,0
16602621,49,adjective,4,137,2,NA,1.6,3.5,0
16602621,50,adjective,3,154,1,NA,1.6,3.5,0
16602621,51,adjective,6,212,0,NA,1.6,3.5,0
16602621,52,adjective,4,305,2,NA,1.6,3.5,0
16602621,53,adjective,5,315,1,NA,1.6,3.5,0
16602621,54,adjective,6,339,0,NA,1.6,3.5,0
16602621,55,adjective,3,364,2,NA,1.6,3.5,0
16602621,56,adjective,5,370,1,NA,1.6,3.5,0
16602621,57,adjective,7,407,2,NA,1.6,3.5,0
16602621,58,adjective,4,432,2,NA,1.6,3.5,0
16602621,59,adjective,3,461,2,NA,1.6,3.5,0
16602621,60,adjective,4,706,2,NA,1.6,3.5,0
16602622,1,concrete_noun,5,79,1,NA,2,2,0
16602622,2,concrete_noun,4,92,1,NA,2,2,0
16602622,3,concrete_noun,5,107,2,NA,2,2,0
16602622,4,concrete_noun,7,139,2,NA,2,2,0
16602622,5,concrete_noun,4,144,2,NA,2,2,0
16602622,6,concrete_noun,7,157,2,NA,2,2,0
16602622,7,concrete_noun,4,158,2,NA,2,2,0
16602622,8,concrete_noun,5,217,2,NA,2,2,0
16602622,9,concrete_noun,6,220,2,NA,2,2,0
16602622,10,concrete_noun,7,238,2,NA,2,2,0
16602622,11,concrete_noun,5,243,2,NA,2,2,0
16602622,12,concrete_noun,3,249,2,NA,2,2,0
16602622,13,concrete_noun,4,258,1,NA,2,2,0
16602622,14,concrete_noun,9,310,2,NA,2,2,0
16602622,15,concrete_noun,3,384,1,NA,2,2,0
16602622,16,abstract_noun,6,39,1,NA,2,2,0
16602622,17,abstract_noun,2,59,2,NA,2,2,0
16602622,18,abstract_noun,5,72,0,NA,2,2,0
16602622,19,abstract_noun,5,83,2,NA,2,2,0
16602622,20,abstract_noun,3,84,2,NA,2,2,0
16602622,21,abstract_noun,4,85,2,NA,2,2,0
16602622,22,abstract_noun,5,89,0,NA,2,2,0
16602622,23,abstract_noun,6,115,1,NA,2,2,0
16602622,24,abstract_noun,5,126,1,NA,2,2,0
16602622,25,abstract_noun,4,127,1,NA,2,2,0
16602622,26,abstract_noun,5,132,1,NA,2,2,0
16602622,27,abstract_noun,9,142,2,NA,2,2,0
16602622,28,abstract_noun,6,278,2,NA,2,2,0
16602622,29,abstract_noun,5,381,2,NA,2,2,0
16602622,30,abstract_noun,4,456,0,NA,2,2,0
16602622,31,verb,4,17,1,NA,2,2,0
16602622,32,verb,4,20,1,NA,2,2,0
16602622,33,verb,7,24,0,NA,2,2,0
16602622,34,verb,3,33,0,NA,2,2,0
16602622,35,verb,5,36,0,NA,2,2,0
16602622,36,verb,5,41,0,NA,2,2,0
16602622,37,verb,4,76,1,NA,2,2,0
16602622,38,verb,4,88,0,NA,2,2,0
16602622,39,verb,6,101,1,NA,2,2,0
16602622,40,verb,4,119,0,NA,2,2,0
16602622,41,verb,5,133,0,NA,2,2,0
16602622,42,verb,4,136,1,NA,2,2,0
16602622,43,verb,7,140,NA,NA,2,2,0
16602622,44,verb,5,163,2,NA,2,2,0
16602622,45,verb,7,203,0,NA,2,2,0
16602622,46,adjective,5,80,2,NA,2,2,0
16602622,47,adjective,2,98,2,NA,2,2,0
16602622,48,adjective,2,121,2,NA,2,2,0
16602622,49,adjective,4,137,2,NA,2,2,0
16602622,50,adjective,3,154,1,NA,2,2,0
16602622,51,adjective,6,212,0,NA,2,2,0
16602622,52,adjective,4,305,0,NA,2,2,0
16602622,53,adjective,5,315,1,NA,2,2,0
16602622,54,adjective,6,339,2,NA,2,2,0
16602622,55,adjective,3,364,1,NA,2,2,0
16602622,56,adjective,5,370,1,NA,2,2,0
16602622,57,adjective,7,407,0,NA,2,2,0
16602622,58,adjective,4,432,1,NA,2,2,0
16602622,59,adjective,3,461,2,NA,2,2,0
16602622,60,adjective,4,706,1,NA,2,2,0
16602623,1,concrete_noun,5,79,1,NA,3.8,3.5,0
16602623,2,concrete_noun,4,92,2,NA,3.8,3.5,0
16602623,3,concrete_noun,5,107,2,NA,3.8,3.5,0
16602623,4,concrete_noun,7,139,2,NA,3.8,3.5,0
16602623,5,concrete_noun,4,144,2,NA,3.8,3.5,0
16602623,6,concrete_noun,7,157,2,NA,3.8,3.5,0
16602623,7,concrete_noun,4,158,2,NA,3.8,3.5,0
16602623,8,concrete_noun,5,217,2,NA,3.8,3.5,0
16602623,9,concrete_noun,6,220,2,NA,3.8,3.5,0
16602623,10,concrete_noun,7,238,2,NA,3.8,3.5,0
16602623,11,concrete_noun,5,243,2,NA,3.8,3.5,0
16602623,12,concrete_noun,3,249,2,NA,3.8,3.5,0
16602623,13,concrete_noun,4,258,2,NA,3.8,3.5,0
16602623,14,concrete_noun,9,310,2,NA,3.8,3.5,0
16602623,15,concrete_noun,3,384,2,NA,3.8,3.5,0
16602623,16,abstract_noun,6,39,2,NA,3.8,3.5,0
16602623,17,abstract_noun,2,59,2,NA,3.8,3.5,0
16602623,18,abstract_noun,5,72,2,NA,3.8,3.5,0
16602623,19,abstract_noun,5,83,2,NA,3.8,3.5,0
16602623,20,abstract_noun,3,84,2,NA,3.8,3.5,0
16602623,21,abstract_noun,4,85,2,NA,3.8,3.5,0
16602623,22,abstract_noun,5,89,2,NA,3.8,3.5,0
16602623,23,abstract_noun,6,115,2,NA,3.8,3.5,0
16602623,24,abstract_noun,5,126,2,NA,3.8,3.5,0
16602623,25,abstract_noun,4,127,2,NA,3.8,3.5,0
16602623,26,abstract_noun,5,132,NA,NA,3.8,3.5,0
16602623,27,abstract_noun,9,142,2,NA,3.8,3.5,0
16602623,28,abstract_noun,6,278,2,NA,3.8,3.5,0
16602623,29,abstract_noun,5,381,2,NA,3.8,3.5,0
16602623,30,abstract_noun,4,456,2,NA,3.8,3.5,0
16602623,31,verb,4,17,2,NA,3.8,3.5,0
16602623,32,verb,4,20,2,NA,3.8,3.5,0
16602623,33,verb,7,24,1,NA,3.8,3.5,0
16602623,34,verb,3,33,1,NA,3.8,3.5,0
16602623,35,verb,5,36,2,NA,3.8,3.5,0
16602623,36,verb,5,41,1,NA,3.8,3.5,0
16602623,37,verb,4,76,2,NA,3.8,3.5,0
16602623,38,verb,4,88,0,NA,3.8,3.5,0
16602623,39,verb,6,101,2,NA,3.8,3.5,0
16602623,40,verb,4,119,1,NA,3.8,3.5,0
16602623,41,verb,5,133,NA,NA,3.8,3.5,0
16602623,42,verb,4,136,2,NA,3.8,3.5,0
16602623,43,verb,7,140,2,NA,3.8,3.5,0
16602623,44,verb,5,163,2,NA,3.8,3.5,0
16602623,45,verb,7,203,2,NA,3.8,3.5,0
16602623,46,adjective,5,80,2,NA,3.8,3.5,0
16602623,47,adjective,2,98,2,NA,3.8,3.5,0
16602623,48,adjective,2,121,2,NA,3.8,3.5,0
16602623,49,adjective,4,137,2,NA,3.8,3.5,0
16602623,50,adjective,3,154,2,NA,3.8,3.5,0
16602623,51,adjective,6,212,1,NA,3.8,3.5,0
16602623,52,adjective,4,305,2,NA,3.8,3.5,0
16602623,53,adjective,5,315,2,NA,3.8,3.5,0
16602623,54,adjective,6,339,2,NA,3.8,3.5,0
16602623,55,adjective,3,364,2,NA,3.8,3.5,0
16602623,56,adjective,5,370,2,NA,3.8,3.5,0
16602623,57,adjective,7,407,0,NA,3.8,3.5,0
16602623,58,adjective,4,432,2,NA,3.8,3.5,0
16602623,59,adjective,3,461,2,NA,3.8,3.5,0
16602623,60,adjective,4,706,2,NA,3.8,3.5,0
16602624,1,concrete_noun,5,79,2,NA,1.8,1.75,0
16602624,2,concrete_noun,4,92,1,NA,1.8,1.75,0
16602624,3,concrete_noun,5,107,2,NA,1.8,1.75,0
16602624,4,concrete_noun,7,139,2,NA,1.8,1.75,0
16602624,5,concrete_noun,4,144,2,NA,1.8,1.75,0
16602624,6,concrete_noun,7,157,2,NA,1.8,1.75,0
16602624,7,concrete_noun,4,158,2,NA,1.8,1.75,0
16602624,8,concrete_noun,5,217,2,NA,1.8,1.75,0
16602624,9,concrete_noun,6,220,1,NA,1.8,1.75,0
16602624,10,concrete_noun,7,238,2,NA,1.8,1.75,0
16602624,11,concrete_noun,5,243,2,NA,1.8,1.75,0
16602624,12,concrete_noun,3,249,0,NA,1.8,1.75,0
16602624,13,concrete_noun,4,258,2,NA,1.8,1.75,0
16602624,14,concrete_noun,9,310,2,NA,1.8,1.75,0
16602624,15,concrete_noun,3,384,2,NA,1.8,1.75,0
16602624,16,abstract_noun,6,39,2,NA,1.8,1.75,0
16602624,17,abstract_noun,2,59,2,NA,1.8,1.75,0
16602624,18,abstract_noun,5,72,0,NA,1.8,1.75,0
16602624,19,abstract_noun,5,83,2,NA,1.8,1.75,0
16602624,20,abstract_noun,3,84,2,NA,1.8,1.75,0
16602624,21,abstract_noun,4,85,0,NA,1.8,1.75,0
16602624,22,abstract_noun,5,89,2,NA,1.8,1.75,0
16602624,23,abstract_noun,6,115,2,NA,1.8,1.75,0
16602624,24,abstract_noun,5,126,2,NA,1.8,1.75,0
16602624,25,abstract_noun,4,127,1,NA,1.8,1.75,0
16602624,26,abstract_noun,5,132,2,NA,1.8,1.75,0
16602624,27,abstract_noun,9,142,2,NA,1.8,1.75,0
16602624,28,abstract_noun,6,278,2,NA,1.8,1.75,0
16602624,29,abstract_noun,5,381,2,NA,1.8,1.75,0
16602624,30,abstract_noun,4,456,0,NA,1.8,1.75,0
16602624,31,verb,4,17,2,NA,1.8,1.75,0
16602624,32,verb,4,20,1,NA,1.8,1.75,0
16602624,33,verb,7,24,2,NA,1.8,1.75,0
16602624,34,verb,3,33,1,NA,1.8,1.75,0
16602624,35,verb,5,36,NA,NA,1.8,1.75,0
16602624,36,verb,5,41,1,NA,1.8,1.75,0
16602624,37,verb,4,76,1,NA,1.8,1.75,0
16602624,38,verb,4,88,0,NA,1.8,1.75,0
16602624,39,verb,6,101,1,NA,1.8,1.75,0
16602624,40,verb,4,119,0,NA,1.8,1.75,0
16602624,41,verb,5,133,NA,NA,1.8,1.75,0
16602624,42,verb,4,136,0,NA,1.8,1.75,0
16602624,43,verb,7,140,1,NA,1.8,1.75,0
16602624,44,verb,5,163,1,NA,1.8,1.75,0
16602624,45,verb,7,203,1,NA,1.8,1.75,0
16602624,46,adjective,5,80,2,NA,1.8,1.75,0
16602624,47,adjective,2,98,2,NA,1.8,1.75,0
16602624,48,adjective,2,121,2,NA,1.8,1.75,0
16602624,49,adjective,4,137,2,NA,1.8,1.75,0
16602624,50,adjective,3,154,1,NA,1.8,1.75,0
16602624,51,adjective,6,212,1,NA,1.8,1.75,0
16602624,52,adjective,4,305,1,NA,1.8,1.75,0
16602624,53,adjective,5,315,1,NA,1.8,1.75,0
16602624,54,adjective,6,339,0,NA,1.8,1.75,0
16602624,55,adjective,3,364,2,NA,1.8,1.75,0
16602624,56,adjective,5,370,2,NA,1.8,1.75,0
16602624,57,adjective,7,407,0,NA,1.8,1.75,0
16602624,58,adjective,4,432,2,NA,1.8,1.75,0
16602624,59,adjective,3,461,2,NA,1.8,1.75,0
16602624,60,adjective,4,706,2,NA,1.8,1.75,0
16602625,1,concrete_noun,5,79,2,NA,2.8,3.25,0
16602625,2,concrete_noun,4,92,2,NA,2.8,3.25,0
16602625,3,concrete_noun,5,107,2,NA,2.8,3.25,0
16602625,4,concrete_noun,7,139,2,NA,2.8,3.25,0
16602625,5,concrete_noun,4,144,2,NA,2.8,3.25,0
16602625,6,concrete_noun,7,157,2,NA,2.8,3.25,0
16602625,7,concrete_noun,4,158,2,NA,2.8,3.25,0
16602625,8,concrete_noun,5,217,2,NA,2.8,3.25,0
16602625,9,concrete_noun,6,220,2,NA,2.8,3.25,0
16602625,10,concrete_noun,7,238,2,NA,2.8,3.25,0
16602625,11,concrete_noun,5,243,2,NA,2.8,3.25,0
16602625,12,concrete_noun,3,249,2,NA,2.8,3.25,0
16602625,13,concrete_noun,4,258,2,NA,2.8,3.25,0
16602625,14,concrete_noun,9,310,2,NA,2.8,3.25,0
16602625,15,concrete_noun,3,384,2,NA,2.8,3.25,0
16602625,16,abstract_noun,6,39,2,NA,2.8,3.25,0
16602625,17,abstract_noun,2,59,2,NA,2.8,3.25,0
16602625,18,abstract_noun,5,72,2,NA,2.8,3.25,0
16602625,19,abstract_noun,5,83,2,NA,2.8,3.25,0
16602625,20,abstract_noun,3,84,2,NA,2.8,3.25,0
16602625,21,abstract_noun,4,85,0,NA,2.8,3.25,0
16602625,22,abstract_noun,5,89,2,NA,2.8,3.25,0
16602625,23,abstract_noun,6,115,2,NA,2.8,3.25,0
16602625,24,abstract_noun,5,126,2,NA,2.8,3.25,0
16602625,25,abstract_noun,4,127,2,NA,2.8,3.25,0
16602625,26,abstract_noun,5,132,2,NA,2.8,3.25,0
16602625,27,abstract_noun,9,142,2,NA,2.8,3.25,0
16602625,28,abstract_noun,6,278,2,NA,2.8,3.25,0
16602625,29,abstract_noun,5,381,2,NA,2.8,3.25,0
16602625,30,abstract_noun,4,456,2,NA,2.8,3.25,0
16602625,31,verb,4,17,2,NA,2.8,3.25,0
16602625,32,verb,4,20,2,NA,2.8,3.25,0
16602625,33,verb,7,24,2,NA,2.8,3.25,0
16602625,34,verb,3,33,2,NA,2.8,3.25,0
16602625,35,verb,5,36,2,NA,2.8,3.25,0
16602625,36,verb,5,41,1,NA,2.8,3.25,0
16602625,37,verb,4,76,2,NA,2.8,3.25,0
16602625,38,verb,4,88,0,NA,2.8,3.25,0
16602625,39,verb,6,101,2,NA,2.8,3.25,0
16602625,40,verb,4,119,0,NA,2.8,3.25,0
16602625,41,verb,5,133,2,NA,2.8,3.25,0
16602625,42,verb,4,136,2,NA,2.8,3.25,0
16602625,43,verb,7,140,2,NA,2.8,3.25,0
16602625,44,verb,5,163,2,NA,2.8,3.25,0
16602625,45,verb,7,203,2,NA,2.8,3.25,0
16602625,46,adjective,5,80,2,NA,2.8,3.25,0
16602625,47,adjective,2,98,2,NA,2.8,3.25,0
16602625,48,adjective,2,121,1,NA,2.8,3.25,0
16602625,49,adjective,4,137,2,NA,2.8,3.25,0
16602625,50,adjective,3,154,2,NA,2.8,3.25,0
16602625,51,adjective,6,212,1,NA,2.8,3.25,0
16602625,52,adjective,4,305,2,NA,2.8,3.25,0
16602625,53,adjective,5,315,0,NA,2.8,3.25,0
16602625,54,adjective,6,339,2,NA,2.8,3.25,0
16602625,55,adjective,3,364,2,NA,2.8,3.25,0
16602625,56,adjective,5,370,2,NA,2.8,3.25,0
16602625,57,adjective,7,407,1,NA,2.8,3.25,0
16602625,58,adjective,4,432,2,NA,2.8,3.25,0
16602625,59,adjective,3,461,2,NA,2.8,3.25,0
16602625,60,adjective,4,706,2,NA,2.8,3.25,0
16602626,1,concrete_noun,5,79,2,NA,2.4,2.75,0
16602626,2,concrete_noun,4,92,2,NA,2.4,2.75,0
16602626,3,concrete_noun,5,107,2,NA,2.4,2.75,0
16602626,4,concrete_noun,7,139,2,NA,2.4,2.75,0
16602626,5,concrete_noun,4,144,2,NA,2.4,2.75,0
16602626,6,concrete_noun,7,157,2,NA,2.4,2.75,0
16602626,7,concrete_noun,4,158,2,NA,2.4,2.75,0
16602626,8,concrete_noun,5,217,2,NA,2.4,2.75,0
16602626,9,concrete_noun,6,220,2,NA,2.4,2.75,0
16602626,10,concrete_noun,7,238,0,NA,2.4,2.75,0
16602626,11,concrete_noun,5,243,2,NA,2.4,2.75,0
16602626,12,concrete_noun,3,249,2,NA,2.4,2.75,0
16602626,13,concrete_noun,4,258,2,NA,2.4,2.75,0
16602626,14,concrete_noun,9,310,2,NA,2.4,2.75,0
16602626,15,concrete_noun,3,384,2,NA,2.4,2.75,0
16602626,16,abstract_noun,6,39,2,NA,2.4,2.75,0
16602626,17,abstract_noun,2,59,1,NA,2.4,2.75,0
16602626,18,abstract_noun,5,72,NA,NA,2.4,2.75,0
16602626,19,abstract_noun,5,83,2,NA,2.4,2.75,0
16602626,20,abstract_noun,3,84,2,NA,2.4,2.75,0
16602626,21,abstract_noun,4,85,0,NA,2.4,2.75,0
16602626,22,abstract_noun,5,89,2,NA,2.4,2.75,0
16602626,23,abstract_noun,6,115,1,NA,2.4,2.75,0
16602626,24,abstract_noun,5,126,2,NA,2.4,2.75,0
16602626,25,abstract_noun,4,127,0,NA,2.4,2.75,0
16602626,26,abstract_noun,5,132,2,NA,2.4,2.75,0
16602626,27,abstract_noun,9,142,2,NA,2.4,2.75,0
16602626,28,abstract_noun,6,278,2,NA,2.4,2.75,0
16602626,29,abstract_noun,5,381,1,NA,2.4,2.75,0
16602626,30,abstract_noun,4,456,2,NA,2.4,2.75,0
16602626,31,verb,4,17,2,NA,2.4,2.75,0
16602626,32,verb,4,20,1,NA,2.4,2.75,0
16602626,33,verb,7,24,2,NA,2.4,2.75,0
16602626,34,verb,3,33,1,NA,2.4,2.75,0
16602626,35,verb,5,36,1,NA,2.4,2.75,0
16602626,36,verb,5,41,1,NA,2.4,2.75,0
16602626,37,verb,4,76,NA,NA,2.4,2.75,0
16602626,38,verb,4,88,0,NA,2.4,2.75,0
16602626,39,verb,6,101,1,NA,2.4,2.75,0
16602626,40,verb,4,119,0,NA,2.4,2.75,0
16602626,41,verb,5,133,1,NA,2.4,2.75,0
16602626,42,verb,4,136,0,NA,2.4,2.75,0
16602626,43,verb,7,140,2,NA,2.4,2.75,0
16602626,44,verb,5,163,2,NA,2.4,2.75,0
16602626,45,verb,7,203,2,NA,2.4,2.75,0
16602626,46,adjective,5,80,2,NA,2.4,2.75,0
16602626,47,adjective,2,98,2,NA,2.4,2.75,0
16602626,48,adjective,2,121,1,NA,2.4,2.75,0
16602626,49,adjective,4,137,2,NA,2.4,2.75,0
16602626,50,adjective,3,154,2,NA,2.4,2.75,0
16602626,51,adjective,6,212,0,NA,2.4,2.75,0
16602626,52,adjective,4,305,1,NA,2.4,2.75,0
16602626,53,adjective,5,315,1,NA,2.4,2.75,0
16602626,54,adjective,6,339,1,NA,2.4,2.75,0
16602626,55,adjective,3,364,2,NA,2.4,2.75,0
16602626,56,adjective,5,370,1,NA,2.4,2.75,0
16602626,57,adjective,7,407,0,NA,2.4,2.75,0
16602626,58,adjective,4,432,2,NA,2.4,2.75,0
16602626,59,adjective,3,461,0,NA,2.4,2.75,0
16602626,60,adjective,4,706,1,NA,2.4,2.75,0
16602627,1,concrete_noun,5,79,2,NA,2.6,1.25,0
16602627,2,concrete_noun,4,92,2,NA,2.6,1.25,0
16602627,3,concrete_noun,5,107,1,NA,2.6,1.25,0
16602627,4,concrete_noun,7,139,2,NA,2.6,1.25,0
16602627,5,concrete_noun,4,144,2,NA,2.6,1.25,0
16602627,6,concrete_noun,7,157,2,NA,2.6,1.25,0
16602627,7,concrete_noun,4,158,2,NA,2.6,1.25,0
16602627,8,concrete_noun,5,217,2,NA,2.6,1.25,0
16602627,9,concrete_noun,6,220,1,NA,2.6,1.25,0
16602627,10,concrete_noun,7,238,2,NA,2.6,1.25,0
16602627,11,concrete_noun,5,243,2,NA,2.6,1.25,0
16602627,12,concrete_noun,3,249,NA,NA,2.6,1.25,0
16602627,13,concrete_noun,4,258,1,NA,2.6,1.25,0
16602627,14,concrete_noun,9,310,2,NA,2.6,1.25,0
16602627,15,concrete_noun,3,384,2,NA,2.6,1.25,0
16602627,16,abstract_noun,6,39,1,NA,2.6,1.25,0
16602627,17,abstract_noun,2,59,2,NA,2.6,1.25,0
16602627,18,abstract_noun,5,72,0,NA,2.6,1.25,0
16602627,19,abstract_noun,5,83,2,NA,2.6,1.25,0
16602627,20,abstract_noun,3,84,2,NA,2.6,1.25,0
16602627,21,abstract_noun,4,85,0,NA,2.6,1.25,0
16602627,22,abstract_noun,5,89,0,NA,2.6,1.25,0
16602627,23,abstract_noun,6,115,1,NA,2.6,1.25,0
16602627,24,abstract_noun,5,126,2,NA,2.6,1.25,0
16602627,25,abstract_noun,4,127,1,NA,2.6,1.25,0
16602627,26,abstract_noun,5,132,0,NA,2.6,1.25,0
16602627,27,abstract_noun,9,142,2,NA,2.6,1.25,0
16602627,28,abstract_noun,6,278,2,NA,2.6,1.25,0
16602627,29,abstract_noun,5,381,2,NA,2.6,1.25,0
16602627,30,abstract_noun,4,456,2,NA,2.6,1.25,0
16602627,31,verb,4,17,2,NA,2.6,1.25,0
16602627,32,verb,4,20,1,NA,2.6,1.25,0
16602627,33,verb,7,24,1,NA,2.6,1.25,0
16602627,34,verb,3,33,1,NA,2.6,1.25,0
16602627,35,verb,5,36,NA,NA,2.6,1.25,0
16602627,36,verb,5,41,1,NA,2.6,1.25,0
16602627,37,verb,4,76,2,NA,2.6,1.25,0
16602627,38,verb,4,88,0,NA,2.6,1.25,0
16602627,39,verb,6,101,1,NA,2.6,1.25,0
16602627,40,verb,4,119,0,NA,2.6,1.25,0
16602627,41,verb,5,133,0,NA,2.6,1.25,0
16602627,42,verb,4,136,0,NA,2.6,1.25,0
16602627,43,verb,7,140,1,NA,2.6,1.25,0
16602627,44,verb,5,163,1,NA,2.6,1.25,0
16602627,45,verb,7,203,1,NA,2.6,1.25,0
16602627,46,adjective,5,80,0,NA,2.6,1.25,0
16602627,47,adjective,2,98,2,NA,2.6,1.25,0
16602627,48,adjective,2,121,2,NA,2.6,1.25,0
16602627,49,adjective,4,137,0,NA,2.6,1.25,0
16602627,50,adjective,3,154,2,NA,2.6,1.25,0
16602627,51,adjective,6,212,0,NA,2.6,1.25,0
16602627,52,adjective,4,305,1,NA,2.6,1.25,0
16602627,53,adjective,5,315,1,NA,2.6,1.25,0
16602627,54,adjective,6,339,0,NA,2.6,1.25,0
16602627,55,adjective,3,364,0,NA,2.6,1.25,0
16602627,56,adjective,5,370,1,NA,2.6,1.25,0
16602627,57,adjective,7,407,NA,NA,2.6,1.25,0
16602627,58,adjective,4,432,2,NA,2.6,1.25,0
16602627,59,adjective,3,461,2,NA,2.6,1.25,0
16602627,60,adjective,4,706,1,NA,2.6,1.25,0
16602628,1,concrete_noun,5,79,2,NA,3.4,4.75,0
16602628,2,concrete_noun,4,92,2,NA,3.4,4.75,0
16602628,3,concrete_noun,5,107,2,NA,3.4,4.75,0
16602628,4,concrete_noun,7,139,2,NA,3.4,4.75,0
16602628,5,concrete_noun,4,144,2,NA,3.4,4.75,0
16602628,6,concrete_noun,7,157,2,NA,3.4,4.75,0
16602628,7,concrete_noun,4,158,2,NA,3.4,4.75,0
16602628,8,concrete_noun,5,217,2,NA,3.4,4.75,0
16602628,9,concrete_noun,6,220,2,NA,3.4,4.75,0
16602628,10,concrete_noun,7,238,2,NA,3.4,4.75,0
16602628,11,concrete_noun,5,243,2,NA,3.4,4.75,0
16602628,12,concrete_noun,3,249,2,NA,3.4,4.75,0
16602628,13,concrete_noun,4,258,2,NA,3.4,4.75,0
16602628,14,concrete_noun,9,310,2,NA,3.4,4.75,0
16602628,15,concrete_noun,3,384,2,NA,3.4,4.75,0
16602628,16,abstract_noun,6,39,2,NA,3.4,4.75,0
16602628,17,abstract_noun,2,59,2,NA,3.4,4.75,0
16602628,18,abstract_noun,5,72,2,NA,3.4,4.75,0
16602628,19,abstract_noun,5,83,2,NA,3.4,4.75,0
16602628,20,abstract_noun,3,84,2,NA,3.4,4.75,0
16602628,21,abstract_noun,4,85,0,NA,3.4,4.75,0
16602628,22,abstract_noun,5,89,2,NA,3.4,4.75,0
16602628,23,abstract_noun,6,115,2,NA,3.4,4.75,0
16602628,24,abstract_noun,5,126,2,NA,3.4,4.75,0
16602628,25,abstract_noun,4,127,2,NA,3.4,4.75,0
16602628,26,abstract_noun,5,132,2,NA,3.4,4.75,0
16602628,27,abstract_noun,9,142,2,NA,3.4,4.75,0
16602628,28,abstract_noun,6,278,2,NA,3.4,4.75,0
16602628,29,abstract_noun,5,381,2,NA,3.4,4.75,0
16602628,30,abstract_noun,4,456,2,NA,3.4,4.75,0
16602628,31,verb,4,17,2,NA,3.4,4.75,0
16602628,32,verb,4,20,2,NA,3.4,4.75,0
16602628,33,verb,7,24,2,NA,3.4,4.75,0
16602628,34,verb,3,33,1,NA,3.4,4.75,0
16602628,35,verb,5,36,1,NA,3.4,4.75,0
16602628,36,verb,5,41,1,NA,3.4,4.75,0
16602628,37,verb,4,76,0,NA,3.4,4.75,0
16602628,38,verb,4,88,0,NA,3.4,4.75,0
16602628,39,verb,6,101,2,NA,3.4,4.75,0
16602628,40,verb,4,119,1,NA,3.4,4.75,0
16602628,41,verb,5,133,NA,NA,3.4,4.75,0
16602628,42,verb,4,136,1,NA,3.4,4.75,0
16602628,43,verb,7,140,2,NA,3.4,4.75,0
16602628,44,verb,5,163,2,NA,3.4,4.75,0
16602628,45,verb,7,203,1,NA,3.4,4.75,0
16602628,46,adjective,5,80,2,NA,3.4,4.75,0
16602628,47,adjective,2,98,2,NA,3.4,4.75,0
16602628,48,adjective,2,121,2,NA,3.4,4.75,0
16602628,49,adjective,4,137,2,NA,3.4,4.75,0
16602628,50,adjective,3,154,2,NA,3.4,4.75,0
16602628,51,adjective,6,212,1,NA,3.4,4.75,0
16602628,52,adjective,4,305,2,NA,3.4,4.75,0
16602628,53,adjective,5,315,1,NA,3.4,4.75,0
16602628,54,adjective,6,339,2,NA,3.4,4.75,0
16602628,55,adjective,3,364,2,NA,3.4,4.75,0
16602628,56,adjective,5,370,2,NA,3.4,4.75,0
16602628,57,adjective,7,407,0,NA,3.4,4.75,0
16602628,58,adjective,4,432,2,NA,3.4,4.75,0
16602628,59,adjective,3,461,2,NA,3.4,4.75,0
16602628,60,adjective,4,706,2,NA,3.4,4.75,0
16602629,1,concrete_noun,5,79,2,NA,2.6,3.5,0
16602629,2,concrete_noun,4,92,2,NA,2.6,3.5,0
16602629,3,concrete_noun,5,107,2,NA,2.6,3.5,0
16602629,4,concrete_noun,7,139,2,NA,2.6,3.5,0
16602629,5,concrete_noun,4,144,2,NA,2.6,3.5,0
16602629,6,concrete_noun,7,157,2,NA,2.6,3.5,0
16602629,7,concrete_noun,4,158,2,NA,2.6,3.5,0
16602629,8,concrete_noun,5,217,2,NA,2.6,3.5,0
16602629,9,concrete_noun,6,220,2,NA,2.6,3.5,0
16602629,10,concrete_noun,7,238,2,NA,2.6,3.5,0
16602629,11,concrete_noun,5,243,2,NA,2.6,3.5,0
16602629,12,concrete_noun,3,249,2,NA,2.6,3.5,0
16602629,13,concrete_noun,4,258,1,NA,2.6,3.5,0
16602629,14,concrete_noun,9,310,2,NA,2.6,3.5,0
16602629,15,concrete_noun,3,384,2,NA,2.6,3.5,0
16602629,16,abstract_noun,6,39,2,NA,2.6,3.5,0
16602629,17,abstract_noun,2,59,2,NA,2.6,3.5,0
16602629,18,abstract_noun,5,72,0,NA,2.6,3.5,0
16602629,19,abstract_noun,5,83,2,NA,2.6,3.5,0
16602629,20,abstract_noun,3,84,2,NA,2.6,3.5,0
16602629,21,abstract_noun,4,85,2,NA,2.6,3.5,0
16602629,22,abstract_noun,5,89,NA,NA,2.6,3.5,0
16602629,23,abstract_noun,6,115,2,NA,2.6,3.5,0
16602629,24,abstract_noun,5,126,2,NA,2.6,3.5,0
16602629,25,abstract_noun,4,127,1,NA,2.6,3.5,0
16602629,26,abstract_noun,5,132,2,NA,2.6,3.5,0
16602629,27,abstract_noun,9,142,2,NA,2.6,3.5,0
16602629,28,abstract_noun,6,278,1,NA,2.6,3.5,0
16602629,29,abstract_noun,5,381,2,NA,2.6,3.5,0
16602629,30,abstract_noun,4,456,2,NA,2.6,3.5,0
16602629,31,verb,4,17,2,NA,2.6,3.5,0
16602629,32,verb,4,20,2,NA,2.6,3.5,0
16602629,33,verb,7,24,2,NA,2.6,3.5,0
16602629,34,verb,3,33,1,NA,2.6,3.5,0
16602629,35,verb,5,36,NA,NA,2.6,3.5,0
16602629,36,verb,5,41,1,NA,2.6,3.5,0
16602629,37,verb,4,76,2,NA,2.6,3.5,0
16602629,38,verb,4,88,0,NA,2.6,3.5,0
16602629,39,verb,6,101,2,NA,2.6,3.5,0
16602629,40,verb,4,119,0,NA,2.6,3.5,0
16602629,41,verb,5,133,1,NA,2.6,3.5,0
16602629,42,verb,4,136,0,NA,2.6,3.5,0
16602629,43,verb,7,140,2,NA,2.6,3.5,0
16602629,44,verb,5,163,2,NA,2.6,3.5,0
16602629,45,verb,7,203,2,NA,2.6,3.5,0
16602629,46,adjective,5,80,1,NA,2.6,3.5,0
16602629,47,adjective,2,98,2,NA,2.6,3.5,0
16602629,48,adjective,2,121,2,NA,2.6,3.5,0
16602629,49,adjective,4,137,2,NA,2.6,3.5,0
16602629,50,adjective,3,154,2,NA,2.6,3.5,0
16602629,51,adjective,6,212,1,NA,2.6,3.5,0
16602629,52,adjective,4,305,2,NA,2.6,3.5,0
16602629,53,adjective,5,315,1,NA,2.6,3.5,0
16602629,54,adjective,6,339,2,NA,2.6,3.5,0
16602629,55,adjective,3,364,2,NA,2.6,3.5,0
16602629,56,adjective,5,370,1,NA,2.6,3.5,0
16602629,57,adjective,7,407,NA,NA,2.6,3.5,0
16602629,58,adjective,4,432,2,NA,2.6,3.5,0
16602629,59,adjective,3,461,2,NA,2.6,3.5,0
16602629,60,adjective,4,706,2,NA,2.6,3.5,0
16602630,1,concrete_noun,5,79,1,NA,3.2,1.5,0
16602630,2,concrete_noun,4,92,2,NA,3.2,1.5,0
16602630,3,concrete_noun,5,107,2,NA,3.2,1.5,0
16602630,4,concrete_noun,7,139,2,NA,3.2,1.5,0
16602630,5,concrete_noun,4,144,2,NA,3.2,1.5,0
16602630,6,concrete_noun,7,157,2,NA,3.2,1.5,0
16602630,7,concrete_noun,4,158,2,NA,3.2,1.5,0
16602630,8,concrete_noun,5,217,2,NA,3.2,1.5,0
16602630,9,concrete_noun,6,220,2,NA,3.2,1.5,0
16602630,10,concrete_noun,7,238,1,NA,3.2,1.5,0
16602630,11,concrete_noun,5,243,2,NA,3.2,1.5,0
16602630,12,concrete_noun,3,249,2,NA,3.2,1.5,0
16602630,13,concrete_noun,4,258,2,NA,3.2,1.5,0
16602630,14,concrete_noun,9,310,2,NA,3.2,1.5,0
16602630,15,concrete_noun,3,384,2,NA,3.2,1.5,0
16602630,16,abstract_noun,6,39,2,NA,3.2,1.5,0
16602630,17,abstract_noun,2,59,2,NA,3.2,1.5,0
16602630,18,abstract_noun,5,72,2,NA,3.2,1.5,0
16602630,19,abstract_noun,5,83,2,NA,3.2,1.5,0
16602630,20,abstract_noun,3,84,1,NA,3.2,1.5,0
16602630,21,abstract_noun,4,85,2,NA,3.2,1.5,0
16602630,22,abstract_noun,5,89,2,NA,3.2,1.5,0
16602630,23,abstract_noun,6,115,1,NA,3.2,1.5,0
16602630,24,abstract_noun,5,126,2,NA,3.2,1.5,0
16602630,25,abstract_noun,4,127,1,NA,3.2,1.5,0
16602630,26,abstract_noun,5,132,1,NA,3.2,1.5,0
16602630,27,abstract_noun,9,142,2,NA,3.2,1.5,0
16602630,28,abstract_noun,6,278,2,NA,3.2,1.5,0
16602630,29,abstract_noun,5,381,2,NA,3.2,1.5,0
16602630,30,abstract_noun,4,456,2,NA,3.2,1.5,0
16602630,31,verb,4,17,1,NA,3.2,1.5,0
16602630,32,verb,4,20,1,NA,3.2,1.5,0
16602630,33,verb,7,24,0,NA,3.2,1.5,0
16602630,34,verb,3,33,1,NA,3.2,1.5,0
16602630,35,verb,5,36,0,NA,3.2,1.5,0
16602630,36,verb,5,41,0,NA,3.2,1.5,0
16602630,37,verb,4,76,1,NA,3.2,1.5,0
16602630,38,verb,4,88,0,NA,3.2,1.5,0
16602630,39,verb,6,101,1,NA,3.2,1.5,0
16602630,40,verb,4,119,0,NA,3.2,1.5,0
16602630,41,verb,5,133,0,NA,3.2,1.5,0
16602630,42,verb,4,136,0,NA,3.2,1.5,0
16602630,43,verb,7,140,2,NA,3.2,1.5,0
16602630,44,verb,5,163,2,NA,3.2,1.5,0
16602630,45,verb,7,203,1,NA,3.2,1.5,0
16602630,46,adjective,5,80,2,NA,3.2,1.5,0
16602630,47,adjective,2,98,2,NA,3.2,1.5,0
16602630,48,adjective,2,121,1,NA,3.2,1.5,0
16602630,49,adjective,4,137,1,NA,3.2,1.5,0
16602630,50,adjective,3,154,1,NA,3.2,1.5,0
16602630,51,adjective,6,212,0,NA,3.2,1.5,0
16602630,52,adjective,4,305,2,NA,3.2,1.5,0
16602630,53,adjective,5,315,1,NA,3.2,1.5,0
16602630,54,adjective,6,339,2,NA,3.2,1.5,0
16602630,55,adjective,3,364,2,NA,3.2,1.5,0
16602630,56,adjective,5,370,1,NA,3.2,1.5,0
16602630,57,adjective,7,407,0,NA,3.2,1.5,0
16602630,58,adjective,4,432,2,NA,3.2,1.5,0
16602630,59,adjective,3,461,1,NA,3.2,1.5,0
16602630,60,adjective,4,706,1,NA,3.2,1.5,0
16602631,1,concrete_noun,5,79,2,NA,2.2,3.25,0
16602631,2,concrete_noun,4,92,2,NA,2.2,3.25,0
16602631,3,concrete_noun,5,107,2,NA,2.2,3.25,0
16602631,4,concrete_noun,7,139,2,NA,2.2,3.25,0
16602631,5,concrete_noun,4,144,2,NA,2.2,3.25,0
16602631,6,concrete_noun,7,157,2,NA,2.2,3.25,0
16602631,7,concrete_noun,4,158,2,NA,2.2,3.25,0
16602631,8,concrete_noun,5,217,2,NA,2.2,3.25,0
16602631,9,concrete_noun,6,220,2,NA,2.2,3.25,0
16602631,10,concrete_noun,7,238,2,NA,2.2,3.25,0
16602631,11,concrete_noun,5,243,2,NA,2.2,3.25,0
16602631,12,concrete_noun,3,249,1,NA,2.2,3.25,0
16602631,13,concrete_noun,4,258,2,NA,2.2,3.25,0
16602631,14,concrete_noun,9,310,2,NA,2.2,3.25,0
16602631,15,concrete_noun,3,384,2,NA,2.2,3.25,0
16602631,16,abstract_noun,6,39,1,NA,2.2,3.25,0
16602631,17,abstract_noun,2,59,2,NA,2.2,3.25,0
16602631,18,abstract_noun,5,72,2,NA,2.2,3.25,0
16602631,19,abstract_noun,5,83,2,NA,2.2,3.25,0
16602631,20,abstract_noun,3,84,2,NA,2.2,3.25,0
16602631,21,abstract_noun,4,85,0,NA,2.2,3.25,0
16602631,22,abstract_noun,5,89,2,NA,2.2,3.25,0
16602631,23,abstract_noun,6,115,2,NA,2.2,3.25,0
16602631,24,abstract_noun,5,126,2,NA,2.2,3.25,0
16602631,25,abstract_noun,4,127,2,NA,2.2,3.25,0
16602631,26,abstract_noun,5,132,2,NA,2.2,3.25,0
16602631,27,abstract_noun,9,142,2,NA,2.2,3.25,0
16602631,28,abstract_noun,6,278,2,NA,2.2,3.25,0
16602631,29,abstract_noun,5,381,1,NA,2.2,3.25,0
16602631,30,abstract_noun,4,456,1,NA,2.2,3.25,0
16602631,31,verb,4,17,2,NA,2.2,3.25,0
16602631,32,verb,4,20,0,NA,2.2,3.25,0
16602631,33,verb,7,24,1,NA,2.2,3.25,0
16602631,34,verb,3,33,1,NA,2.2,3.25,0
16602631,35,verb,5,36,2,NA,2.2,3.25,0
16602631,36,verb,5,41,1,NA,2.2,3.25,0
16602631,37,verb,4,76,1,NA,2.2,3.25,0
16602631,38,verb,4,88,0,NA,2.2,3.25,0
16602631,39,verb,6,101,2,NA,2.2,3.25,0
16602631,40,verb,4,119,0,NA,2.2,3.25,0
16602631,41,verb,5,133,0,NA,2.2,3.25,0
16602631,42,verb,4,136,0,NA,2.2,3.25,0
16602631,43,verb,7,140,2,NA,2.2,3.25,0
16602631,44,verb,5,163,2,NA,2.2,3.25,0
16602631,45,verb,7,203,2,NA,2.2,3.25,0
16602631,46,adjective,5,80,2,NA,2.2,3.25,0
16602631,47,adjective,2,98,2,NA,2.2,3.25,0
16602631,48,adjective,2,121,2,NA,2.2,3.25,0
16602631,49,adjective,4,137,2,NA,2.2,3.25,0
16602631,50,adjective,3,154,NA,NA,2.2,3.25,0
16602631,51,adjective,6,212,1,NA,2.2,3.25,0
16602631,52,adjective,4,305,1,NA,2.2,3.25,0
16602631,53,adjective,5,315,0,NA,2.2,3.25,0
16602631,54,adjective,6,339,0,NA,2.2,3.25,0
16602631,55,adjective,3,364,2,NA,2.2,3.25,0
16602631,56,adjective,5,370,1,NA,2.2,3.25,0
16602631,57,adjective,7,407,0,NA,2.2,3.25,0
16602631,58,adjective,4,432,1,NA,2.2,3.25,0
16602631,59,adjective,3,461,2,NA,2.2,3.25,0
16602631,60,adjective,4,706,2,NA,2.2,3.25,0
16602633,1,concrete_noun,5,79,2,NA,3.2,3,0
16602633,2,concrete_noun,4,92,2,NA,3.2,3,0
16602633,3,concrete_noun,5,107,2,NA,3.2,3,0
16602633,4,concrete_noun,7,139,2,NA,3.2,3,0
16602633,5,concrete_noun,4,144,2,NA,3.2,3,0
16602633,6,concrete_noun,7,157,2,NA,3.2,3,0
16602633,7,concrete_noun,4,158,2,NA,3.2,3,0
16602633,8,concrete_noun,5,217,2,NA,3.2,3,0
16602633,9,concrete_noun,6,220,2,NA,3.2,3,0
16602633,10,concrete_noun,7,238,1,NA,3.2,3,0
16602633,11,concrete_noun,5,243,2,NA,3.2,3,0
16602633,12,concrete_noun,3,249,2,NA,3.2,3,0
16602633,13,concrete_noun,4,258,2,NA,3.2,3,0
16602633,14,concrete_noun,9,310,2,NA,3.2,3,0
16602633,15,concrete_noun,3,384,2,NA,3.2,3,0
16602633,16,abstract_noun,6,39,2,NA,3.2,3,0
16602633,17,abstract_noun,2,59,2,NA,3.2,3,0
16602633,18,abstract_noun,5,72,NA,NA,3.2,3,0
16602633,19,abstract_noun,5,83,2,NA,3.2,3,0
16602633,20,abstract_noun,3,84,2,NA,3.2,3,0
16602633,21,abstract_noun,4,85,2,NA,3.2,3,0
16602633,22,abstract_noun,5,89,2,NA,3.2,3,0
16602633,23,abstract_noun,6,115,2,NA,3.2,3,0
16602633,24,abstract_noun,5,126,2,NA,3.2,3,0
16602633,25,abstract_noun,4,127,2,NA,3.2,3,0
16602633,26,abstract_noun,5,132,1,NA,3.2,3,0
16602633,27,abstract_noun,9,142,2,NA,3.2,3,0
16602633,28,abstract_noun,6,278,2,NA,3.2,3,0
16602633,29,abstract_noun,5,381,2,NA,3.2,3,0
16602633,30,abstract_noun,4,456,2,NA,3.2,3,0
16602633,31,verb,4,17,2,NA,3.2,3,0
16602633,32,verb,4,20,1,NA,3.2,3,0
16602633,33,verb,7,24,NA,NA,3.2,3,0
16602633,34,verb,3,33,1,NA,3.2,3,0
16602633,35,verb,5,36,NA,NA,3.2,3,0
16602633,36,verb,5,41,1,NA,3.2,3,0
16602633,37,verb,4,76,0,NA,3.2,3,0
16602633,38,verb,4,88,0,NA,3.2,3,0
16602633,39,verb,6,101,2,NA,3.2,3,0
16602633,40,verb,4,119,0,NA,3.2,3,0
16602633,41,verb,5,133,0,NA,3.2,3,0
16602633,42,verb,4,136,2,NA,3.2,3,0
16602633,43,verb,7,140,2,NA,3.2,3,0
16602633,44,verb,5,163,2,NA,3.2,3,0
16602633,45,verb,7,203,1,NA,3.2,3,0
16602633,46,adjective,5,80,2,NA,3.2,3,0
16602633,47,adjective,2,98,2,NA,3.2,3,0
16602633,48,adjective,2,121,2,NA,3.2,3,0
16602633,49,adjective,4,137,2,NA,3.2,3,0
16602633,50,adjective,3,154,2,NA,3.2,3,0
16602633,51,adjective,6,212,NA,NA,3.2,3,0
16602633,52,adjective,4,305,2,NA,3.2,3,0
16602633,53,adjective,5,315,0,NA,3.2,3,0
16602633,54,adjective,6,339,2,NA,3.2,3,0
16602633,55,adjective,3,364,1,NA,3.2,3,0
16602633,56,adjective,5,370,2,NA,3.2,3,0
16602633,57,adjective,7,407,0,NA,3.2,3,0
16602633,58,adjective,4,432,2,NA,3.2,3,0
16602633,59,adjective,3,461,0,NA,3.2,3,0
16602633,60,adjective,4,706,2,NA,3.2,3,0
16602634,1,concrete_noun,5,79,2,NA,3.6,5,0
16602634,2,concrete_noun,4,92,2,NA,3.6,5,0
16602634,3,concrete_noun,5,107,2,NA,3.6,5,0
16602634,4,concrete_noun,7,139,2,NA,3.6,5,0
16602634,5,concrete_noun,4,144,2,NA,3.6,5,0
16602634,6,concrete_noun,7,157,2,NA,3.6,5,0
16602634,7,concrete_noun,4,158,2,NA,3.6,5,0
16602634,8,concrete_noun,5,217,2,NA,3.6,5,0
16602634,9,concrete_noun,6,220,2,NA,3.6,5,0
16602634,10,concrete_noun,7,238,1,NA,3.6,5,0
16602634,11,concrete_noun,5,243,2,NA,3.6,5,0
16602634,12,concrete_noun,3,249,2,NA,3.6,5,0
16602634,13,concrete_noun,4,258,2,NA,3.6,5,0
16602634,14,concrete_noun,9,310,2,NA,3.6,5,0
16602634,15,concrete_noun,3,384,2,NA,3.6,5,0
16602634,16,abstract_noun,6,39,2,NA,3.6,5,0
16602634,17,abstract_noun,2,59,2,NA,3.6,5,0
16602634,18,abstract_noun,5,72,2,NA,3.6,5,0
16602634,19,abstract_noun,5,83,1,NA,3.6,5,0
16602634,20,abstract_noun,3,84,2,NA,3.6,5,0
16602634,21,abstract_noun,4,85,2,NA,3.6,5,0
16602634,22,abstract_noun,5,89,2,NA,3.6,5,0
16602634,23,abstract_noun,6,115,2,NA,3.6,5,0
16602634,24,abstract_noun,5,126,2,NA,3.6,5,0
16602634,25,abstract_noun,4,127,2,NA,3.6,5,0
16602634,26,abstract_noun,5,132,1,NA,3.6,5,0
16602634,27,abstract_noun,9,142,2,NA,3.6,5,0
16602634,28,abstract_noun,6,278,2,NA,3.6,5,0
16602634,29,abstract_noun,5,381,1,NA,3.6,5,0
16602634,30,abstract_noun,4,456,2,NA,3.6,5,0
16602634,31,verb,4,17,2,NA,3.6,5,0
16602634,32,verb,4,20,1,NA,3.6,5,0
16602634,33,verb,7,24,2,NA,3.6,5,0
16602634,34,verb,3,33,0,NA,3.6,5,0
16602634,35,verb,5,36,1,NA,3.6,5,0
16602634,36,verb,5,41,2,NA,3.6,5,0
16602634,37,verb,4,76,1,NA,3.6,5,0
16602634,38,verb,4,88,0,NA,3.6,5,0
16602634,39,verb,6,101,0,NA,3.6,5,0
16602634,40,verb,4,119,0,NA,3.6,5,0
16602634,41,verb,5,133,0,NA,3.6,5,0
16602634,42,verb,4,136,0,NA,3.6,5,0
16602634,43,verb,7,140,2,NA,3.6,5,0
16602634,44,verb,5,163,1,NA,3.6,5,0
16602634,45,verb,7,203,2,NA,3.6,5,0
16602634,46,adjective,5,80,2,NA,3.6,5,0
16602634,47,adjective,2,98,2,NA,3.6,5,0
16602634,48,adjective,2,121,1,NA,3.6,5,0
16602634,49,adjective,4,137,2,NA,3.6,5,0
16602634,50,adjective,3,154,1,NA,3.6,5,0
16602634,51,adjective,6,212,NA,NA,3.6,5,0
16602634,52,adjective,4,305,1,NA,3.6,5,0
16602634,53,adjective,5,315,2,NA,3.6,5,0
16602634,54,adjective,6,339,2,NA,3.6,5,0
16602634,55,adjective,3,364,2,NA,3.6,5,0
16602634,56,adjective,5,370,2,NA,3.6,5,0
16602634,57,adjective,7,407,1,NA,3.6,5,0
16602634,58,adjective,4,432,2,NA,3.6,5,0
16602634,59,adjective,3,461,2,NA,3.6,5,0
16602634,60,adjective,4,706,2,NA,3.6,5,0
16605479,1,concrete_noun,5,79,2,NA,1.8,2.75,0
16605479,2,concrete_noun,4,92,2,NA,1.8,2.75,0
16605479,3,concrete_noun,5,107,2,NA,1.8,2.75,0
16605479,4,concrete_noun,7,139,2,NA,1.8,2.75,0
16605479,5,concrete_noun,4,144,2,NA,1.8,2.75,0
16605479,6,concrete_noun,7,157,1,NA,1.8,2.75,0
16605479,7,concrete_noun,4,158,2,NA,1.8,2.75,0
16605479,8,concrete_noun,5,217,1,NA,1.8,2.75,0
16605479,9,concrete_noun,6,220,1,NA,1.8,2.75,0
16605479,10,concrete_noun,7,238,2,NA,1.8,2.75,0
16605479,11,concrete_noun,5,243,2,NA,1.8,2.75,0
16605479,12,concrete_noun,3,249,2,NA,1.8,2.75,0
16605479,13,concrete_noun,4,258,2,NA,1.8,2.75,0
16605479,14,concrete_noun,9,310,2,NA,1.8,2.75,0
16605479,15,concrete_noun,3,384,2,NA,1.8,2.75,0
16605479,16,abstract_noun,6,39,2,NA,1.8,2.75,0
16605479,17,abstract_noun,2,59,2,NA,1.8,2.75,0
16605479,18,abstract_noun,5,72,0,NA,1.8,2.75,0
16605479,19,abstract_noun,5,83,2,NA,1.8,2.75,0
16605479,20,abstract_noun,3,84,2,NA,1.8,2.75,0
16605479,21,abstract_noun,4,85,2,NA,1.8,2.75,0
16605479,22,abstract_noun,5,89,NA,NA,1.8,2.75,0
16605479,23,abstract_noun,6,115,2,NA,1.8,2.75,0
16605479,24,abstract_noun,5,126,0,NA,1.8,2.75,0
16605479,25,abstract_noun,4,127,0,NA,1.8,2.75,0
16605479,26,abstract_noun,5,132,2,NA,1.8,2.75,0
16605479,27,abstract_noun,9,142,1,NA,1.8,2.75,0
16605479,28,abstract_noun,6,278,2,NA,1.8,2.75,0
16605479,29,abstract_noun,5,381,2,NA,1.8,2.75,0
16605479,30,abstract_noun,4,456,2,NA,1.8,2.75,0
16605479,31,verb,4,17,1,NA,1.8,2.75,0
16605479,32,verb,4,20,1,NA,1.8,2.75,0
16605479,33,verb,7,24,2,NA,1.8,2.75,0
16605479,34,verb,3,33,0,NA,1.8,2.75,0
16605479,35,verb,5,36,1,NA,1.8,2.75,0
16605479,36,verb,5,41,1,NA,1.8,2.75,0
16605479,37,verb,4,76,NA,NA,1.8,2.75,0
16605479,38,verb,4,88,0,NA,1.8,2.75,0
16605479,39,verb,6,101,2,NA,1.8,2.75,0
16605479,40,verb,4,119,0,NA,1.8,2.75,0
16605479,41,verb,5,133,NA,NA,1.8,2.75,0
16605479,42,verb,4,136,2,NA,1.8,2.75,0
16605479,43,verb,7,140,1,NA,1.8,2.75,0
16605479,44,verb,5,163,1,NA,1.8,2.75,0
16605479,45,verb,7,203,0,NA,1.8,2.75,0
16605479,46,adjective,5,80,2,NA,1.8,2.75,0
16605479,47,adjective,2,98,2,NA,1.8,2.75,0
16605479,48,adjective,2,121,2,NA,1.8,2.75,0
16605479,49,adjective,4,137,2,NA,1.8,2.75,0
16605479,50,adjective,3,154,2,NA,1.8,2.75,0
16605479,51,adjective,6,212,0,NA,1.8,2.75,0
16605479,52,adjective,4,305,2,NA,1.8,2.75,0
16605479,53,adjective,5,315,0,NA,1.8,2.75,0
16605479,54,adjective,6,339,0,NA,1.8,2.75,0
16605479,55,adjective,3,364,2,NA,1.8,2.75,0
16605479,56,adjective,5,370,2,NA,1.8,2.75,0
16605479,57,adjective,7,407,1,NA,1.8,2.75,0
16605479,58,adjective,4,432,2,NA,1.8,2.75,0
16605479,59,adjective,3,461,2,NA,1.8,2.75,0
16605479,60,adjective,4,706,2,NA,1.8,2.75,0
16605480,1,concrete_noun,5,79,2,NA,2,2.75,1
16605480,2,concrete_noun,4,92,2,NA,2,2.75,1
16605480,3,concrete_noun,5,107,2,NA,2,2.75,1
16605480,4,concrete_noun,7,139,2,NA,2,2.75,1
16605480,5,concrete_noun,4,144,2,NA,2,2.75,1
16605480,6,concrete_noun,7,157,1,NA,2,2.75,1
16605480,7,concrete_noun,4,158,2,NA,2,2.75,1
16605480,8,concrete_noun,5,217,2,NA,2,2.75,1
16605480,9,concrete_noun,6,220,1,NA,2,2.75,1
16605480,10,concrete_noun,7,238,1,NA,2,2.75,1
16605480,11,concrete_noun,5,243,2,NA,2,2.75,1
16605480,12,concrete_noun,3,249,2,NA,2,2.75,1
16605480,13,concrete_noun,4,258,1,NA,2,2.75,1
16605480,14,concrete_noun,9,310,2,NA,2,2.75,1
16605480,15,concrete_noun,3,384,2,NA,2,2.75,1
16605480,16,abstract_noun,6,39,2,NA,2,2.75,1
16605480,17,abstract_noun,2,59,2,NA,2,2.75,1
16605480,18,abstract_noun,5,72,NA,NA,2,2.75,1
16605480,19,abstract_noun,5,83,2,NA,2,2.75,1
16605480,20,abstract_noun,3,84,1,NA,2,2.75,1
16605480,21,abstract_noun,4,85,0,NA,2,2.75,1
16605480,22,abstract_noun,5,89,0,NA,2,2.75,1
16605480,23,abstract_noun,6,115,2,NA,2,2.75,1
16605480,24,abstract_noun,5,126,2,NA,2,2.75,1
16605480,25,abstract_noun,4,127,1,NA,2,2.75,1
16605480,26,abstract_noun,5,132,0,NA,2,2.75,1
16605480,27,abstract_noun,9,142,2,NA,2,2.75,1
16605480,28,abstract_noun,6,278,1,NA,2,2.75,1
16605480,29,abstract_noun,5,381,1,NA,2,2.75,1
16605480,30,abstract_noun,4,456,1,NA,2,2.75,1
16605480,31,verb,4,17,1,NA,2,2.75,1
16605480,32,verb,4,20,1,NA,2,2.75,1
16605480,33,verb,7,24,1,NA,2,2.75,1
16605480,34,verb,3,33,1,NA,2,2.75,1
16605480,35,verb,5,36,0,NA,2,2.75,1
16605480,36,verb,5,41,0,NA,2,2.75,1
16605480,37,verb,4,76,NA,NA,2,2.75,1
16605480,38,verb,4,88,0,NA,2,2.75,1
16605480,39,verb,6,101,1,NA,2,2.75,1
16605480,40,verb,4,119,0,NA,2,2.75,1
16605480,41,verb,5,133,0,NA,2,2.75,1
16605480,42,verb,4,136,0,NA,2,2.75,1
16605480,43,verb,7,140,2,NA,2,2.75,1
16605480,44,verb,5,163,0,NA,2,2.75,1
16605480,45,verb,7,203,0,NA,2,2.75,1
16605480,46,adjective,5,80,2,NA,2,2.75,1
16605480,47,adjective,2,98,2,NA,2,2.75,1
16605480,48,adjective,2,121,1,NA,2,2.75,1
16605480,49,adjective,4,137,1,NA,2,2.75,1
16605480,50,adjective,3,154,2,NA,2,2.75,1
16605480,51,adjective,6,212,NA,NA,2,2.75,1
16605480,52,adjective,4,305,2,NA,2,2.75,1
16605480,53,adjective,5,315,0,NA,2,2.75,1
16605480,54,adjective,6,339,0,NA,2,2.75,1
16605480,55,adjective,3,364,1,NA,2,2.75,1
16605480,56,adjective,5,370,1,NA,2,2.75,1
16605480,57,adjective,7,407,0,NA,2,2.75,1
16605480,58,adjective,4,432,1,NA,2,2.75,1
16605480,59,adjective,3,461,0,NA,2,2.75,1
16605480,60,adjective,4,706,1,NA,2,2.75,1
16605481,1,concrete_noun,5,79,2,NA,1.8,2.25,0
16605481,2,concrete_noun,4,92,1,NA,1.8,2.25,0
16605481,3,concrete_noun,5,107,2,NA,1.8,2.25,0
16605481,4,concrete_noun,7,139,2,NA,1.8,2.25,0
16605481,5,concrete_noun,4,144,2,NA,1.8,2.25,0
16605481,6,concrete_noun,7,157,2,NA,1.8,2.25,0
16605481,7,concrete_noun,4,158,1,NA,1.8,2.25,0
16605481,8,concrete_noun,5,217,2,NA,1.8,2.25,0
16605481,9,concrete_noun,6,220,2,NA,1.8,2.25,0
16605481,10,concrete_noun,7,238,1,NA,1.8,2.25,0
16605481,11,concrete_noun,5,243,2,NA,1.8,2.25,0
16605481,12,concrete_noun,3,249,2,NA,1.8,2.25,0
16605481,13,concrete_noun,4,258,2,NA,1.8,2.25,0
16605481,14,concrete_noun,9,310,2,NA,1.8,2.25,0
16605481,15,concrete_noun,3,384,2,NA,1.8,2.25,0
16605481,16,abstract_noun,6,39,2,NA,1.8,2.25,0
16605481,17,abstract_noun,2,59,2,NA,1.8,2.25,0
16605481,18,abstract_noun,5,72,0,NA,1.8,2.25,0
16605481,19,abstract_noun,5,83,2,NA,1.8,2.25,0
16605481,20,abstract_noun,3,84,2,NA,1.8,2.25,0
16605481,21,abstract_noun,4,85,1,NA,1.8,2.25,0
16605481,22,abstract_noun,5,89,2,NA,1.8,2.25,0
16605481,23,abstract_noun,6,115,2,NA,1.8,2.25,0
16605481,24,abstract_noun,5,126,2,NA,1.8,2.25,0
16605481,25,abstract_noun,4,127,1,NA,1.8,2.25,0
16605481,26,abstract_noun,5,132,1,NA,1.8,2.25,0
16605481,27,abstract_noun,9,142,2,NA,1.8,2.25,0
16605481,28,abstract_noun,6,278,1,NA,1.8,2.25,0
16605481,29,abstract_noun,5,381,1,NA,1.8,2.25,0
16605481,30,abstract_noun,4,456,1,NA,1.8,2.25,0
16605481,31,verb,4,17,1,NA,1.8,2.25,0
16605481,32,verb,4,20,1,NA,1.8,2.25,0
16605481,33,verb,7,24,1,NA,1.8,2.25,0
16605481,34,verb,3,33,1,NA,1.8,2.25,0
16605481,35,verb,5,36,0,NA,1.8,2.25,0
16605481,36,verb,5,41,0,NA,1.8,2.25,0
16605481,37,verb,4,76,1,NA,1.8,2.25,0
16605481,38,verb,4,88,0,NA,1.8,2.25,0
16605481,39,verb,6,101,1,NA,1.8,2.25,0
16605481,40,verb,4,119,0,NA,1.8,2.25,0
16605481,41,verb,5,133,1,NA,1.8,2.25,0
16605481,42,verb,4,136,0,NA,1.8,2.25,0
16605481,43,verb,7,140,2,NA,1.8,2.25,0
16605481,44,verb,5,163,2,NA,1.8,2.25,0
16605481,45,verb,7,203,0,NA,1.8,2.25,0
16605481,46,adjective,5,80,1,NA,1.8,2.25,0
16605481,47,adjective,2,98,2,NA,1.8,2.25,0
16605481,48,adjective,2,121,2,NA,1.8,2.25,0
16605481,49,adjective,4,137,2,NA,1.8,2.25,0
16605481,50,adjective,3,154,1,NA,1.8,2.25,0
16605481,51,adjective,6,212,0,NA,1.8,2.25,0
16605481,52,adjective,4,305,1,NA,1.8,2.25,0
16605481,53,adjective,5,315,NA,NA,1.8,2.25,0
16605481,54,adjective,6,339,1,NA,1.8,2.25,0
16605481,55,adjective,3,364,1,NA,1.8,2.25,0
16605481,56,adjective,5,370,2,NA,1.8,2.25,0
16605481,57,adjective,7,407,0,NA,1.8,2.25,0
16605481,58,adjective,4,432,1,NA,1.8,2.25,0
16605481,59,adjective,3,461,2,NA,1.8,2.25,0
16605481,60,adjective,4,706,1,NA,1.8,2.25,0
16607208,1,concrete_noun,5,79,2,NA,2.6,4,0
16607208,2,concrete_noun,4,92,2,NA,2.6,4,0
16607208,3,concrete_noun,5,107,2,NA,2.6,4,0
16607208,4,concrete_noun,7,139,2,NA,2.6,4,0
16607208,5,concrete_noun,4,144,2,NA,2.6,4,0
16607208,6,concrete_noun,7,157,2,NA,2.6,4,0
16607208,7,concrete_noun,4,158,2,NA,2.6,4,0
16607208,8,concrete_noun,5,217,2,NA,2.6,4,0
16607208,9,concrete_noun,6,220,2,NA,2.6,4,0
16607208,10,concrete_noun,7,238,2,NA,2.6,4,0
16607208,11,concrete_noun,5,243,2,NA,2.6,4,0
16607208,12,concrete_noun,3,249,2,NA,2.6,4,0
16607208,13,concrete_noun,4,258,2,NA,2.6,4,0
16607208,14,concrete_noun,9,310,2,NA,2.6,4,0
16607208,15,concrete_noun,3,384,2,NA,2.6,4,0
16607208,16,abstract_noun,6,39,2,NA,2.6,4,0
16607208,17,abstract_noun,2,59,2,NA,2.6,4,0
16607208,18,abstract_noun,5,72,2,NA,2.6,4,0
16607208,19,abstract_noun,5,83,2,NA,2.6,4,0
16607208,20,abstract_noun,3,84,2,NA,2.6,4,0
16607208,21,abstract_noun,4,85,NA,NA,2.6,4,0
16607208,22,abstract_noun,5,89,0,NA,2.6,4,0
16607208,23,abstract_noun,6,115,2,NA,2.6,4,0
16607208,24,abstract_noun,5,126,2,NA,2.6,4,0
16607208,25,abstract_noun,4,127,2,NA,2.6,4,0
16607208,26,abstract_noun,5,132,2,NA,2.6,4,0
16607208,27,abstract_noun,9,142,2,NA,2.6,4,0
16607208,28,abstract_noun,6,278,2,NA,2.6,4,0
16607208,29,abstract_noun,5,381,2,NA,2.6,4,0
16607208,30,abstract_noun,4,456,2,NA,2.6,4,0
16607208,31,verb,4,17,2,NA,2.6,4,0
16607208,32,verb,4,20,2,NA,2.6,4,0
16607208,33,verb,7,24,2,NA,2.6,4,0
16607208,34,verb,3,33,2,NA,2.6,4,0
16607208,35,verb,5,36,2,NA,2.6,4,0
16607208,36,verb,5,41,1,NA,2.6,4,0
16607208,37,verb,4,76,2,NA,2.6,4,0
16607208,38,verb,4,88,0,NA,2.6,4,0
16607208,39,verb,6,101,2,NA,2.6,4,0
16607208,40,verb,4,119,1,NA,2.6,4,0
16607208,41,verb,5,133,NA,NA,2.6,4,0
16607208,42,verb,4,136,2,NA,2.6,4,0
16607208,43,verb,7,140,2,NA,2.6,4,0
16607208,44,verb,5,163,2,NA,2.6,4,0
16607208,45,verb,7,203,1,NA,2.6,4,0
16607208,46,adjective,5,80,2,NA,2.6,4,0
16607208,47,adjective,2,98,2,NA,2.6,4,0
16607208,48,adjective,2,121,2,NA,2.6,4,0
16607208,49,adjective,4,137,2,NA,2.6,4,0
16607208,50,adjective,3,154,2,NA,2.6,4,0
16607208,51,adjective,6,212,1,NA,2.6,4,0
16607208,52,adjective,4,305,2,NA,2.6,4,0
16607208,53,adjective,5,315,2,NA,2.6,4,0
16607208,54,adjective,6,339,2,NA,2.6,4,0
16607208,55,adjective,3,364,2,NA,2.6,4,0
16607208,56,adjective,5,370,2,NA,2.6,4,0
16607208,57,adjective,7,407,2,NA,2.6,4,0
16607208,58,adjective,4,432,2,NA,2.6,4,0
16607208,59,adjective,3,461,2,NA,2.6,4,0
16607208,60,adjective,4,706,2,NA,2.6,4,0
16607844,1,concrete_noun,5,79,2,NA,2.8,4,0
16607844,2,concrete_noun,4,92,2,NA,2.8,4,0
16607844,3,concrete_noun,5,107,1,NA,2.8,4,0
16607844,4,concrete_noun,7,139,2,NA,2.8,4,0
16607844,5,concrete_noun,4,144,2,NA,2.8,4,0
16607844,6,concrete_noun,7,157,2,NA,2.8,4,0
16607844,7,concrete_noun,4,158,2,NA,2.8,4,0
16607844,8,concrete_noun,5,217,2,NA,2.8,4,0
16607844,9,concrete_noun,6,220,2,NA,2.8,4,0
16607844,10,concrete_noun,7,238,2,NA,2.8,4,0
16607844,11,concrete_noun,5,243,2,NA,2.8,4,0
16607844,12,concrete_noun,3,249,2,NA,2.8,4,0
16607844,13,concrete_noun,4,258,2,NA,2.8,4,0
16607844,14,concrete_noun,9,310,2,NA,2.8,4,0
16607844,15,concrete_noun,3,384,2,NA,2.8,4,0
16607844,16,abstract_noun,6,39,2,NA,2.8,4,0
16607844,17,abstract_noun,2,59,2,NA,2.8,4,0
16607844,18,abstract_noun,5,72,2,NA,2.8,4,0
16607844,19,abstract_noun,5,83,2,NA,2.8,4,0
16607844,20,abstract_noun,3,84,2,NA,2.8,4,0
16607844,21,abstract_noun,4,85,0,NA,2.8,4,0
16607844,22,abstract_noun,5,89,2,NA,2.8,4,0
16607844,23,abstract_noun,6,115,2,NA,2.8,4,0
16607844,24,abstract_noun,5,126,2,NA,2.8,4,0
16607844,25,abstract_noun,4,127,2,NA,2.8,4,0
16607844,26,abstract_noun,5,132,1,NA,2.8,4,0
16607844,27,abstract_noun,9,142,2,NA,2.8,4,0
16607844,28,abstract_noun,6,278,2,NA,2.8,4,0
16607844,29,abstract_noun,5,381,2,NA,2.8,4,0
16607844,30,abstract_noun,4,456,2,NA,2.8,4,0
16607844,31,verb,4,17,2,NA,2.8,4,0
16607844,32,verb,4,20,1,NA,2.8,4,0
16607844,33,verb,7,24,2,NA,2.8,4,0
16607844,34,verb,3,33,2,NA,2.8,4,0
16607844,35,verb,5,36,1,NA,2.8,4,0
16607844,36,verb,5,41,NA,NA,2.8,4,0
16607844,37,verb,4,76,NA,NA,2.8,4,0
16607844,38,verb,4,88,0,NA,2.8,4,0
16607844,39,verb,6,101,1,NA,2.8,4,0
16607844,40,verb,4,119,0,NA,2.8,4,0
16607844,41,verb,5,133,0,NA,2.8,4,0
16607844,42,verb,4,136,NA,NA,2.8,4,0
16607844,43,verb,7,140,2,NA,2.8,4,0
16607844,44,verb,5,163,2,NA,2.8,4,0
16607844,45,verb,7,203,2,NA,2.8,4,0
16607844,46,adjective,5,80,2,NA,2.8,4,0
16607844,47,adjective,2,98,2,NA,2.8,4,0
16607844,48,adjective,2,121,2,NA,2.8,4,0
16607844,49,adjective,4,137,1,NA,2.8,4,0
16607844,50,adjective,3,154,2,NA,2.8,4,0
16607844,51,adjective,6,212,0,NA,2.8,4,0
16607844,52,adjective,4,305,2,NA,2.8,4,0
16607844,53,adjective,5,315,2,NA,2.8,4,0
16607844,54,adjective,6,339,2,NA,2.8,4,0
16607844,55,adjective,3,364,1,NA,2.8,4,0
16607844,56,adjective,5,370,1,NA,2.8,4,0
16607844,57,adjective,7,407,1,NA,2.8,4,0
16607844,58,adjective,4,432,2,NA,2.8,4,0
16607844,59,adjective,3,461,2,NA,2.8,4,0
16607844,60,adjective,4,706,2,NA,2.8,4,0
16607845,1,concrete_noun,5,79,2,NA,1.8,1,0
16607845,2,concrete_noun,4,92,1,NA,1.8,1,0
16607845,3,concrete_noun,5,107,2,NA,1.8,1,0
16607845,4,concrete_noun,7,139,1,NA,1.8,1,0
16607845,5,concrete_noun,4,144,1,NA,1.8,1,0
16607845,6,concrete_noun,7,157,2,NA,1.8,1,0
16607845,7,concrete_noun,4,158,1,NA,1.8,1,0
16607845,8,concrete_noun,5,217,2,NA,1.8,1,0
16607845,9,concrete_noun,6,220,2,NA,1.8,1,0
16607845,10,concrete_noun,7,238,1,NA,1.8,1,0
16607845,11,concrete_noun,5,243,2,NA,1.8,1,0
16607845,12,concrete_noun,3,249,0,NA,1.8,1,0
16607845,13,concrete_noun,4,258,2,NA,1.8,1,0
16607845,14,concrete_noun,9,310,1,NA,1.8,1,0
16607845,15,concrete_noun,3,384,2,NA,1.8,1,0
16607845,16,abstract_noun,6,39,2,NA,1.8,1,0
16607845,17,abstract_noun,2,59,2,NA,1.8,1,0
16607845,18,abstract_noun,5,72,0,NA,1.8,1,0
16607845,19,abstract_noun,5,83,1,NA,1.8,1,0
16607845,20,abstract_noun,3,84,1,NA,1.8,1,0
16607845,21,abstract_noun,4,85,0,NA,1.8,1,0
16607845,22,abstract_noun,5,89,2,NA,1.8,1,0
16607845,23,abstract_noun,6,115,1,NA,1.8,1,0
16607845,24,abstract_noun,5,126,1,NA,1.8,1,0
16607845,25,abstract_noun,4,127,1,NA,1.8,1,0
16607845,26,abstract_noun,5,132,2,NA,1.8,1,0
16607845,27,abstract_noun,9,142,1,NA,1.8,1,0
16607845,28,abstract_noun,6,278,1,NA,1.8,1,0
16607845,29,abstract_noun,5,381,2,NA,1.8,1,0
16607845,30,abstract_noun,4,456,0,NA,1.8,1,0
16607845,31,verb,4,17,0,NA,1.8,1,0
16607845,32,verb,4,20,2,NA,1.8,1,0
16607845,33,verb,7,24,0,NA,1.8,1,0
16607845,34,verb,3,33,1,NA,1.8,1,0
16607845,35,verb,5,36,0,NA,1.8,1,0
16607845,36,verb,5,41,0,NA,1.8,1,0
16607845,37,verb,4,76,1,NA,1.8,1,0
16607845,38,verb,4,88,0,NA,1.8,1,0
16607845,39,verb,6,101,0,NA,1.8,1,0
16607845,40,verb,4,119,0,NA,1.8,1,0
16607845,41,verb,5,133,NA,NA,1.8,1,0
16607845,42,verb,4,136,0,NA,1.8,1,0
16607845,43,verb,7,140,2,NA,1.8,1,0
16607845,44,verb,5,163,1,NA,1.8,1,0
16607845,45,verb,7,203,0,NA,1.8,1,0
16607845,46,adjective,5,80,2,NA,1.8,1,0
16607845,47,adjective,2,98,NA,NA,1.8,1,0
16607845,48,adjective,2,121,2,NA,1.8,1,0
16607845,49,adjective,4,137,2,NA,1.8,1,0
16607845,50,adjective,3,154,1,NA,1.8,1,0
16607845,51,adjective,6,212,0,NA,1.8,1,0
16607845,52,adjective,4,305,0,NA,1.8,1,0
16607845,53,adjective,5,315,0,NA,1.8,1,0
16607845,54,adjective,6,339,0,NA,1.8,1,0
16607845,55,adjective,3,364,2,NA,1.8,1,0
16607845,56,adjective,5,370,0,NA,1.8,1,0
16607845,57,adjective,7,407,0,NA,1.8,1,0
16607845,58,adjective,4,432,1,NA,1.8,1,0
16607845,59,adjective,3,461,0,NA,1.8,1,0
16607845,60,adjective,4,706,2,NA,1.8,1,0
16607846,1,concrete_noun,5,79,2,NA,2,3.25,0
16607846,2,concrete_noun,4,92,2,NA,2,3.25,0
16607846,3,concrete_noun,5,107,2,NA,2,3.25,0
16607846,4,concrete_noun,7,139,2,NA,2,3.25,0
16607846,5,concrete_noun,4,144,2,NA,2,3.25,0
16607846,6,concrete_noun,7,157,2,NA,2,3.25,0
16607846,7,concrete_noun,4,158,2,NA,2,3.25,0
16607846,8,concrete_noun,5,217,2,NA,2,3.25,0
16607846,9,concrete_noun,6,220,2,NA,2,3.25,0
16607846,10,concrete_noun,7,238,1,NA,2,3.25,0
16607846,11,concrete_noun,5,243,2,NA,2,3.25,0
16607846,12,concrete_noun,3,249,2,NA,2,3.25,0
16607846,13,concrete_noun,4,258,1,NA,2,3.25,0
16607846,14,concrete_noun,9,310,2,NA,2,3.25,0
16607846,15,concrete_noun,3,384,2,NA,2,3.25,0
16607846,16,abstract_noun,6,39,1,NA,2,3.25,0
16607846,17,abstract_noun,2,59,2,NA,2,3.25,0
16607846,18,abstract_noun,5,72,2,NA,2,3.25,0
16607846,19,abstract_noun,5,83,1,NA,2,3.25,0
16607846,20,abstract_noun,3,84,1,NA,2,3.25,0
16607846,21,abstract_noun,4,85,2,NA,2,3.25,0
16607846,22,abstract_noun,5,89,2,NA,2,3.25,0
16607846,23,abstract_noun,6,115,2,NA,2,3.25,0
16607846,24,abstract_noun,5,126,2,NA,2,3.25,0
16607846,25,abstract_noun,4,127,2,NA,2,3.25,0
16607846,26,abstract_noun,5,132,2,NA,2,3.25,0
16607846,27,abstract_noun,9,142,2,NA,2,3.25,0
16607846,28,abstract_noun,6,278,1,NA,2,3.25,0
16607846,29,abstract_noun,5,381,1,NA,2,3.25,0
16607846,30,abstract_noun,4,456,1,NA,2,3.25,0
16607846,31,verb,4,17,1,NA,2,3.25,0
16607846,32,verb,4,20,0,NA,2,3.25,0
16607846,33,verb,7,24,1,NA,2,3.25,0
16607846,34,verb,3,33,0,NA,2,3.25,0
16607846,35,verb,5,36,0,NA,2,3.25,0
16607846,36,verb,5,41,1,NA,2,3.25,0
16607846,37,verb,4,76,1,NA,2,3.25,0
16607846,38,verb,4,88,0,NA,2,3.25,0
16607846,39,verb,6,101,1,NA,2,3.25,0
16607846,40,verb,4,119,0,NA,2,3.25,0
16607846,41,verb,5,133,0,NA,2,3.25,0
16607846,42,verb,4,136,0,NA,2,3.25,0
16607846,43,verb,7,140,2,NA,2,3.25,0
16607846,44,verb,5,163,0,NA,2,3.25,0
16607846,45,verb,7,203,0,NA,2,3.25,0
16607846,46,adjective,5,80,2,NA,2,3.25,0
16607846,47,adjective,2,98,2,NA,2,3.25,0
16607846,48,adjective,2,121,2,NA,2,3.25,0
16607846,49,adjective,4,137,1,NA,2,3.25,0
16607846,50,adjective,3,154,1,NA,2,3.25,0
16607846,51,adjective,6,212,1,NA,2,3.25,0
16607846,52,adjective,4,305,1,NA,2,3.25,0
16607846,53,adjective,5,315,1,NA,2,3.25,0
16607846,54,adjective,6,339,2,NA,2,3.25,0
16607846,55,adjective,3,364,1,NA,2,3.25,0
16607846,56,adjective,5,370,1,NA,2,3.25,0
16607846,57,adjective,7,407,1,NA,2,3.25,0
16607846,58,adjective,4,432,1,NA,2,3.25,0
16607846,59,adjective,3,461,2,NA,2,3.25,0
16607846,60,adjective,4,706,1,NA,2,3.25,0
16609198,1,concrete_noun,5,79,2,NA,1.2,2.25,0
16609198,2,concrete_noun,4,92,1,NA,1.2,2.25,0
16609198,3,concrete_noun,5,107,2,NA,1.2,2.25,0
16609198,4,concrete_noun,7,139,2,NA,1.2,2.25,0
16609198,5,concrete_noun,4,144,2,NA,1.2,2.25,0
16609198,6,concrete_noun,7,157,2,NA,1.2,2.25,0
16609198,7,concrete_noun,4,158,2,NA,1.2,2.25,0
16609198,8,concrete_noun,5,217,2,NA,1.2,2.25,0
16609198,9,concrete_noun,6,220,2,NA,1.2,2.25,0
16609198,10,concrete_noun,7,238,0,NA,1.2,2.25,0
16609198,11,concrete_noun,5,243,2,NA,1.2,2.25,0
16609198,12,concrete_noun,3,249,0,NA,1.2,2.25,0
16609198,13,concrete_noun,4,258,1,NA,1.2,2.25,0
16609198,14,concrete_noun,9,310,2,NA,1.2,2.25,0
16609198,15,concrete_noun,3,384,2,NA,1.2,2.25,0
16609198,16,abstract_noun,6,39,2,NA,1.2,2.25,0
16609198,17,abstract_noun,2,59,2,NA,1.2,2.25,0
16609198,18,abstract_noun,5,72,0,NA,1.2,2.25,0
16609198,19,abstract_noun,5,83,2,NA,1.2,2.25,0
16609198,20,abstract_noun,3,84,1,NA,1.2,2.25,0
16609198,21,abstract_noun,4,85,0,NA,1.2,2.25,0
16609198,22,abstract_noun,5,89,2,NA,1.2,2.25,0
16609198,23,abstract_noun,6,115,1,NA,1.2,2.25,0
16609198,24,abstract_noun,5,126,2,NA,1.2,2.25,0
16609198,25,abstract_noun,4,127,1,NA,1.2,2.25,0
16609198,26,abstract_noun,5,132,0,NA,1.2,2.25,0
16609198,27,abstract_noun,9,142,2,NA,1.2,2.25,0
16609198,28,abstract_noun,6,278,1,NA,1.2,2.25,0
16609198,29,abstract_noun,5,381,2,NA,1.2,2.25,0
16609198,30,abstract_noun,4,456,0,NA,1.2,2.25,0
16609198,31,verb,4,17,0,NA,1.2,2.25,0
16609198,32,verb,4,20,0,NA,1.2,2.25,0
16609198,33,verb,7,24,0,NA,1.2,2.25,0
16609198,34,verb,3,33,1,NA,1.2,2.25,0
16609198,35,verb,5,36,0,NA,1.2,2.25,0
16609198,36,verb,5,41,0,NA,1.2,2.25,0
16609198,37,verb,4,76,1,NA,1.2,2.25,0
16609198,38,verb,4,88,0,NA,1.2,2.25,0
16609198,39,verb,6,101,1,NA,1.2,2.25,0
16609198,40,verb,4,119,0,NA,1.2,2.25,0
16609198,41,verb,5,133,0,NA,1.2,2.25,0
16609198,42,verb,4,136,0,NA,1.2,2.25,0
16609198,43,verb,7,140,2,NA,1.2,2.25,0
16609198,44,verb,5,163,0,NA,1.2,2.25,0
16609198,45,verb,7,203,0,NA,1.2,2.25,0
16609198,46,adjective,5,80,0,NA,1.2,2.25,0
16609198,47,adjective,2,98,2,NA,1.2,2.25,0
16609198,48,adjective,2,121,1,NA,1.2,2.25,0
16609198,49,adjective,4,137,NA,NA,1.2,2.25,0
16609198,50,adjective,3,154,1,NA,1.2,2.25,0
16609198,51,adjective,6,212,0,NA,1.2,2.25,0
16609198,52,adjective,4,305,0,NA,1.2,2.25,0
16609198,53,adjective,5,315,NA,NA,1.2,2.25,0
16609198,54,adjective,6,339,0,NA,1.2,2.25,0
16609198,55,adjective,3,364,1,NA,1.2,2.25,0
16609198,56,adjective,5,370,0,NA,1.2,2.25,0
16609198,57,adjective,7,407,1,NA,1.2,2.25,0
16609198,58,adjective,4,432,1,NA,1.2,2.25,0
16609198,59,adjective,3,461,0,NA,1.2,2.25,0
16609198,60,adjective,4,706,2,NA,1.2,2.25,0
16609199,1,concrete_noun,5,79,2,NA,1.6,2.5,0
16609199,2,concrete_noun,4,92,2,NA,1.6,2.5,0
16609199,3,concrete_noun,5,107,2,NA,1.6,2.5,0
16609199,4,concrete_noun,7,139,2,NA,1.6,2.5,0
16609199,5,concrete_noun,4,144,2,NA,1.6,2.5,0
16609199,6,concrete_noun,7,157,1,NA,1.6,2.5,0
16609199,7,concrete_noun,4,158,2,NA,1.6,2.5,0
16609199,8,concrete_noun,5,217,2,NA,1.6,2.5,0
16609199,9,concrete_noun,6,220,2,NA,1.6,2.5,0
16609199,10,concrete_noun,7,238,2,NA,1.6,2.5,0
16609199,11,concrete_noun,5,243,2,NA,1.6,2.5,0
16609199,12,concrete_noun,3,249,1,NA,1.6,2.5,0
16609199,13,concrete_noun,4,258,2,NA,1.6,2.5,0
16609199,14,concrete_noun,9,310,2,NA,1.6,2.5,0
16609199,15,concrete_noun,3,384,2,NA,1.6,2.5,0
16609199,16,abstract_noun,6,39,0,NA,1.6,2.5,0
16609199,17,abstract_noun,2,59,2,NA,1.6,2.5,0
16609199,18,abstract_noun,5,72,0,NA,1.6,2.5,0
16609199,19,abstract_noun,5,83,2,NA,1.6,2.5,0
16609199,20,abstract_noun,3,84,0,NA,1.6,2.5,0
16609199,21,abstract_noun,4,85,0,NA,1.6,2.5,0
16609199,22,abstract_noun,5,89,0,NA,1.6,2.5,0
16609199,23,abstract_noun,6,115,1,NA,1.6,2.5,0
16609199,24,abstract_noun,5,126,2,NA,1.6,2.5,0
16609199,25,abstract_noun,4,127,1,NA,1.6,2.5,0
16609199,26,abstract_noun,5,132,2,NA,1.6,2.5,0
16609199,27,abstract_noun,9,142,1,NA,1.6,2.5,0
16609199,28,abstract_noun,6,278,2,NA,1.6,2.5,0
16609199,29,abstract_noun,5,381,0,NA,1.6,2.5,0
16609199,30,abstract_noun,4,456,2,NA,1.6,2.5,0
16609199,31,verb,4,17,1,NA,1.6,2.5,0
16609199,32,verb,4,20,NA,NA,1.6,2.5,0
16609199,33,verb,7,24,2,NA,1.6,2.5,0
16609199,34,verb,3,33,1,NA,1.6,2.5,0
16609199,35,verb,5,36,2,NA,1.6,2.5,0
16609199,36,verb,5,41,0,NA,1.6,2.5,0
16609199,37,verb,4,76,0,NA,1.6,2.5,0
16609199,38,verb,4,88,0,NA,1.6,2.5,0
16609199,39,verb,6,101,1,NA,1.6,2.5,0
16609199,40,verb,4,119,0,NA,1.6,2.5,0
16609199,41,verb,5,133,NA,NA,1.6,2.5,0
16609199,42,verb,4,136,0,NA,1.6,2.5,0
16609199,43,verb,7,140,1,NA,1.6,2.5,0
16609199,44,verb,5,163,0,NA,1.6,2.5,0
16609199,45,verb,7,203,0,NA,1.6,2.5,0
16609199,46,adjective,5,80,2,NA,1.6,2.5,0
16609199,47,adjective,2,98,2,NA,1.6,2.5,0
16609199,48,adjective,2,121,1,NA,1.6,2.5,0
16609199,49,adjective,4,137,1,NA,1.6,2.5,0
16609199,50,adjective,3,154,2,NA,1.6,2.5,0
16609199,51,adjective,6,212,0,NA,1.6,2.5,0
16609199,52,adjective,4,305,2,NA,1.6,2.5,0
16609199,53,adjective,5,315,2,NA,1.6,2.5,0
16609199,54,adjective,6,339,2,NA,1.6,2.5,0
16609199,55,adjective,3,364,0,NA,1.6,2.5,0
16609199,56,adjective,5,370,2,NA,1.6,2.5,0
16609199,57,adjective,7,407,2,NA,1.6,2.5,0
16609199,58,adjective,4,432,1,NA,1.6,2.5,0
16609199,59,adjective,3,461,0,NA,1.6,2.5,0
16609199,60,adjective,4,706,1,NA,1.6,2.5,0
16609200,1,concrete_noun,5,79,2,NA,3.2,3.75,0
16609200,2,concrete_noun,4,92,2,NA,3.2,3.75,0
16609200,3,concrete_noun,5,107,2,NA,3.2,3.75,0
16609200,4,concrete_noun,7,139,2,NA,3.2,3.75,0
16609200,5,concrete_noun,4,144,2,NA,3.2,3.75,0
16609200,6,concrete_noun,7,157,2,NA,3.2,3.75,0
16609200,7,concrete_noun,4,158,2,NA,3.2,3.75,0
16609200,8,concrete_noun,5,217,2,NA,3.2,3.75,0
16609200,9,concrete_noun,6,220,2,NA,3.2,3.75,0
16609200,10,concrete_noun,7,238,0,NA,3.2,3.75,0
16609200,11,concrete_noun,5,243,2,NA,3.2,3.75,0
16609200,12,concrete_noun,3,249,2,NA,3.2,3.75,0
16609200,13,concrete_noun,4,258,2,NA,3.2,3.75,0
16609200,14,concrete_noun,9,310,2,NA,3.2,3.75,0
16609200,15,concrete_noun,3,384,2,NA,3.2,3.75,0
16609200,16,abstract_noun,6,39,2,NA,3.2,3.75,0
16609200,17,abstract_noun,2,59,2,NA,3.2,3.75,0
16609200,18,abstract_noun,5,72,0,NA,3.2,3.75,0
16609200,19,abstract_noun,5,83,2,NA,3.2,3.75,0
16609200,20,abstract_noun,3,84,2,NA,3.2,3.75,0
16609200,21,abstract_noun,4,85,2,NA,3.2,3.75,0
16609200,22,abstract_noun,5,89,2,NA,3.2,3.75,0
16609200,23,abstract_noun,6,115,1,NA,3.2,3.75,0
16609200,24,abstract_noun,5,126,1,NA,3.2,3.75,0
16609200,25,abstract_noun,4,127,1,NA,3.2,3.75,0
16609200,26,abstract_noun,5,132,1,NA,3.2,3.75,0
16609200,27,abstract_noun,9,142,2,NA,3.2,3.75,0
16609200,28,abstract_noun,6,278,1,NA,3.2,3.75,0
16609200,29,abstract_noun,5,381,1,NA,3.2,3.75,0
16609200,30,abstract_noun,4,456,2,NA,3.2,3.75,0
16609200,31,verb,4,17,2,NA,3.2,3.75,0
16609200,32,verb,4,20,1,NA,3.2,3.75,0
16609200,33,verb,7,24,0,NA,3.2,3.75,0
16609200,34,verb,3,33,1,NA,3.2,3.75,0
16609200,35,verb,5,36,1,NA,3.2,3.75,0
16609200,36,verb,5,41,0,NA,3.2,3.75,0
16609200,37,verb,4,76,0,NA,3.2,3.75,0
16609200,38,verb,4,88,0,NA,3.2,3.75,0
16609200,39,verb,6,101,2,NA,3.2,3.75,0
16609200,40,verb,4,119,0,NA,3.2,3.75,0
16609200,41,verb,5,133,0,NA,3.2,3.75,0
16609200,42,verb,4,136,0,NA,3.2,3.75,0
16609200,43,verb,7,140,2,NA,3.2,3.75,0
16609200,44,verb,5,163,2,NA,3.2,3.75,0
16609200,45,verb,7,203,1,NA,3.2,3.75,0
16609200,46,adjective,5,80,1,NA,3.2,3.75,0
16609200,47,adjective,2,98,2,NA,3.2,3.75,0
16609200,48,adjective,2,121,2,NA,3.2,3.75,0
16609200,49,adjective,4,137,1,NA,3.2,3.75,0
16609200,50,adjective,3,154,2,NA,3.2,3.75,0
16609200,51,adjective,6,212,NA,NA,3.2,3.75,0
16609200,52,adjective,4,305,2,NA,3.2,3.75,0
16609200,53,adjective,5,315,0,NA,3.2,3.75,0
16609200,54,adjective,6,339,NA,NA,3.2,3.75,0
16609200,55,adjective,3,364,1,NA,3.2,3.75,0
16609200,56,adjective,5,370,2,NA,3.2,3.75,0
16609200,57,adjective,7,407,0,NA,3.2,3.75,0
16609200,58,adjective,4,432,1,NA,3.2,3.75,0
16609200,59,adjective,3,461,1,NA,3.2,3.75,0
16609200,60,adjective,4,706,2,NA,3.2,3.75,0
16609201,1,concrete_noun,5,79,2,NA,1.8,2.75,0
16609201,2,concrete_noun,4,92,NA,NA,1.8,2.75,0
16609201,3,concrete_noun,5,107,2,NA,1.8,2.75,0
16609201,4,concrete_noun,7,139,2,NA,1.8,2.75,0
16609201,5,concrete_noun,4,144,1,NA,1.8,2.75,0
16609201,6,concrete_noun,7,157,NA,NA,1.8,2.75,0
16609201,7,concrete_noun,4,158,1,NA,1.8,2.75,0
16609201,8,concrete_noun,5,217,2,NA,1.8,2.75,0
16609201,9,concrete_noun,6,220,0,NA,1.8,2.75,0
16609201,10,concrete_noun,7,238,0,NA,1.8,2.75,0
16609201,11,concrete_noun,5,243,2,NA,1.8,2.75,0
16609201,12,concrete_noun,3,249,2,NA,1.8,2.75,0
16609201,13,concrete_noun,4,258,1,NA,1.8,2.75,0
16609201,14,concrete_noun,9,310,2,NA,1.8,2.75,0
16609201,15,concrete_noun,3,384,2,NA,1.8,2.75,0
16609201,16,abstract_noun,6,39,2,NA,1.8,2.75,0
16609201,17,abstract_noun,2,59,2,NA,1.8,2.75,0
16609201,18,abstract_noun,5,72,0,NA,1.8,2.75,0
16609201,19,abstract_noun,5,83,2,NA,1.8,2.75,0
16609201,20,abstract_noun,3,84,2,NA,1.8,2.75,0
16609201,21,abstract_noun,4,85,0,NA,1.8,2.75,0
16609201,22,abstract_noun,5,89,0,NA,1.8,2.75,0
16609201,23,abstract_noun,6,115,0,NA,1.8,2.75,0
16609201,24,abstract_noun,5,126,2,NA,1.8,2.75,0
16609201,25,abstract_noun,4,127,0,NA,1.8,2.75,0
16609201,26,abstract_noun,5,132,0,NA,1.8,2.75,0
16609201,27,abstract_noun,9,142,1,NA,1.8,2.75,0
16609201,28,abstract_noun,6,278,2,NA,1.8,2.75,0
16609201,29,abstract_noun,5,381,1,NA,1.8,2.75,0
16609201,30,abstract_noun,4,456,0,NA,1.8,2.75,0
16609201,31,verb,4,17,0,NA,1.8,2.75,0
16609201,32,verb,4,20,0,NA,1.8,2.75,0
16609201,33,verb,7,24,0,NA,1.8,2.75,0
16609201,34,verb,3,33,1,NA,1.8,2.75,0
16609201,35,verb,5,36,1,NA,1.8,2.75,0
16609201,36,verb,5,41,1,NA,1.8,2.75,0
16609201,37,verb,4,76,0,NA,1.8,2.75,0
16609201,38,verb,4,88,0,NA,1.8,2.75,0
16609201,39,verb,6,101,0,NA,1.8,2.75,0
16609201,40,verb,4,119,0,NA,1.8,2.75,0
16609201,41,verb,5,133,1,NA,1.8,2.75,0
16609201,42,verb,4,136,0,NA,1.8,2.75,0
16609201,43,verb,7,140,0,NA,1.8,2.75,0
16609201,44,verb,5,163,2,NA,1.8,2.75,0
16609201,45,verb,7,203,0,NA,1.8,2.75,0
16609201,46,adjective,5,80,2,NA,1.8,2.75,0
16609201,47,adjective,2,98,2,NA,1.8,2.75,0
16609201,48,adjective,2,121,2,NA,1.8,2.75,0
16609201,49,adjective,4,137,2,NA,1.8,2.75,0
16609201,50,adjective,3,154,1,NA,1.8,2.75,0
16609201,51,adjective,6,212,NA,NA,1.8,2.75,0
16609201,52,adjective,4,305,0,NA,1.8,2.75,0
16609201,53,adjective,5,315,0,NA,1.8,2.75,0
16609201,54,adjective,6,339,0,NA,1.8,2.75,0
16609201,55,adjective,3,364,1,NA,1.8,2.75,0
16609201,56,adjective,5,370,NA,NA,1.8,2.75,0
16609201,57,adjective,7,407,0,NA,1.8,2.75,0
16609201,58,adjective,4,432,2,NA,1.8,2.75,0
16609201,59,adjective,3,461,0,NA,1.8,2.75,0
16609201,60,adjective,4,706,1,NA,1.8,2.75,0
16609325,1,concrete_noun,5,79,2,NA,2.2,2.25,0
16609325,2,concrete_noun,4,92,2,NA,2.2,2.25,0
16609325,3,concrete_noun,5,107,2,NA,2.2,2.25,0
16609325,4,concrete_noun,7,139,2,NA,2.2,2.25,0
16609325,5,concrete_noun,4,144,2,NA,2.2,2.25,0
16609325,6,concrete_noun,7,157,2,NA,2.2,2.25,0
16609325,7,concrete_noun,4,158,2,NA,2.2,2.25,0
16609325,8,concrete_noun,5,217,2,NA,2.2,2.25,0
16609325,9,concrete_noun,6,220,2,NA,2.2,2.25,0
16609325,10,concrete_noun,7,238,2,NA,2.2,2.25,0
16609325,11,concrete_noun,5,243,2,NA,2.2,2.25,0
16609325,12,concrete_noun,3,249,0,NA,2.2,2.25,0
16609325,13,concrete_noun,4,258,1,NA,2.2,2.25,0
16609325,14,concrete_noun,9,310,2,NA,2.2,2.25,0
16609325,15,concrete_noun,3,384,2,NA,2.2,2.25,0
16609325,16,abstract_noun,6,39,1,NA,2.2,2.25,0
16609325,17,abstract_noun,2,59,2,NA,2.2,2.25,0
16609325,18,abstract_noun,5,72,2,NA,2.2,2.25,0
16609325,19,abstract_noun,5,83,2,NA,2.2,2.25,0
16609325,20,abstract_noun,3,84,1,NA,2.2,2.25,0
16609325,21,abstract_noun,4,85,0,NA,2.2,2.25,0
16609325,22,abstract_noun,5,89,2,NA,2.2,2.25,0
16609325,23,abstract_noun,6,115,1,NA,2.2,2.25,0
16609325,24,abstract_noun,5,126,2,NA,2.2,2.25,0
16609325,25,abstract_noun,4,127,2,NA,2.2,2.25,0
16609325,26,abstract_noun,5,132,2,NA,2.2,2.25,0
16609325,27,abstract_noun,9,142,2,NA,2.2,2.25,0
16609325,28,abstract_noun,6,278,2,NA,2.2,2.25,0
16609325,29,abstract_noun,5,381,2,NA,2.2,2.25,0
16609325,30,abstract_noun,4,456,2,NA,2.2,2.25,0
16609325,31,verb,4,17,2,NA,2.2,2.25,0
16609325,32,verb,4,20,NA,NA,2.2,2.25,0
16609325,33,verb,7,24,2,NA,2.2,2.25,0
16609325,34,verb,3,33,1,NA,2.2,2.25,0
16609325,35,verb,5,36,NA,NA,2.2,2.25,0
16609325,36,verb,5,41,1,NA,2.2,2.25,0
16609325,37,verb,4,76,1,NA,2.2,2.25,0
16609325,38,verb,4,88,0,NA,2.2,2.25,0
16609325,39,verb,6,101,2,NA,2.2,2.25,0
16609325,40,verb,4,119,0,NA,2.2,2.25,0
16609325,41,verb,5,133,NA,NA,2.2,2.25,0
16609325,42,verb,4,136,1,NA,2.2,2.25,0
16609325,43,verb,7,140,1,NA,2.2,2.25,0
16609325,44,verb,5,163,1,NA,2.2,2.25,0
16609325,45,verb,7,203,2,NA,2.2,2.25,0
16609325,46,adjective,5,80,1,NA,2.2,2.25,0
16609325,47,adjective,2,98,2,NA,2.2,2.25,0
16609325,48,adjective,2,121,2,NA,2.2,2.25,0
16609325,49,adjective,4,137,1,NA,2.2,2.25,0
16609325,50,adjective,3,154,1,NA,2.2,2.25,0
16609325,51,adjective,6,212,NA,NA,2.2,2.25,0
16609325,52,adjective,4,305,2,NA,2.2,2.25,0
16609325,53,adjective,5,315,1,NA,2.2,2.25,0
16609325,54,adjective,6,339,2,NA,2.2,2.25,0
16609325,55,adjective,3,364,2,NA,2.2,2.25,0
16609325,56,adjective,5,370,1,NA,2.2,2.25,0
16609325,57,adjective,7,407,0,NA,2.2,2.25,0
16609325,58,adjective,4,432,2,NA,2.2,2.25,0
16609325,59,adjective,3,461,2,NA,2.2,2.25,0
16609325,60,adjective,4,706,2,NA,2.2,2.25,0
16610590,1,concrete_noun,5,79,2,NA,2.8,2.5,1
16610590,2,concrete_noun,4,92,2,NA,2.8,2.5,1
16610590,3,concrete_noun,5,107,2,NA,2.8,2.5,1
16610590,4,concrete_noun,7,139,2,NA,2.8,2.5,1
16610590,5,concrete_noun,4,144,2,NA,2.8,2.5,1
16610590,6,concrete_noun,7,157,2,NA,2.8,2.5,1
16610590,7,concrete_noun,4,158,2,NA,2.8,2.5,1
16610590,8,concrete_noun,5,217,2,NA,2.8,2.5,1
16610590,9,concrete_noun,6,220,1,NA,2.8,2.5,1
16610590,10,concrete_noun,7,238,2,NA,2.8,2.5,1
16610590,11,concrete_noun,5,243,2,NA,2.8,2.5,1
16610590,12,concrete_noun,3,249,2,NA,2.8,2.5,1
16610590,13,concrete_noun,4,258,2,NA,2.8,2.5,1
16610590,14,concrete_noun,9,310,2,NA,2.8,2.5,1
16610590,15,concrete_noun,3,384,2,NA,2.8,2.5,1
16610590,16,abstract_noun,6,39,2,NA,2.8,2.5,1
16610590,17,abstract_noun,2,59,2,NA,2.8,2.5,1
16610590,18,abstract_noun,5,72,0,NA,2.8,2.5,1
16610590,19,abstract_noun,5,83,2,NA,2.8,2.5,1
16610590,20,abstract_noun,3,84,1,NA,2.8,2.5,1
16610590,21,abstract_noun,4,85,0,NA,2.8,2.5,1
16610590,22,abstract_noun,5,89,2,NA,2.8,2.5,1
16610590,23,abstract_noun,6,115,1,NA,2.8,2.5,1
16610590,24,abstract_noun,5,126,2,NA,2.8,2.5,1
16610590,25,abstract_noun,4,127,1,NA,2.8,2.5,1
16610590,26,abstract_noun,5,132,2,NA,2.8,2.5,1
16610590,27,abstract_noun,9,142,2,NA,2.8,2.5,1
16610590,28,abstract_noun,6,278,2,NA,2.8,2.5,1
16610590,29,abstract_noun,5,381,2,NA,2.8,2.5,1
16610590,30,abstract_noun,4,456,1,NA,2.8,2.5,1
16610590,31,verb,4,17,1,NA,2.8,2.5,1
16610590,32,verb,4,20,0,NA,2.8,2.5,1
16610590,33,verb,7,24,2,NA,2.8,2.5,1
16610590,34,verb,3,33,1,NA,2.8,2.5,1
16610590,35,verb,5,36,0,NA,2.8,2.5,1
16610590,36,verb,5,41,0,NA,2.8,2.5,1
16610590,37,verb,4,76,0,NA,2.8,2.5,1
16610590,38,verb,4,88,0,NA,2.8,2.5,1
16610590,39,verb,6,101,1,NA,2.8,2.5,1
16610590,40,verb,4,119,0,NA,2.8,2.5,1
16610590,41,verb,5,133,0,NA,2.8,2.5,1
16610590,42,verb,4,136,0,NA,2.8,2.5,1
16610590,43,verb,7,140,2,NA,2.8,2.5,1
16610590,44,verb,5,163,2,NA,2.8,2.5,1
16610590,45,verb,7,203,1,NA,2.8,2.5,1
16610590,46,adjective,5,80,1,NA,2.8,2.5,1
16610590,47,adjective,2,98,2,NA,2.8,2.5,1
16610590,48,adjective,2,121,1,NA,2.8,2.5,1
16610590,49,adjective,4,137,1,NA,2.8,2.5,1
16610590,50,adjective,3,154,1,NA,2.8,2.5,1
16610590,51,adjective,6,212,NA,NA,2.8,2.5,1
16610590,52,adjective,4,305,0,NA,2.8,2.5,1
16610590,53,adjective,5,315,NA,NA,2.8,2.5,1
16610590,54,adjective,6,339,0,NA,2.8,2.5,1
16610590,55,adjective,3,364,0,NA,2.8,2.5,1
16610590,56,adjective,5,370,1,NA,2.8,2.5,1
16610590,57,adjective,7,407,0,NA,2.8,2.5,1
16610590,58,adjective,4,432,1,NA,2.8,2.5,1
16610590,59,adjective,3,461,1,NA,2.8,2.5,1
16610590,60,adjective,4,706,2,NA,2.8,2.5,1
16610591,1,concrete_noun,5,79,2,NA,3.6,3.5,0
16610591,2,concrete_noun,4,92,2,NA,3.6,3.5,0
16610591,3,concrete_noun,5,107,2,NA,3.6,3.5,0
16610591,4,concrete_noun,7,139,2,NA,3.6,3.5,0
16610591,5,concrete_noun,4,144,2,NA,3.6,3.5,0
16610591,6,concrete_noun,7,157,2,NA,3.6,3.5,0
16610591,7,concrete_noun,4,158,2,NA,3.6,3.5,0
16610591,8,concrete_noun,5,217,2,NA,3.6,3.5,0
16610591,9,concrete_noun,6,220,2,NA,3.6,3.5,0
16610591,10,concrete_noun,7,238,2,NA,3.6,3.5,0
16610591,11,concrete_noun,5,243,2,NA,3.6,3.5,0
16610591,12,concrete_noun,3,249,2,NA,3.6,3.5,0
16610591,13,concrete_noun,4,258,2,NA,3.6,3.5,0
16610591,14,concrete_noun,9,310,2,NA,3.6,3.5,0
16610591,15,concrete_noun,3,384,2,NA,3.6,3.5,0
16610591,16,abstract_noun,6,39,2,NA,3.6,3.5,0
16610591,17,abstract_noun,2,59,2,NA,3.6,3.5,0
16610591,18,abstract_noun,5,72,2,NA,3.6,3.5,0
16610591,19,abstract_noun,5,83,2,NA,3.6,3.5,0
16610591,20,abstract_noun,3,84,2,NA,3.6,3.5,0
16610591,21,abstract_noun,4,85,2,NA,3.6,3.5,0
16610591,22,abstract_noun,5,89,2,NA,3.6,3.5,0
16610591,23,abstract_noun,6,115,2,NA,3.6,3.5,0
16610591,24,abstract_noun,5,126,2,NA,3.6,3.5,0
16610591,25,abstract_noun,4,127,2,NA,3.6,3.5,0
16610591,26,abstract_noun,5,132,2,NA,3.6,3.5,0
16610591,27,abstract_noun,9,142,2,NA,3.6,3.5,0
16610591,28,abstract_noun,6,278,2,NA,3.6,3.5,0
16610591,29,abstract_noun,5,381,2,NA,3.6,3.5,0
16610591,30,abstract_noun,4,456,2,NA,3.6,3.5,0
16610591,31,verb,4,17,2,NA,3.6,3.5,0
16610591,32,verb,4,20,1,NA,3.6,3.5,0
16610591,33,verb,7,24,0,NA,3.6,3.5,0
16610591,34,verb,3,33,1,NA,3.6,3.5,0
16610591,35,verb,5,36,0,NA,3.6,3.5,0
16610591,36,verb,5,41,0,NA,3.6,3.5,0
16610591,37,verb,4,76,NA,NA,3.6,3.5,0
16610591,38,verb,4,88,0,NA,3.6,3.5,0
16610591,39,verb,6,101,1,NA,3.6,3.5,0
16610591,40,verb,4,119,0,NA,3.6,3.5,0
16610591,41,verb,5,133,0,NA,3.6,3.5,0
16610591,42,verb,4,136,2,NA,3.6,3.5,0
16610591,43,verb,7,140,2,NA,3.6,3.5,0
16610591,44,verb,5,163,2,NA,3.6,3.5,0
16610591,45,verb,7,203,2,NA,3.6,3.5,0
16610591,46,adjective,5,80,2,NA,3.6,3.5,0
16610591,47,adjective,2,98,2,NA,3.6,3.5,0
16610591,48,adjective,2,121,2,NA,3.6,3.5,0
16610591,49,adjective,4,137,2,NA,3.6,3.5,0
16610591,50,adjective,3,154,2,NA,3.6,3.5,0
16610591,51,adjective,6,212,1,NA,3.6,3.5,0
16610591,52,adjective,4,305,2,NA,3.6,3.5,0
16610591,53,adjective,5,315,2,NA,3.6,3.5,0
16610591,54,adjective,6,339,2,NA,3.6,3.5,0
16610591,55,adjective,3,364,2,NA,3.6,3.5,0
16610591,56,adjective,5,370,1,NA,3.6,3.5,0
16610591,57,adjective,7,407,1,NA,3.6,3.5,0
16610591,58,adjective,4,432,2,NA,3.6,3.5,0
16610591,59,adjective,3,461,2,NA,3.6,3.5,0
16610591,60,adjective,4,706,1,NA,3.6,3.5,0
16610592,1,concrete_noun,5,79,1,NA,1.2,1.5,0
16610592,2,concrete_noun,4,92,2,NA,1.2,1.5,0
16610592,3,concrete_noun,5,107,2,NA,1.2,1.5,0
16610592,4,concrete_noun,7,139,2,NA,1.2,1.5,0
16610592,5,concrete_noun,4,144,2,NA,1.2,1.5,0
16610592,6,concrete_noun,7,157,2,NA,1.2,1.5,0
16610592,7,concrete_noun,4,158,2,NA,1.2,1.5,0
16610592,8,concrete_noun,5,217,2,NA,1.2,1.5,0
16610592,9,concrete_noun,6,220,0,NA,1.2,1.5,0
16610592,10,concrete_noun,7,238,0,NA,1.2,1.5,0
16610592,11,concrete_noun,5,243,2,NA,1.2,1.5,0
16610592,12,concrete_noun,3,249,2,NA,1.2,1.5,0
16610592,13,concrete_noun,4,258,2,NA,1.2,1.5,0
16610592,14,concrete_noun,9,310,2,NA,1.2,1.5,0
16610592,15,concrete_noun,3,384,2,NA,1.2,1.5,0
16610592,16,abstract_noun,6,39,1,NA,1.2,1.5,0
16610592,17,abstract_noun,2,59,2,NA,1.2,1.5,0
16610592,18,abstract_noun,5,72,0,NA,1.2,1.5,0
16610592,19,abstract_noun,5,83,1,NA,1.2,1.5,0
16610592,20,abstract_noun,3,84,NA,NA,1.2,1.5,0
16610592,21,abstract_noun,4,85,0,NA,1.2,1.5,0
16610592,22,abstract_noun,5,89,0,NA,1.2,1.5,0
16610592,23,abstract_noun,6,115,0,NA,1.2,1.5,0
16610592,24,abstract_noun,5,126,2,NA,1.2,1.5,0
16610592,25,abstract_noun,4,127,0,NA,1.2,1.5,0
16610592,26,abstract_noun,5,132,2,NA,1.2,1.5,0
16610592,27,abstract_noun,9,142,2,NA,1.2,1.5,0
16610592,28,abstract_noun,6,278,1,NA,1.2,1.5,0
16610592,29,abstract_noun,5,381,2,NA,1.2,1.5,0
16610592,30,abstract_noun,4,456,1,NA,1.2,1.5,0
16610592,31,verb,4,17,0,NA,1.2,1.5,0
16610592,32,verb,4,20,0,NA,1.2,1.5,0
16610592,33,verb,7,24,2,NA,1.2,1.5,0
16610592,34,verb,3,33,0,NA,1.2,1.5,0
16610592,36,verb,5,41,1,NA,1.2,1.5,0
16610592,37,verb,4,76,1,NA,1.2,1.5,0
16610592,38,verb,4,88,0,NA,1.2,1.5,0
16610592,39,verb,6,101,1,NA,1.2,1.5,0
16610592,40,verb,4,119,0,NA,1.2,1.5,0
16610592,41,verb,5,133,1,NA,1.2,1.5,0
16610592,42,verb,4,136,0,NA,1.2,1.5,0
16610592,43,verb,7,140,1,NA,1.2,1.5,0
16610592,44,verb,5,163,1,NA,1.2,1.5,0
16610592,45,verb,7,203,0,NA,1.2,1.5,0
16610592,46,adjective,5,80,2,NA,1.2,1.5,0
16610592,47,adjective,2,98,2,NA,1.2,1.5,0
16610592,48,adjective,2,121,1,NA,1.2,1.5,0
16610592,49,adjective,4,137,2,NA,1.2,1.5,0
16610592,50,adjective,3,154,1,NA,1.2,1.5,0
16610592,51,adjective,6,212,0,NA,1.2,1.5,0
16610592,52,adjective,4,305,0,NA,1.2,1.5,0
16610592,53,adjective,5,315,NA,NA,1.2,1.5,0
16610592,54,adjective,6,339,0,NA,1.2,1.5,0
16610592,55,adjective,3,364,2,NA,1.2,1.5,0
16610592,56,adjective,5,370,NA,NA,1.2,1.5,0
16610592,57,adjective,7,407,0,NA,1.2,1.5,0
16610592,58,adjective,4,432,2,NA,1.2,1.5,0
16610592,59,adjective,3,461,NA,NA,1.2,1.5,0
16610592,60,adjective,4,706,2,NA,1.2,1.5,0
16610593,1,concrete_noun,5,79,2,NA,2,1,0
16610593,2,concrete_noun,4,92,1,NA,2,1,0
16610593,3,concrete_noun,5,107,2,NA,2,1,0
16610593,4,concrete_noun,7,139,2,NA,2,1,0
16610593,5,concrete_noun,4,144,2,NA,2,1,0
16610593,6,concrete_noun,7,157,2,NA,2,1,0
16610593,7,concrete_noun,4,158,2,NA,2,1,0
16610593,8,concrete_noun,5,217,2,NA,2,1,0
16610593,9,concrete_noun,6,220,2,NA,2,1,0
16610593,10,concrete_noun,7,238,1,NA,2,1,0
16610593,11,concrete_noun,5,243,2,NA,2,1,0
16610593,12,concrete_noun,3,249,2,NA,2,1,0
16610593,13,concrete_noun,4,258,2,NA,2,1,0
16610593,14,concrete_noun,9,310,2,NA,2,1,0
16610593,15,concrete_noun,3,384,2,NA,2,1,0
16610593,16,abstract_noun,6,39,2,NA,2,1,0
16610593,17,abstract_noun,2,59,2,NA,2,1,0
16610593,18,abstract_noun,5,72,0,NA,2,1,0
16610593,19,abstract_noun,5,83,2,NA,2,1,0
16610593,20,abstract_noun,3,84,2,NA,2,1,0
16610593,21,abstract_noun,4,85,2,NA,2,1,0
16610593,22,abstract_noun,5,89,2,NA,2,1,0
16610593,23,abstract_noun,6,115,2,NA,2,1,0
16610593,24,abstract_noun,5,126,2,NA,2,1,0
16610593,25,abstract_noun,4,127,2,NA,2,1,0
16610593,26,abstract_noun,5,132,2,NA,2,1,0
16610593,27,abstract_noun,9,142,2,NA,2,1,0
16610593,28,abstract_noun,6,278,2,NA,2,1,0
16610593,29,abstract_noun,5,381,2,NA,2,1,0
16610593,30,abstract_noun,4,456,2,NA,2,1,0
16610593,31,verb,4,17,2,NA,2,1,0
16610593,32,verb,4,20,2,NA,2,1,0
16610593,33,verb,7,24,1,NA,2,1,0
16610593,34,verb,3,33,1,NA,2,1,0
16610593,35,verb,5,36,1,NA,2,1,0
16610593,36,verb,5,41,2,NA,2,1,0
16610593,37,verb,4,76,1,NA,2,1,0
16610593,38,verb,4,88,0,NA,2,1,0
16610593,39,verb,6,101,2,NA,2,1,0
16610593,40,verb,4,119,0,NA,2,1,0
16610593,41,verb,5,133,NA,NA,2,1,0
16610593,42,verb,4,136,2,NA,2,1,0
16610593,43,verb,7,140,2,NA,2,1,0
16610593,44,verb,5,163,2,NA,2,1,0
16610593,45,verb,7,203,2,NA,2,1,0
16610593,46,adjective,5,80,2,NA,2,1,0
16610593,47,adjective,2,98,2,NA,2,1,0
16610593,48,adjective,2,121,2,NA,2,1,0
16610593,49,adjective,4,137,2,NA,2,1,0
16610593,50,adjective,3,154,2,NA,2,1,0
16610593,51,adjective,6,212,NA,NA,2,1,0
16610593,52,adjective,4,305,2,NA,2,1,0
16610593,53,adjective,5,315,2,NA,2,1,0
16610593,54,adjective,6,339,1,NA,2,1,0
16610593,55,adjective,3,364,2,NA,2,1,0
16610593,56,adjective,5,370,1,NA,2,1,0
16610593,57,adjective,7,407,0,NA,2,1,0
16610593,58,adjective,4,432,2,NA,2,1,0
16610593,59,adjective,3,461,2,NA,2,1,0
16610593,60,adjective,4,706,2,NA,2,1,0
16610594,1,concrete_noun,5,79,2,NA,2.6,2.75,0
16610594,2,concrete_noun,4,92,2,NA,2.6,2.75,0
16610594,3,concrete_noun,5,107,2,NA,2.6,2.75,0
16610594,4,concrete_noun,7,139,2,NA,2.6,2.75,0
16610594,5,concrete_noun,4,144,2,NA,2.6,2.75,0
16610594,6,concrete_noun,7,157,2,NA,2.6,2.75,0
16610594,7,concrete_noun,4,158,2,NA,2.6,2.75,0
16610594,8,concrete_noun,5,217,2,NA,2.6,2.75,0
16610594,9,concrete_noun,6,220,2,NA,2.6,2.75,0
16610594,10,concrete_noun,7,238,2,NA,2.6,2.75,0
16610594,11,concrete_noun,5,243,2,NA,2.6,2.75,0
16610594,12,concrete_noun,3,249,2,NA,2.6,2.75,0
16610594,13,concrete_noun,4,258,2,NA,2.6,2.75,0
16610594,14,concrete_noun,9,310,2,NA,2.6,2.75,0
16610594,15,concrete_noun,3,384,2,NA,2.6,2.75,0
16610594,16,abstract_noun,6,39,2,NA,2.6,2.75,0
16610594,17,abstract_noun,2,59,2,NA,2.6,2.75,0
16610594,18,abstract_noun,5,72,2,NA,2.6,2.75,0
16610594,19,abstract_noun,5,83,2,NA,2.6,2.75,0
16610594,20,abstract_noun,3,84,2,NA,2.6,2.75,0
16610594,21,abstract_noun,4,85,2,NA,2.6,2.75,0
16610594,22,abstract_noun,5,89,2,NA,2.6,2.75,0
16610594,23,abstract_noun,6,115,2,NA,2.6,2.75,0
16610594,24,abstract_noun,5,126,2,NA,2.6,2.75,0
16610594,25,abstract_noun,4,127,2,NA,2.6,2.75,0
16610594,26,abstract_noun,5,132,2,NA,2.6,2.75,0
16610594,27,abstract_noun,9,142,2,NA,2.6,2.75,0
16610594,28,abstract_noun,6,278,2,NA,2.6,2.75,0
16610594,29,abstract_noun,5,381,2,NA,2.6,2.75,0
16610594,30,abstract_noun,4,456,2,NA,2.6,2.75,0
16610594,31,verb,4,17,2,NA,2.6,2.75,0
16610594,32,verb,4,20,1,NA,2.6,2.75,0
16610594,33,verb,7,24,2,NA,2.6,2.75,0
16610594,34,verb,3,33,1,NA,2.6,2.75,0
16610594,35,verb,5,36,2,NA,2.6,2.75,0
16610594,36,verb,5,41,2,NA,2.6,2.75,0
16610594,37,verb,4,76,1,NA,2.6,2.75,0
16610594,38,verb,4,88,0,NA,2.6,2.75,0
16610594,39,verb,6,101,2,NA,2.6,2.75,0
16610594,40,verb,4,119,1,NA,2.6,2.75,0
16610594,41,verb,5,133,NA,NA,2.6,2.75,0
16610594,42,verb,4,136,1,NA,2.6,2.75,0
16610594,43,verb,7,140,2,NA,2.6,2.75,0
16610594,44,verb,5,163,2,NA,2.6,2.75,0
16610594,45,verb,7,203,2,NA,2.6,2.75,0
16610594,46,adjective,5,80,2,NA,2.6,2.75,0
16610594,47,adjective,2,98,2,NA,2.6,2.75,0
16610594,48,adjective,2,121,2,NA,2.6,2.75,0
16610594,49,adjective,4,137,2,NA,2.6,2.75,0
16610594,50,adjective,3,154,2,NA,2.6,2.75,0
16610594,51,adjective,6,212,1,NA,2.6,2.75,0
16610594,52,adjective,4,305,2,NA,2.6,2.75,0
16610594,53,adjective,5,315,1,NA,2.6,2.75,0
16610594,54,adjective,6,339,2,NA,2.6,2.75,0
16610594,55,adjective,3,364,2,NA,2.6,2.75,0
16610594,56,adjective,5,370,1,NA,2.6,2.75,0
16610594,57,adjective,7,407,2,NA,2.6,2.75,0
16610594,58,adjective,4,432,2,NA,2.6,2.75,0
16610594,59,adjective,3,461,2,NA,2.6,2.75,0
16610594,60,adjective,4,706,2,NA,2.6,2.75,0
16611805,1,concrete_noun,5,79,2,NA,4.6,5,0
16611805,2,concrete_noun,4,92,2,NA,4.6,5,0
16611805,3,concrete_noun,5,107,2,NA,4.6,5,0
16611805,4,concrete_noun,7,139,2,NA,4.6,5,0
16611805,5,concrete_noun,4,144,2,NA,4.6,5,0
16611805,6,concrete_noun,7,157,1,NA,4.6,5,0
16611805,7,concrete_noun,4,158,2,NA,4.6,5,0
16611805,8,concrete_noun,5,217,2,NA,4.6,5,0
16611805,9,concrete_noun,6,220,1,NA,4.6,5,0
16611805,10,concrete_noun,7,238,2,NA,4.6,5,0
16611805,11,concrete_noun,5,243,2,NA,4.6,5,0
16611805,12,concrete_noun,3,249,NA,NA,4.6,5,0
16611805,13,concrete_noun,4,258,1,NA,4.6,5,0
16611805,14,concrete_noun,9,310,2,NA,4.6,5,0
16611805,15,concrete_noun,3,384,2,NA,4.6,5,0
16611805,16,abstract_noun,6,39,2,NA,4.6,5,0
16611805,17,abstract_noun,2,59,2,NA,4.6,5,0
16611805,18,abstract_noun,5,72,NA,NA,4.6,5,0
16611805,19,abstract_noun,5,83,1,NA,4.6,5,0
16611805,20,abstract_noun,3,84,2,NA,4.6,5,0
16611805,21,abstract_noun,4,85,0,NA,4.6,5,0
16611805,22,abstract_noun,5,89,2,NA,4.6,5,0
16611805,23,abstract_noun,6,115,2,NA,4.6,5,0
16611805,24,abstract_noun,5,126,2,NA,4.6,5,0
16611805,25,abstract_noun,4,127,NA,NA,4.6,5,0
16611805,26,abstract_noun,5,132,0,NA,4.6,5,0
16611805,27,abstract_noun,9,142,2,NA,4.6,5,0
16611805,28,abstract_noun,6,278,2,NA,4.6,5,0
16611805,29,abstract_noun,5,381,2,NA,4.6,5,0
16611805,30,abstract_noun,4,456,2,NA,4.6,5,0
16611805,31,verb,4,17,1,NA,4.6,5,0
16611805,32,verb,4,20,0,NA,4.6,5,0
16611805,33,verb,7,24,0,NA,4.6,5,0
16611805,34,verb,3,33,1,NA,4.6,5,0
16611805,35,verb,5,36,NA,NA,4.6,5,0
16611805,36,verb,5,41,0,NA,4.6,5,0
16611805,37,verb,4,76,1,NA,4.6,5,0
16611805,38,verb,4,88,0,NA,4.6,5,0
16611805,39,verb,6,101,2,NA,4.6,5,0
16611805,40,verb,4,119,0,NA,4.6,5,0
16611805,41,verb,5,133,0,NA,4.6,5,0
16611805,42,verb,4,136,0,NA,4.6,5,0
16611805,43,verb,7,140,2,NA,4.6,5,0
16611805,44,verb,5,163,2,NA,4.6,5,0
16611805,45,verb,7,203,NA,NA,4.6,5,0
16611805,46,adjective,5,80,2,NA,4.6,5,0
16611805,47,adjective,2,98,2,NA,4.6,5,0
16611805,48,adjective,2,121,2,NA,4.6,5,0
16611805,49,adjective,4,137,1,NA,4.6,5,0
16611805,50,adjective,3,154,2,NA,4.6,5,0
16611805,51,adjective,6,212,NA,NA,4.6,5,0
16611805,52,adjective,4,305,0,NA,4.6,5,0
16611805,53,adjective,5,315,NA,NA,4.6,5,0
16611805,54,adjective,6,339,2,NA,4.6,5,0
16611805,55,adjective,3,364,2,NA,4.6,5,0
16611805,56,adjective,5,370,2,NA,4.6,5,0
16611805,57,adjective,7,407,0,NA,4.6,5,0
16611805,58,adjective,4,432,2,NA,4.6,5,0
16611805,59,adjective,3,461,0,NA,4.6,5,0
16611805,60,adjective,4,706,2,NA,4.6,5,0
16626047,1,concrete_noun,5,79,2,NA,2.6,3,0
16626047,2,concrete_noun,4,92,2,NA,2.6,3,0
16626047,3,concrete_noun,5,107,2,NA,2.6,3,0
16626047,4,concrete_noun,7,139,2,NA,2.6,3,0
16626047,5,concrete_noun,4,144,2,NA,2.6,3,0
16626047,6,concrete_noun,7,157,2,NA,2.6,3,0
16626047,7,concrete_noun,4,158,2,NA,2.6,3,0
16626047,8,concrete_noun,5,217,2,NA,2.6,3,0
16626047,9,concrete_noun,6,220,1,NA,2.6,3,0
16626047,10,concrete_noun,7,238,1,NA,2.6,3,0
16626047,11,concrete_noun,5,243,2,NA,2.6,3,0
16626047,12,concrete_noun,3,249,0,NA,2.6,3,0
16626047,13,concrete_noun,4,258,2,NA,2.6,3,0
16626047,14,concrete_noun,9,310,2,NA,2.6,3,0
16626047,15,concrete_noun,3,384,2,NA,2.6,3,0
16626047,16,abstract_noun,6,39,2,NA,2.6,3,0
16626047,17,abstract_noun,2,59,2,NA,2.6,3,0
16626047,18,abstract_noun,5,72,0,NA,2.6,3,0
16626047,19,abstract_noun,5,83,2,NA,2.6,3,0
16626047,20,abstract_noun,3,84,1,NA,2.6,3,0
16626047,21,abstract_noun,4,85,NA,NA,2.6,3,0
16626047,22,abstract_noun,5,89,2,NA,2.6,3,0
16626047,23,abstract_noun,6,115,2,NA,2.6,3,0
16626047,24,abstract_noun,5,126,2,NA,2.6,3,0
16626047,25,abstract_noun,4,127,0,NA,2.6,3,0
16626047,26,abstract_noun,5,132,0,NA,2.6,3,0
16626047,27,abstract_noun,9,142,2,NA,2.6,3,0
16626047,28,abstract_noun,6,278,2,NA,2.6,3,0
16626047,29,abstract_noun,5,381,2,NA,2.6,3,0
16626047,30,abstract_noun,4,456,2,NA,2.6,3,0
16626047,31,verb,4,17,1,NA,2.6,3,0
16626047,32,verb,4,20,0,NA,2.6,3,0
16626047,33,verb,7,24,NA,NA,2.6,3,0
16626047,34,verb,3,33,0,NA,2.6,3,0
16626047,35,verb,5,36,NA,NA,2.6,3,0
16626047,36,verb,5,41,1,NA,2.6,3,0
16626047,37,verb,4,76,1,NA,2.6,3,0
16626047,38,verb,4,88,0,NA,2.6,3,0
16626047,39,verb,6,101,1,NA,2.6,3,0
16626047,40,verb,4,119,0,NA,2.6,3,0
16626047,41,verb,5,133,0,NA,2.6,3,0
16626047,42,verb,4,136,NA,NA,2.6,3,0
16626047,43,verb,7,140,2,NA,2.6,3,0
16626047,44,verb,5,163,2,NA,2.6,3,0
16626047,45,verb,7,203,1,NA,2.6,3,0
16626047,46,adjective,5,80,2,NA,2.6,3,0
16626047,47,adjective,2,98,NA,NA,2.6,3,0
16626047,48,adjective,2,121,2,NA,2.6,3,0
16626047,49,adjective,4,137,2,NA,2.6,3,0
16626047,50,adjective,3,154,0,NA,2.6,3,0
16626047,51,adjective,6,212,NA,NA,2.6,3,0
16626047,52,adjective,4,305,0,NA,2.6,3,0
16626047,53,adjective,5,315,2,NA,2.6,3,0
16626047,54,adjective,6,339,0,NA,2.6,3,0
16626047,55,adjective,3,364,2,NA,2.6,3,0
16626047,56,adjective,5,370,2,NA,2.6,3,0
16626047,57,adjective,7,407,1,NA,2.6,3,0
16626047,58,adjective,4,432,2,NA,2.6,3,0
16626047,59,adjective,3,461,2,NA,2.6,3,0
16626047,60,adjective,4,706,2,NA,2.6,3,0
16630210,1,concrete_noun,5,79,1,NA,2.2,3.5,0
16630210,2,concrete_noun,4,92,2,NA,2.2,3.5,0
16630210,3,concrete_noun,5,107,2,NA,2.2,3.5,0
16630210,4,concrete_noun,7,139,2,NA,2.2,3.5,0
16630210,5,concrete_noun,4,144,2,NA,2.2,3.5,0
16630210,6,concrete_noun,7,157,2,NA,2.2,3.5,0
16630210,7,concrete_noun,4,158,2,NA,2.2,3.5,0
16630210,8,concrete_noun,5,217,2,NA,2.2,3.5,0
16630210,9,concrete_noun,6,220,2,NA,2.2,3.5,0
16630210,10,concrete_noun,7,238,1,NA,2.2,3.5,0
16630210,11,concrete_noun,5,243,2,NA,2.2,3.5,0
16630210,12,concrete_noun,3,249,0,NA,2.2,3.5,0
16630210,13,concrete_noun,4,258,2,NA,2.2,3.5,0
16630210,14,concrete_noun,9,310,2,NA,2.2,3.5,0
16630210,15,concrete_noun,3,384,2,NA,2.2,3.5,0
16630210,16,abstract_noun,6,39,2,NA,2.2,3.5,0
16630210,17,abstract_noun,2,59,2,NA,2.2,3.5,0
16630210,18,abstract_noun,5,72,NA,NA,2.2,3.5,0
16630210,19,abstract_noun,5,83,2,NA,2.2,3.5,0
16630210,20,abstract_noun,3,84,2,NA,2.2,3.5,0
16630210,21,abstract_noun,4,85,1,NA,2.2,3.5,0
16630210,22,abstract_noun,5,89,2,NA,2.2,3.5,0
16630210,23,abstract_noun,6,115,1,NA,2.2,3.5,0
16630210,24,abstract_noun,5,126,1,NA,2.2,3.5,0
16630210,25,abstract_noun,4,127,1,NA,2.2,3.5,0
16630210,26,abstract_noun,5,132,2,NA,2.2,3.5,0
16630210,27,abstract_noun,9,142,0,NA,2.2,3.5,0
16630210,28,abstract_noun,6,278,1,NA,2.2,3.5,0
16630210,29,abstract_noun,5,381,2,NA,2.2,3.5,0
16630210,30,abstract_noun,4,456,1,NA,2.2,3.5,0
16630210,31,verb,4,17,1,NA,2.2,3.5,0
16630210,32,verb,4,20,1,NA,2.2,3.5,0
16630210,33,verb,7,24,1,NA,2.2,3.5,0
16630210,34,verb,3,33,1,NA,2.2,3.5,0
16630210,35,verb,5,36,0,NA,2.2,3.5,0
16630210,36,verb,5,41,NA,NA,2.2,3.5,0
16630210,37,verb,4,76,0,NA,2.2,3.5,0
16630210,38,verb,4,88,0,NA,2.2,3.5,0
16630210,39,verb,6,101,1,NA,2.2,3.5,0
16630210,40,verb,4,119,0,NA,2.2,3.5,0
16630210,41,verb,5,133,0,NA,2.2,3.5,0
16630210,42,verb,4,136,1,NA,2.2,3.5,0
16630210,43,verb,7,140,2,NA,2.2,3.5,0
16630210,44,verb,5,163,2,NA,2.2,3.5,0
16630210,45,verb,7,203,0,NA,2.2,3.5,0
16630210,46,adjective,5,80,1,NA,2.2,3.5,0
16630210,47,adjective,2,98,2,NA,2.2,3.5,0
16630210,48,adjective,2,121,2,NA,2.2,3.5,0
16630210,49,adjective,4,137,2,NA,2.2,3.5,0
16630210,50,adjective,3,154,2,NA,2.2,3.5,0
16630210,51,adjective,6,212,1,NA,2.2,3.5,0
16630210,52,adjective,4,305,2,NA,2.2,3.5,0
16630210,53,adjective,5,315,1,NA,2.2,3.5,0
16630210,54,adjective,6,339,1,NA,2.2,3.5,0
16630210,55,adjective,3,364,1,NA,2.2,3.5,0
16630210,56,adjective,5,370,2,NA,2.2,3.5,0
16630210,57,adjective,7,407,1,NA,2.2,3.5,0
16630210,58,adjective,4,432,2,NA,2.2,3.5,0
16630210,59,adjective,3,461,2,NA,2.2,3.5,0
16630210,60,adjective,4,706,1,NA,2.2,3.5,0
16630537,1,concrete_noun,5,79,1,NA,1.6,1,1
16630537,2,concrete_noun,4,92,2,NA,1.6,1,1
16630537,3,concrete_noun,5,107,2,NA,1.6,1,1
16630537,4,concrete_noun,7,139,2,NA,1.6,1,1
16630537,5,concrete_noun,4,144,2,NA,1.6,1,1
16630537,6,concrete_noun,7,157,0,NA,1.6,1,1
16630537,7,concrete_noun,4,158,1,NA,1.6,1,1
16630537,8,concrete_noun,5,217,2,NA,1.6,1,1
16630537,9,concrete_noun,6,220,NA,NA,1.6,1,1
16630537,10,concrete_noun,7,238,2,NA,1.6,1,1
16630537,11,concrete_noun,5,243,0,NA,1.6,1,1
16630537,12,concrete_noun,3,249,0,NA,1.6,1,1
16630537,13,concrete_noun,4,258,2,NA,1.6,1,1
16630537,14,concrete_noun,9,310,2,NA,1.6,1,1
16630537,15,concrete_noun,3,384,1,NA,1.6,1,1
16630537,16,abstract_noun,6,39,1,NA,1.6,1,1
16630537,17,abstract_noun,2,59,1,NA,1.6,1,1
16630537,18,abstract_noun,5,72,0,NA,1.6,1,1
16630537,19,abstract_noun,5,83,2,NA,1.6,1,1
16630537,20,abstract_noun,3,84,2,NA,1.6,1,1
16630537,21,abstract_noun,4,85,NA,NA,1.6,1,1
16630537,22,abstract_noun,5,89,NA,NA,1.6,1,1
16630537,23,abstract_noun,6,115,1,NA,1.6,1,1
16630537,24,abstract_noun,5,126,1,NA,1.6,1,1
16630537,25,abstract_noun,4,127,NA,NA,1.6,1,1
16630537,26,abstract_noun,5,132,0,NA,1.6,1,1
16630537,27,abstract_noun,9,142,1,NA,1.6,1,1
16630537,28,abstract_noun,6,278,0,NA,1.6,1,1
16630537,29,abstract_noun,5,381,1,NA,1.6,1,1
16630537,30,abstract_noun,4,456,0,NA,1.6,1,1
16630537,31,verb,4,17,0,NA,1.6,1,1
16630537,32,verb,4,20,0,NA,1.6,1,1
16630537,33,verb,7,24,0,NA,1.6,1,1
16630537,34,verb,3,33,0,NA,1.6,1,1
16630537,35,verb,5,36,0,NA,1.6,1,1
16630537,36,verb,5,41,0,NA,1.6,1,1
16630537,37,verb,4,76,0,NA,1.6,1,1
16630537,38,verb,4,88,0,NA,1.6,1,1
16630537,39,verb,6,101,0,NA,1.6,1,1
16630537,40,verb,4,119,0,NA,1.6,1,1
16630537,41,verb,5,133,0,NA,1.6,1,1
16630537,42,verb,4,136,0,NA,1.6,1,1
16630537,43,verb,7,140,1,NA,1.6,1,1
16630537,44,verb,5,163,0,NA,1.6,1,1
16630537,45,verb,7,203,0,NA,1.6,1,1
16630537,46,adjective,5,80,2,NA,1.6,1,1
16630537,47,adjective,2,98,0,NA,1.6,1,1
16630537,48,adjective,2,121,2,NA,1.6,1,1
16630537,49,adjective,4,137,NA,NA,1.6,1,1
16630537,50,adjective,3,154,1,NA,1.6,1,1
16630537,51,adjective,6,212,0,NA,1.6,1,1
16630537,52,adjective,4,305,0,NA,1.6,1,1
16630537,53,adjective,5,315,0,NA,1.6,1,1
16630537,54,adjective,6,339,0,NA,1.6,1,1
16630537,55,adjective,3,364,1,NA,1.6,1,1
16630537,56,adjective,5,370,NA,NA,1.6,1,1
16630537,57,adjective,7,407,2,NA,1.6,1,1
16630537,58,adjective,4,432,1,NA,1.6,1,1
16630537,59,adjective,3,461,0,NA,1.6,1,1
16630537,60,adjective,4,706,1,NA,1.6,1,1
16632056,1,concrete_noun,5,79,2,NA,1.6,1.5,0
16632056,2,concrete_noun,4,92,NA,NA,1.6,1.5,0
16632056,3,concrete_noun,5,107,2,NA,1.6,1.5,0
16632056,4,concrete_noun,7,139,2,NA,1.6,1.5,0
16632056,5,concrete_noun,4,144,2,NA,1.6,1.5,0
16632056,6,concrete_noun,7,157,1,NA,1.6,1.5,0
16632056,7,concrete_noun,4,158,1,NA,1.6,1.5,0
16632056,8,concrete_noun,5,217,2,NA,1.6,1.5,0
16632056,9,concrete_noun,6,220,2,NA,1.6,1.5,0
16632056,10,concrete_noun,7,238,1,NA,1.6,1.5,0
16632056,11,concrete_noun,5,243,2,NA,1.6,1.5,0
16632056,12,concrete_noun,3,249,2,NA,1.6,1.5,0
16632056,13,concrete_noun,4,258,2,NA,1.6,1.5,0
16632056,14,concrete_noun,9,310,2,NA,1.6,1.5,0
16632056,15,concrete_noun,3,384,1,NA,1.6,1.5,0
16632056,16,abstract_noun,6,39,1,NA,1.6,1.5,0
16632056,17,abstract_noun,2,59,1,NA,1.6,1.5,0
16632056,18,abstract_noun,5,72,0,NA,1.6,1.5,0
16632056,19,abstract_noun,5,83,1,NA,1.6,1.5,0
16632056,20,abstract_noun,3,84,1,NA,1.6,1.5,0
16632056,21,abstract_noun,4,85,0,NA,1.6,1.5,0
16632056,22,abstract_noun,5,89,2,NA,1.6,1.5,0
16632056,23,abstract_noun,6,115,2,NA,1.6,1.5,0
16632056,24,abstract_noun,5,126,2,NA,1.6,1.5,0
16632056,25,abstract_noun,4,127,NA,NA,1.6,1.5,0
16632056,26,abstract_noun,5,132,0,NA,1.6,1.5,0
16632056,27,abstract_noun,9,142,2,NA,1.6,1.5,0
16632056,28,abstract_noun,6,278,1,NA,1.6,1.5,0
16632056,29,abstract_noun,5,381,2,NA,1.6,1.5,0
16632056,30,abstract_noun,4,456,0,NA,1.6,1.5,0
16632056,31,verb,4,17,2,NA,1.6,1.5,0
16632056,32,verb,4,20,0,NA,1.6,1.5,0
16632056,33,verb,7,24,0,NA,1.6,1.5,0
16632056,34,verb,3,33,0,NA,1.6,1.5,0
16632056,35,verb,5,36,0,NA,1.6,1.5,0
16632056,36,verb,5,41,0,NA,1.6,1.5,0
16632056,37,verb,4,76,1,NA,1.6,1.5,0
16632056,38,verb,4,88,0,NA,1.6,1.5,0
16632056,39,verb,6,101,1,NA,1.6,1.5,0
16632056,40,verb,4,119,0,NA,1.6,1.5,0
16632056,41,verb,5,133,0,NA,1.6,1.5,0
16632056,42,verb,4,136,0,NA,1.6,1.5,0
16632056,43,verb,7,140,2,NA,1.6,1.5,0
16632056,44,verb,5,163,1,NA,1.6,1.5,0
16632056,45,verb,7,203,0,NA,1.6,1.5,0
16632056,46,adjective,5,80,0,NA,1.6,1.5,0
16632056,47,adjective,2,98,2,NA,1.6,1.5,0
16632056,48,adjective,2,121,2,NA,1.6,1.5,0
16632056,49,adjective,4,137,1,NA,1.6,1.5,0
16632056,50,adjective,3,154,NA,NA,1.6,1.5,0
16632056,51,adjective,6,212,0,NA,1.6,1.5,0
16632056,52,adjective,4,305,0,NA,1.6,1.5,0
16632056,53,adjective,5,315,1,NA,1.6,1.5,0
16632056,54,adjective,6,339,0,NA,1.6,1.5,0
16632056,55,adjective,3,364,0,NA,1.6,1.5,0
16632056,56,adjective,5,370,0,NA,1.6,1.5,0
16632056,57,adjective,7,407,1,NA,1.6,1.5,0
16632056,58,adjective,4,432,2,NA,1.6,1.5,0
16632056,59,adjective,3,461,0,NA,1.6,1.5,0
16632056,60,adjective,4,706,1,NA,1.6,1.5,0
