participant_id,item_id,category,word_length,freq_rank,retention_level,recall_expected_answer,recall_response,recall_correct_gorilla,recognition_expected_answer,recognition_response,recognition_correct_gorilla,proficiency_score,exposure_composite,integrative_motivation_composite,multilingualism_count
16602608,1,concrete_noun,5,79,2,teach,teach,1,NA,NA,NA,80,2,4.25,0
16602608,2,concrete_noun,4,92,1,bean,mná,0,woman,woman,1,80,2,4.25,0
16602608,3,concrete_noun,5,107,2,scoil,scoil,1,NA,NA,NA,80,2,4.25,0
16602608,4,concrete_noun,7,139,2,leabhar,leabhar,1,NA,NA,NA,80,2,4.25,0
16602608,5,concrete_noun,4,144,2,lámh,lámh,1,NA,NA,NA,80,2,4.25,0
16602608,6,concrete_noun,7,157,2,airgead,airgead,1,NA,NA,NA,80,2,4.25,0
16602608,7,concrete_noun,4,158,2,béal,bheal,0,mouth,mouth,1,80,2,4.25,0
16602608,8,concrete_noun,5,217,2,uisce,uisce,1,NA,NA,NA,80,2,4.25,0
16602608,9,concrete_noun,6,220,0,oileán,inis,0,island,NA,0,80,2,4.25,0
16602608,10,concrete_noun,7,238,0,cathair,bhaile,0,city,NA,0,80,2,4.25,0
16602608,11,concrete_noun,5,243,2,doras,doras,1,NA,NA,NA,80,2,4.25,0
16602608,12,concrete_noun,3,249,2,cos,cos,1,NA,NA,NA,80,2,4.25,0
16602608,13,concrete_noun,4,258,2,croí,croí,1,NA,NA,NA,80,2,4.25,0
16602608,14,concrete_noun,9,310,2,múinteoir,muinteoir,1,NA,NA,NA,80,2,4.25,0
16602608,15,concrete_noun,3,384,2,bia,bia,1,NA,NA,NA,80,2,4.25,0
16602608,16,abstract_noun,6,39,2,bliain,bliain,1,NA,NA,NA,80,2,4.25,0
16602608,17,abstract_noun,2,59,2,lá,lá,1,NA,NA,NA,80,2,4.25,0
16602608,18,abstract_noun,5,72,2,taobh,taobh,1,NA,NA,NA,80,2,4.25,0
16602608,19,abstract_noun,5,83,2,scéal,sceal,1,NA,NA,NA,80,2,4.25,0
16602608,20,abstract_noun,3,84,2,tír,tir,1,NA,NA,NA,80,2,4.25,0
16602608,21,abstract_noun,4,85,0,saol,NA,0,lifetime,life,0,80,2,4.25,0
16602608,22,abstract_noun,5,89,2,ceist,ceist,1,NA,NA,NA,80,2,4.25,0
16602608,23,abstract_noun,6,115,2,teanga,teanga,1,NA,NA,NA,80,2,4.25,0
16602608,24,abstract_noun,5,126,2,oíche,oiche,1,NA,NA,NA,80,2,4.25,0
16602608,25,abstract_noun,4,127,0,aire,NA,0,care/attention,luck,0,80,2,4.25,0
16602608,26,abstract_noun,5,132,1,eolas,NA,0,knowledge,knowledge,0,80,2,4.25,0
16602608,27,abstract_noun,9,142,2,seachtain,seactai,0,week,week,1,80,2,4.25,0
16602608,28,abstract_noun,6,278,2,aimsir,aimsir,1,NA,NA,NA,80,2,4.25,0
16602608,29,abstract_noun,5,381,2,gaoth,gaoi,0,wind,wind,1,80,2,4.25,0
16602608,30,abstract_noun,4,456,2,dath,dath,1,NA,NA,NA,80,2,4.25,0
16602608,31,verb,4,17,2,cuir,cur,0,to put,put,0,80,2,4.25,0
16602608,32,verb,4,20,1,déan,deanamh,0,to do,do,0,80,2,4.25,0
16602608,33,verb,7,24,1,tabhair,NA,0,to give/grant,give,0,80,2,4.25,0
16602608,34,verb,3,33,2,tar,tar,1,NA,NA,NA,80,2,4.25,0
16602608,35,verb,5,36,1,faigh,fuair,0,to get/receive,get,0,80,2,4.25,0
16602608,36,verb,5,41,1,téigh,dul,0,to go,go,0,80,2,4.25,0
16602608,37,verb,4,76,NA,feic,feach,0,to see,look,0,80,2,4.25,0
16602608,38,verb,4,88,0,féad,in ann,0,to be able to,able,0,80,2,4.25,0
16602608,39,verb,6,101,0,éirigh,faidh suas,0,to get up/to rise,NA,0,80,2,4.25,0
16602608,40,verb,4,119,0,iarr,ag cur ceist,0,to ask,go,0,80,2,4.25,0
16602608,41,verb,5,133,1,imigh,fag,0,to leave/go away,go away,0,80,2,4.25,0
16602608,42,verb,4,136,1,lean,NA,0,to follow,follow,0,80,2,4.25,0
16602608,43,verb,7,140,2,scríobh,scriobh,1,NA,NA,NA,80,2,4.25,0
16602608,44,verb,5,163,NA,siúil,ag suil,0,to walk,see,0,80,2,4.25,0
16602608,45,verb,7,203,2,tosaigh,tosaigh,1,NA,NA,NA,80,2,4.25,0
16602608,46,adjective,5,80,2,ceart,ceart,1,NA,NA,NA,80,2,4.25,0
16602608,47,adjective,2,98,2,te,te,1,NA,NA,NA,80,2,4.25,0
16602608,48,adjective,2,121,2,óg,og,1,NA,NA,NA,80,2,4.25,0
16602608,49,adjective,4,137,2,fada,fada,1,NA,NA,NA,80,2,4.25,0
16602608,50,adjective,3,154,2,ard,ard,1,NA,NA,NA,80,2,4.25,0
16602608,51,adjective,6,212,NA,iomlán,lán,0,full,NA,0,80,2,4.25,0
16602608,52,adjective,4,305,2,fíor,fir,0,true,true,1,80,2,4.25,0
16602608,53,adjective,5,315,NA,gearr,beag,0,short,NA,0,80,2,4.25,0
16602608,54,adjective,6,339,2,láidir,laidir,1,NA,NA,NA,80,2,4.25,0
16602608,55,adjective,3,364,2,beo,beo,1,NA,NA,NA,80,2,4.25,0
16602608,56,adjective,5,370,2,bocht,bocht,1,NA,NA,NA,80,2,4.25,0
16602608,57,adjective,7,407,1,iontach,an mhaith,0,great,great,1,80,2,4.25,0
16602608,58,adjective,4,432,2,glan,glan,1,NA,NA,NA,80,2,4.25,0
16602608,59,adjective,3,461,0,bog,NA,0,soft,move,0,80,2,4.25,0
16602608,60,adjective,4,706,2,sean,sean,1,NA,NA,NA,80,2,4.25,0
16602609,1,concrete_noun,5,79,2,teach,teach,1,NA,NA,NA,55,3,1.5,2
16602609,2,concrete_noun,4,92,2,bean,bean,1,NA,NA,NA,55,3,1.5,2
16602609,3,concrete_noun,5,107,2,scoil,scoil,1,NA,NA,NA,55,3,1.5,2
16602609,4,concrete_noun,7,139,2,leabhar,leabhair,0,book,book,1,55,3,1.5,2
16602609,5,concrete_noun,4,144,1,lámh,NA,0,hand,hand,1,55,3,1.5,2
16602609,6,concrete_noun,7,157,2,airgead,arigead,0,money,money,1,55,3,1.5,2
16602609,7,concrete_noun,4,158,2,béal,beal,1,NA,NA,NA,55,3,1.5,2
16602609,8,concrete_noun,5,217,2,uisce,uisce,1,NA,NA,NA,55,3,1.5,2
16602609,9,concrete_noun,6,220,1,oileán,NA,0,island,island,0,55,3,1.5,2
16602609,10,concrete_noun,7,238,2,cathair,cathair,1,NA,NA,NA,55,3,1.5,2
16602609,11,concrete_noun,5,243,2,doras,doras,1,NA,NA,NA,55,3,1.5,2
16602609,12,concrete_noun,3,249,1,cos,NA,0,leg,leg,1,55,3,1.5,2
16602609,13,concrete_noun,4,258,1,croí,chroist,0,heart,heart,1,55,3,1.5,2
16602609,14,concrete_noun,9,310,2,múinteoir,muinteoi,0,teacher,teacher,1,55,3,1.5,2
16602609,15,concrete_noun,3,384,1,bia,itheam,0,food,food,1,55,3,1.5,2
16602609,16,abstract_noun,6,39,2,bliain,blian,0,year,food,0,55,3,1.5,2
16602609,17,abstract_noun,2,59,2,lá,lá,1,NA,NA,NA,55,3,1.5,2
16602609,18,abstract_noun,5,72,0,taobh,NA,0,side (noun),give,0,55,3,1.5,2
16602609,19,abstract_noun,5,83,2,scéal,sceal,1,NA,NA,NA,55,3,1.5,2
16602609,20,abstract_noun,3,84,2,tír,tir,1,NA,NA,NA,55,3,1.5,2
16602609,21,abstract_noun,4,85,0,saol,NA,0,lifetime,life,0,55,3,1.5,2
16602609,22,abstract_noun,5,89,0,ceist,fregair,0,question (noun),question,0,55,3,1.5,2
16602609,23,abstract_noun,6,115,2,teanga,leanga,0,language,language,0,55,3,1.5,2
16602609,24,abstract_noun,5,126,1,oíche,NA,0,night,night,1,55,3,1.5,2
16602609,25,abstract_noun,4,127,0,aire,NA,0,care/attention,money,0,55,3,1.5,2
16602609,26,abstract_noun,5,132,0,eolas,NA,0,knowledge,information,0,55,3,1.5,2
16602609,27,abstract_noun,9,142,2,seachtain,seachtain,1,NA,NA,NA,55,3,1.5,2
16602609,28,abstract_noun,6,278,2,aimsir,aimsir,1,NA,NA,NA,55,3,1.5,2
16602609,29,abstract_noun,5,381,0,gaoth,NA,0,wind,NA,0,55,3,1.5,2
16602609,30,abstract_noun,4,456,2,dath,dath,1,NA,NA,NA,55,3,1.5,2
16602609,31,verb,4,17,0,cuir,NA,0,to put,give,0,55,3,1.5,2
16602609,32,verb,4,20,0,déan,rionne,0,to do,NA,0,55,3,1.5,2
16602609,33,verb,7,24,1,tabhair,NA,0,to give/grant,give,0,55,3,1.5,2
16602609,34,verb,3,33,0,tar,NA,0,to come,after,0,55,3,1.5,2
16602609,35,verb,5,36,0,faigh,NA,0,to get/receive,NA,0,55,3,1.5,2
16602609,36,verb,5,41,0,téigh,chuaig,0,to go,house,0,55,3,1.5,2
16602609,37,verb,4,76,1,feic,feach,0,to see,see,0,55,3,1.5,2
16602609,38,verb,4,88,0,féad,ag abalta,0,to be able to,NA,0,55,3,1.5,2
16602609,39,verb,6,101,0,éirigh,NA,0,to get up/to rise,island,0,55,3,1.5,2
16602609,40,verb,4,119,0,iarr,NA,0,to ask,NA,0,55,3,1.5,2
16602609,41,verb,5,133,0,imigh,NA,0,to leave/go away,to go,0,55,3,1.5,2
16602609,42,verb,4,136,0,lean,NA,0,to follow,short,0,55,3,1.5,2
16602609,43,verb,7,140,2,scríobh,scriobh,1,NA,NA,NA,55,3,1.5,2
16602609,44,verb,5,163,2,siúil,suil,0,to walk,walk,0,55,3,1.5,2
16602609,45,verb,7,203,0,tosaigh,NA,0,to start,leave,0,55,3,1.5,2
16602609,46,adjective,5,80,2,ceart,ceart,1,NA,NA,NA,55,3,1.5,2
16602609,47,adjective,2,98,2,te,té,0,hot,hot,1,55,3,1.5,2
16602609,48,adjective,2,121,1,óg,oige,0,young,young,0,55,3,1.5,2
16602609,49,adjective,4,137,1,fada,NA,0,long,long,1,55,3,1.5,2
16602609,50,adjective,3,154,2,ard,ard,1,NA,NA,NA,55,3,1.5,2
16602609,51,adjective,6,212,0,iomlán,NA,0,full,NA,0,55,3,1.5,2
16602609,52,adjective,4,305,2,fíor,fior,0,true,true,1,55,3,1.5,2
16602609,53,adjective,5,315,NA,gearr,beag,0,short,NA,0,55,3,1.5,2
16602609,54,adjective,6,339,0,láidir,NA,0,strong,NA,0,55,3,1.5,2
16602609,55,adjective,3,364,0,beo,NA,0,alive,NA,0,55,3,1.5,2
16602609,56,adjective,5,370,2,bocht,bocht,1,NA,NA,NA,55,3,1.5,2
16602609,57,adjective,7,407,1,iontach,go hiontach,0,great,great,1,55,3,1.5,2
16602609,58,adjective,4,432,1,glan,NA,0,clean,clean,1,55,3,1.5,2
16602609,59,adjective,3,461,0,bog,NA,0,soft,NA,0,55,3,1.5,2
16602609,60,adjective,4,706,2,sean,shan,0,old,old,1,55,3,1.5,2
16602611,1,concrete_noun,5,79,2,teach,teach,1,NA,NA,NA,55,1.8,3,0
16602611,2,concrete_noun,4,92,2,bean,bean,1,NA,NA,NA,55,1.8,3,0
16602611,3,concrete_noun,5,107,2,scoil,scoil,1,NA,NA,NA,55,1.8,3,0
16602611,4,concrete_noun,7,139,2,leabhar,labhair,0,book,book,1,55,1.8,3,0
16602611,5,concrete_noun,4,144,2,lámh,lámh,1,NA,NA,NA,55,1.8,3,0
16602611,6,concrete_noun,7,157,2,airgead,airgid,0,money,money,1,55,1.8,3,0
16602611,7,concrete_noun,4,158,2,béal,béil,0,mouth,mouth,1,55,1.8,3,0
16602611,8,concrete_noun,5,217,2,uisce,uisce,1,NA,NA,NA,55,1.8,3,0
16602611,9,concrete_noun,6,220,0,oileán,NA,0,island,NA,0,55,1.8,3,0
16602611,10,concrete_noun,7,238,0,cathair,NA,0,city,chair,0,55,1.8,3,0
16602611,11,concrete_noun,5,243,2,doras,doras,1,NA,NA,NA,55,1.8,3,0
16602611,12,concrete_noun,3,249,1,cos,NA,0,leg,leg,1,55,1.8,3,0
16602611,13,concrete_noun,4,258,2,croí,croí,1,NA,NA,NA,55,1.8,3,0
16602611,14,concrete_noun,9,310,2,múinteoir,muinteoir,1,NA,NA,NA,55,1.8,3,0
16602611,15,concrete_noun,3,384,2,bia,bia,1,NA,NA,NA,55,1.8,3,0
16602611,16,abstract_noun,6,39,2,bliain,blian,0,year,year,1,55,1.8,3,0
16602611,17,abstract_noun,2,59,2,lá,lá,1,NA,NA,NA,55,1.8,3,0
16602611,18,abstract_noun,5,72,2,taobh,taobh,1,NA,NA,NA,55,1.8,3,0
16602611,19,abstract_noun,5,83,1,scéal,NA,0,story,story,1,55,1.8,3,0
16602611,20,abstract_noun,3,84,2,tír,tír,1,NA,NA,NA,55,1.8,3,0
16602611,21,abstract_noun,4,85,0,saol,NA,0,lifetime,NA,0,55,1.8,3,0
16602611,22,abstract_noun,5,89,2,ceist,ceist,1,NA,NA,NA,55,1.8,3,0
16602611,23,abstract_noun,6,115,1,teanga,tainge,0,language,language,1,55,1.8,3,0
16602611,24,abstract_noun,5,126,2,oíche,oíche,1,NA,NA,NA,55,1.8,3,0
16602611,25,abstract_noun,4,127,0,aire,NA,0,care/attention,NA,0,55,1.8,3,0
16602611,26,abstract_noun,5,132,1,eolas,NA,0,knowledge,knowledge,1,55,1.8,3,0
16602611,27,abstract_noun,9,142,1,seachtain,NA,0,week,week,1,55,1.8,3,0
16602611,28,abstract_noun,6,278,2,aimsir,aimsir,0,weather,westher,0,55,1.8,3,0
16602611,29,abstract_noun,5,381,0,gaoth,NA,0,wind,NA,0,55,1.8,3,0
16602611,30,abstract_noun,4,456,NA,dath,dathuil,0,colour,NA,0,55,1.8,3,0
16602611,31,verb,4,17,2,cuir,chuir,0,to put,to put,0,55,1.8,3,0
16602611,32,verb,4,20,0,déan,rinne,0,to do,NA,0,55,1.8,3,0
16602611,33,verb,7,24,NA,tabhair,fuair,0,to give/grant,NA,0,55,1.8,3,0
16602611,34,verb,3,33,2,tar,tár,0,to come,come,0,55,1.8,3,0
16602611,35,verb,5,36,1,faigh,fuair,0,to get/receive,to get,0,55,1.8,3,0
16602611,36,verb,5,41,1,téigh,rachao,0,to go,to go,1,55,1.8,3,0
16602611,37,verb,4,76,1,feic,chonaic,0,to see,see,0,55,1.8,3,0
16602611,38,verb,4,88,0,féad,taim áble,0,to be able to,NA,0,55,1.8,3,0
16602611,39,verb,6,101,0,éirigh,NA,0,to get up/to rise,island,0,55,1.8,3,0
16602611,40,verb,4,119,0,iarr,chuir cei,0,to ask,NA,0,55,1.8,3,0
16602611,41,verb,5,133,0,imigh,NA,0,to leave/go away,to start,0,55,1.8,3,0
16602611,42,verb,4,136,0,lean,NA,0,to follow,NA,0,55,1.8,3,0
16602611,43,verb,7,140,2,scríobh,scriobh,1,NA,NA,NA,55,1.8,3,0
16602611,44,verb,5,163,2,siúil,suil,0,to walk,walk,0,55,1.8,3,0
16602611,45,verb,7,203,1,tosaigh,NA,0,to start,to start,0,55,1.8,3,0
16602611,46,adjective,5,80,2,ceart,ceart,1,NA,NA,NA,55,1.8,3,0
16602611,47,adjective,2,98,2,te,te,1,NA,NA,NA,55,1.8,3,0
16602611,48,adjective,2,121,2,óg,óig,0,young,young,0,55,1.8,3,0
16602611,49,adjective,4,137,1,fada,ard,0,long,long,1,55,1.8,3,0
16602611,50,adjective,3,154,2,ard,ard,1,NA,NA,NA,55,1.8,3,0
16602611,51,adjective,6,212,0,iomlán,NA,0,full,NA,0,55,1.8,3,0
16602611,52,adjective,4,305,0,fíor,ceart,0,true,strong,0,55,1.8,3,0
16602611,53,adjective,5,315,0,gearr,NA,0,short,NA,0,55,1.8,3,0
16602611,54,adjective,6,339,1,láidir,NA,0,strong,strong,1,55,1.8,3,0
16602611,55,adjective,3,364,1,beo,NA,0,alive,alive,1,55,1.8,3,0
16602611,56,adjective,5,370,2,bocht,bocht,1,NA,NA,NA,55,1.8,3,0
16602611,57,adjective,7,407,1,iontach,go maith,0,great,great,1,55,1.8,3,0
16602611,58,adjective,4,432,2,glan,glann,0,clean,clean,1,55,1.8,3,0
16602611,59,adjective,3,461,0,bog,NA,0,soft,NA,0,55,1.8,3,0
16602611,60,adjective,4,706,2,sean,sean,1,NA,NA,NA,55,1.8,3,0
16602612,1,concrete_noun,5,79,2,teach,teach,1,NA,NA,NA,95,2.8,3.75,0
16602612,2,concrete_noun,4,92,2,bean,bean,1,NA,NA,NA,95,2.8,3.75,0
16602612,3,concrete_noun,5,107,2,scoil,scoil,1,NA,NA,NA,95,2.8,3.75,0
16602612,4,concrete_noun,7,139,2,leabhar,leathar,0,book,book,1,95,2.8,3.75,0
16602612,5,concrete_noun,4,144,2,lámh,lamh,1,NA,NA,NA,95,2.8,3.75,0
16602612,6,concrete_noun,7,157,2,airgead,airgead,1,NA,NA,NA,95,2.8,3.75,0
16602612,7,concrete_noun,4,158,2,béal,beal,1,NA,NA,NA,95,2.8,3.75,0
16602612,8,concrete_noun,5,217,2,uisce,uisce,1,NA,NA,NA,95,2.8,3.75,0
16602612,9,concrete_noun,6,220,2,oileán,oileann,0,island,island,1,95,2.8,3.75,0
16602612,10,concrete_noun,7,238,2,cathair,cathair,1,NA,NA,NA,95,2.8,3.75,0
16602612,11,concrete_noun,5,243,2,doras,doras,1,NA,NA,NA,95,2.8,3.75,0
16602612,12,concrete_noun,3,249,2,cos,cos,1,NA,NA,NA,95,2.8,3.75,0
16602612,13,concrete_noun,4,258,2,croí,croi,1,NA,NA,NA,95,2.8,3.75,0
16602612,14,concrete_noun,9,310,2,múinteoir,muinteoir,1,NA,NA,NA,95,2.8,3.75,0
16602612,15,concrete_noun,3,384,2,bia,bia,1,NA,NA,NA,95,2.8,3.75,0
16602612,16,abstract_noun,6,39,2,bliain,bliain,1,NA,NA,NA,95,2.8,3.75,0
16602612,17,abstract_noun,2,59,2,lá,la,1,NA,NA,NA,95,2.8,3.75,0
16602612,18,abstract_noun,5,72,2,taobh,taobh,1,NA,NA,NA,95,2.8,3.75,0
16602612,19,abstract_noun,5,83,2,scéal,sceal,1,NA,NA,NA,95,2.8,3.75,0
16602612,20,abstract_noun,3,84,2,tír,tir,1,NA,NA,NA,95,2.8,3.75,0
16602612,21,abstract_noun,4,85,2,saol,saol,1,NA,NA,NA,95,2.8,3.75,0
16602612,22,abstract_noun,5,89,2,ceist,ceist,1,NA,NA,NA,95,2.8,3.75,0
16602612,23,abstract_noun,6,115,2,teanga,teanga,1,NA,NA,NA,95,2.8,3.75,0
16602612,24,abstract_noun,5,126,2,oíche,oiche,1,NA,NA,NA,95,2.8,3.75,0
16602612,25,abstract_noun,4,127,2,aire,aire,1,NA,NA,NA,95,2.8,3.75,0
16602612,26,abstract_noun,5,132,2,eolas,eolas,1,NA,NA,NA,95,2.8,3.75,0
16602612,27,abstract_noun,9,142,2,seachtain,seachtain,1,NA,NA,NA,95,2.8,3.75,0
16602612,28,abstract_noun,6,278,2,aimsir,aimsir,1,NA,NA,NA,95,2.8,3.75,0
16602612,29,abstract_noun,5,381,2,gaoth,gaoth,1,NA,NA,NA,95,2.8,3.75,0
16602612,30,abstract_noun,4,456,2,dath,dath,1,NA,NA,NA,95,2.8,3.75,0
16602612,31,verb,4,17,2,cuir,cuir,1,NA,NA,NA,95,2.8,3.75,0
16602612,32,verb,4,20,1,déan,ag deanamh,0,to do,do,0,95,2.8,3.75,0
16602612,33,verb,7,24,2,tabhair,tabhair,1,NA,NA,NA,95,2.8,3.75,0
16602612,34,verb,3,33,1,tar,ag teacht,0,to come,come,0,95,2.8,3.75,0
16602612,35,verb,5,36,2,faigh,fail,0,to get/receive,get,0,95,2.8,3.75,0
16602612,36,verb,5,41,1,téigh,ag dul,0,to go,go,0,95,2.8,3.75,0
16602612,37,verb,4,76,0,feic,feachai,0,to see,watch,0,95,2.8,3.75,0
16602612,38,verb,4,88,0,féad,in ann,0,to be able to,NA,0,95,2.8,3.75,0
16602612,39,verb,6,101,2,éirigh,eirigh,1,NA,NA,NA,95,2.8,3.75,0
16602612,40,verb,4,119,0,iarr,cuir ceist,0,to ask,want,0,95,2.8,3.75,0
16602612,41,verb,5,133,0,imigh,fagail,0,to leave/go away,go,0,95,2.8,3.75,0
16602612,42,verb,4,136,1,lean,leanaigh,0,to follow,follow,0,95,2.8,3.75,0
16602612,43,verb,7,140,2,scríobh,scribh,0,to write,write,0,95,2.8,3.75,0
16602612,44,verb,5,163,2,siúil,suil,0,to walk,walk,0,95,2.8,3.75,0
16602612,45,verb,7,203,1,tosaigh,NA,0,to start,start,0,95,2.8,3.75,0
16602612,46,adjective,5,80,2,ceart,ceart,1,NA,NA,NA,95,2.8,3.75,0
16602612,47,adjective,2,98,2,te,te,1,NA,NA,NA,95,2.8,3.75,0
16602612,48,adjective,2,121,2,óg,og,1,NA,NA,NA,95,2.8,3.75,0
16602612,49,adjective,4,137,2,fada,fada,1,NA,NA,NA,95,2.8,3.75,0
16602612,50,adjective,3,154,2,ard,ard,1,NA,NA,NA,95,2.8,3.75,0
16602612,51,adjective,6,212,NA,iomlán,lan,0,full,enough,0,95,2.8,3.75,0
16602612,52,adjective,4,305,2,fíor,fior,0,true,truth,0,95,2.8,3.75,0
16602612,53,adjective,5,315,0,gearr,lu,0,short,cut,0,95,2.8,3.75,0
16602612,54,adjective,6,339,2,láidir,laidir,1,NA,NA,NA,95,2.8,3.75,0
16602612,55,adjective,3,364,2,beo,beo,1,NA,NA,NA,95,2.8,3.75,0
16602612,56,adjective,5,370,2,bocht,bocht,1,NA,NA,NA,95,2.8,3.75,0
16602612,57,adjective,7,407,1,iontach,tar bhar,0,great,great,1,95,2.8,3.75,0
16602612,58,adjective,4,432,2,glan,glan,1,NA,NA,NA,95,2.8,3.75,0
16602612,59,adjective,3,461,1,bog,NA,0,soft,soft,1,95,2.8,3.75,0
16602612,60,adjective,4,706,2,sean,sean,1,NA,NA,NA,95,2.8,3.75,0
16602613,1,concrete_noun,5,79,2,teach,teach,1,NA,NA,NA,80,3.2,3.5,0
16602613,2,concrete_noun,4,92,2,bean,bean,1,NA,NA,NA,80,3.2,3.5,0
16602613,3,concrete_noun,5,107,2,scoil,scoil,1,NA,NA,NA,80,3.2,3.5,0
16602613,4,concrete_noun,7,139,2,leabhar,leabhar,1,NA,NA,NA,80,3.2,3.5,0
16602613,5,concrete_noun,4,144,2,lámh,lámh,1,NA,NA,NA,80,3.2,3.5,0
16602613,6,concrete_noun,7,157,2,airgead,airgead,1,NA,NA,NA,80,3.2,3.5,0
16602613,7,concrete_noun,4,158,2,béal,beal,1,NA,NA,NA,80,3.2,3.5,0
16602613,8,concrete_noun,5,217,2,uisce,uisce,1,NA,NA,NA,80,3.2,3.5,0
16602613,9,concrete_noun,6,220,2,oileán,oilean,1,NA,NA,NA,80,3.2,3.5,0
16602613,10,concrete_noun,7,238,1,cathair,cathrach,0,city,city,1,80,3.2,3.5,0
16602613,11,concrete_noun,5,243,2,doras,doras,1,NA,NA,NA,80,3.2,3.5,0
16602613,12,concrete_noun,3,249,2,cos,cos,1,NA,NA,NA,80,3.2,3.5,0
16602613,13,concrete_noun,4,258,2,croí,croí,1,NA,NA,NA,80,3.2,3.5,0
16602613,14,concrete_noun,9,310,2,múinteoir,muinteoir,1,NA,NA,NA,80,3.2,3.5,0
16602613,15,concrete_noun,3,384,2,bia,bia,1,NA,NA,NA,80,3.2,3.5,0
16602613,16,abstract_noun,6,39,1,bliain,b,0,year,year,1,80,3.2,3.5,0
16602613,17,abstract_noun,2,59,2,lá,lá,1,NA,NA,NA,80,3.2,3.5,0
16602613,18,abstract_noun,5,72,2,taobh,taobh,1,NA,NA,NA,80,3.2,3.5,0
16602613,19,abstract_noun,5,83,2,scéal,scéal,1,NA,NA,NA,80,3.2,3.5,0
16602613,20,abstract_noun,3,84,2,tír,tír,1,NA,NA,NA,80,3.2,3.5,0
16602613,21,abstract_noun,4,85,2,saol,saol,1,NA,NA,NA,80,3.2,3.5,0
16602613,22,abstract_noun,5,89,2,ceist,ceist,1,NA,NA,NA,80,3.2,3.5,0
16602613,23,abstract_noun,6,115,2,teanga,teanga,1,NA,NA,NA,80,3.2,3.5,0
16602613,24,abstract_noun,5,126,2,oíche,oíche,1,NA,NA,NA,80,3.2,3.5,0
16602613,25,abstract_noun,4,127,2,aire,aire,1,NA,NA,NA,80,3.2,3.5,0
16602613,26,abstract_noun,5,132,2,eolas,eolas,1,NA,NA,NA,80,3.2,3.5,0
16602613,27,abstract_noun,9,142,2,seachtain,seachtain,1,NA,NA,NA,80,3.2,3.5,0
16602613,28,abstract_noun,6,278,2,aimsir,aimsir,1,NA,NA,NA,80,3.2,3.5,0
16602613,29,abstract_noun,5,381,2,gaoth,gaoth,1,NA,NA,NA,80,3.2,3.5,0
16602613,30,abstract_noun,4,456,2,dath,dath,1,NA,NA,NA,80,3.2,3.5,0
16602613,31,verb,4,17,2,cuir,cuir,1,NA,NA,NA,80,3.2,3.5,0
16602613,32,verb,4,20,2,déan,dean,1,NA,NA,NA,80,3.2,3.5,0
16602613,33,verb,7,24,2,tabhair,tabhair,1,NA,NA,NA,80,3.2,3.5,0
16602613,34,verb,3,33,1,tar,teacht,0,to come,come,0,80,3.2,3.5,0
16602613,35,verb,5,36,NA,faigh,fuair,0,to get/receive,leave,0,80,3.2,3.5,0
16602613,36,verb,5,41,2,téigh,téigh,1,NA,NA,NA,80,3.2,3.5,0
16602613,37,verb,4,76,1,feic,féach,0,to see,see,0,80,3.2,3.5,0
16602613,38,verb,4,88,0,féad,ábalta,0,to be able to,length,0,80,3.2,3.5,0
16602613,39,verb,6,101,2,éirigh,eirigh,1,NA,NA,NA,80,3.2,3.5,0
16602613,40,verb,4,119,0,iarr,ceistigh,0,to ask,short,0,80,3.2,3.5,0
16602613,41,verb,5,133,NA,imigh,fag,0,to leave/go away,go,0,80,3.2,3.5,0
16602613,42,verb,4,136,2,lean,lean,1,NA,NA,NA,80,3.2,3.5,0
16602613,43,verb,7,140,2,scríobh,scríobh,1,NA,NA,NA,80,3.2,3.5,0
16602613,44,verb,5,163,2,siúil,siúil,1,NA,NA,NA,80,3.2,3.5,0
16602613,45,verb,7,203,2,tosaigh,tosaigh,1,NA,NA,NA,80,3.2,3.5,0
16602613,46,adjective,5,80,2,ceart,ceart,1,NA,NA,NA,80,3.2,3.5,0
16602613,47,adjective,2,98,2,te,te,1,NA,NA,NA,80,3.2,3.5,0
16602613,48,adjective,2,121,2,óg,óg,1,NA,NA,NA,80,3.2,3.5,0
16602613,49,adjective,4,137,2,fada,fada,1,NA,NA,NA,80,3.2,3.5,0
16602613,50,adjective,3,154,2,ard,árd,0,tall/high,tall,0,80,3.2,3.5,0
16602613,51,adjective,6,212,1,iomlán,lan,0,full,full,1,80,3.2,3.5,0
16602613,52,adjective,4,305,2,fíor,fíor,1,NA,NA,NA,80,3.2,3.5,0
16602613,53,adjective,5,315,1,gearr,garaimh,0,short,short,1,80,3.2,3.5,0
16602613,54,adjective,6,339,0,láidir,macanta,0,strong,heavy,0,80,3.2,3.5,0
16602613,55,adjective,3,364,2,beo,beo,1,NA,NA,NA,80,3.2,3.5,0
16602613,56,adjective,5,370,1,bocht,NA,0,poor,poor,1,80,3.2,3.5,0
16602613,57,adjective,7,407,2,iontach,iontach,1,NA,NA,NA,80,3.2,3.5,0
16602613,58,adjective,4,432,2,glan,glan,1,NA,NA,NA,80,3.2,3.5,0
16602613,59,adjective,3,461,1,bog,NA,0,soft,soft,1,80,3.2,3.5,0
16602613,60,adjective,4,706,2,sean,sean,1,NA,NA,NA,80,3.2,3.5,0
16602614,1,concrete_noun,5,79,2,teach,teach,1,NA,NA,NA,50,3,2.25,0
16602614,2,concrete_noun,4,92,2,bean,bean,1,NA,NA,NA,50,3,2.25,0
16602614,3,concrete_noun,5,107,2,scoil,scoil,1,NA,NA,NA,50,3,2.25,0
16602614,4,concrete_noun,7,139,2,leabhar,leabhar,1,NA,NA,NA,50,3,2.25,0
16602614,5,concrete_noun,4,144,2,lámh,laimh,0,hand,hand,1,50,3,2.25,0
16602614,6,concrete_noun,7,157,2,airgead,airgead,1,NA,NA,NA,50,3,2.25,0
16602614,7,concrete_noun,4,158,2,béal,beal,1,NA,NA,NA,50,3,2.25,0
16602614,8,concrete_noun,5,217,2,uisce,uisce,1,NA,NA,NA,50,3,2.25,0
16602614,9,concrete_noun,6,220,2,oileán,oileain,0,island,island,1,50,3,2.25,0
16602614,10,concrete_noun,7,238,2,cathair,cathair,1,NA,NA,NA,50,3,2.25,0
16602614,11,concrete_noun,5,243,2,doras,doras,1,NA,NA,NA,50,3,2.25,0
16602614,12,concrete_noun,3,249,2,cos,cos,1,NA,NA,NA,50,3,2.25,0
16602614,13,concrete_noun,4,258,1,croí,NA,0,heart,heart,1,50,3,2.25,0
16602614,14,concrete_noun,9,310,2,múinteoir,muinteor,0,teacher,teacher,1,50,3,2.25,0
16602614,15,concrete_noun,3,384,2,bia,bia,1,NA,NA,NA,50,3,2.25,0
16602614,16,abstract_noun,6,39,2,bliain,blian,0,year,year,1,50,3,2.25,0
16602614,17,abstract_noun,2,59,1,lá,NA,0,day,day,1,50,3,2.25,0
16602614,18,abstract_noun,5,72,2,taobh,taobh,1,NA,NA,NA,50,3,2.25,0
16602614,19,abstract_noun,5,83,1,scéal,NA,0,story,story,1,50,3,2.25,0
16602614,20,abstract_noun,3,84,1,tír,NA,0,country,country,1,50,3,2.25,0
16602614,21,abstract_noun,4,85,2,saol,saol,0,lifetime,life,0,50,3,2.25,0
16602614,22,abstract_noun,5,89,2,ceist,ceast,0,question (noun),question,0,50,3,2.25,0
16602614,23,abstract_noun,6,115,2,teanga,teanga,1,NA,NA,NA,50,3,2.25,0
16602614,24,abstract_noun,5,126,1,oíche,neacht,0,night,night,1,50,3,2.25,0
16602614,25,abstract_noun,4,127,2,aire,aire,1,NA,NA,NA,50,3,2.25,0
16602614,26,abstract_noun,5,132,1,eolas,ciall,0,knowledge,knowledge,1,50,3,2.25,0
16602614,27,abstract_noun,9,142,2,seachtain,seachtain,1,NA,NA,NA,50,3,2.25,0
16602614,28,abstract_noun,6,278,1,aimsir,NA,0,weather,weather,1,50,3,2.25,0
16602614,29,abstract_noun,5,381,2,gaoth,gaoth,1,NA,NA,NA,50,3,2.25,0
16602614,30,abstract_noun,4,456,2,dath,dath,1,NA,NA,NA,50,3,2.25,0
16602614,31,verb,4,17,2,cuir,cur,0,to put,put,0,50,3,2.25,0
16602614,32,verb,4,20,2,déan,dean,1,NA,NA,NA,50,3,2.25,0
16602614,33,verb,7,24,0,tabhair,tog,0,to give/grant,take,0,50,3,2.25,0
16602614,34,verb,3,33,1,tar,tar ab,0,to come,come,0,50,3,2.25,0
16602614,35,verb,5,36,2,faigh,faigh,1,NA,NA,NA,50,3,2.25,0
16602614,36,verb,5,41,2,téigh,teigh,1,NA,NA,NA,50,3,2.25,0
16602614,37,verb,4,76,1,feic,feicim,0,to see,see,0,50,3,2.25,0
16602614,38,verb,4,88,0,féad,abalta,0,to be able to,NA,0,50,3,2.25,0
16602614,39,verb,6,101,1,éirigh,seas suas,0,to get up/to rise,rise,0,50,3,2.25,0
16602614,40,verb,4,119,0,iarr,cuir ceist,0,to ask,try,0,50,3,2.25,0
16602614,41,verb,5,133,0,imigh,NA,0,to leave/go away,go,0,50,3,2.25,0
16602614,42,verb,4,136,0,lean,tar indiadh,0,to follow,go,0,50,3,2.25,0
16602614,43,verb,7,140,2,scríobh,scriobh,1,NA,NA,NA,50,3,2.25,0
16602614,44,verb,5,163,2,siúil,siul,0,to walk,walk,0,50,3,2.25,0
16602614,45,verb,7,203,1,tosaigh,inis,0,to start,start,0,50,3,2.25,0
16602614,46,adjective,5,80,2,ceart,ceart,1,NA,NA,NA,50,3,2.25,0
16602614,47,adjective,2,98,2,te,te,1,NA,NA,NA,50,3,2.25,0
16602614,48,adjective,2,121,1,óg,beo,0,young,young,1,50,3,2.25,0
16602614,49,adjective,4,137,2,fada,fad,0,long,long,1,50,3,2.25,0
16602614,50,adjective,3,154,1,ard,barr,0,tall/high,tall,0,50,3,2.25,0
16602614,51,adjective,6,212,1,iomlán,fo,0,full,full,1,50,3,2.25,0
16602614,52,adjective,4,305,1,fíor,ceart,0,true,true,1,50,3,2.25,0
16602614,53,adjective,5,315,1,gearr,beag,0,short,short,1,50,3,2.25,0
16602614,54,adjective,6,339,2,láidir,laidir,1,NA,NA,NA,50,3,2.25,0
16602614,55,adjective,3,364,2,beo,beo,1,NA,NA,NA,50,3,2.25,0
16602614,56,adjective,5,370,2,bocht,bocht,1,NA,NA,NA,50,3,2.25,0
16602614,57,adjective,7,407,0,iontach,NA,0,great,wonderful,0,50,3,2.25,0
16602614,58,adjective,4,432,2,glan,glan,1,NA,NA,NA,50,3,2.25,0
16602614,59,adjective,3,461,1,bog,siain,0,soft,soft,1,50,3,2.25,0
16602614,60,adjective,4,706,2,sean,sean,1,NA,NA,NA,50,3,2.25,0
16602615,1,concrete_noun,5,79,2,teach,teach,1,NA,NA,NA,25,2.2,2.75,0
16602615,2,concrete_noun,4,92,NA,bean,mna,0,woman,been,0,25,2.2,2.75,0
16602615,3,concrete_noun,5,107,2,scoil,scoil,1,NA,NA,NA,25,2.2,2.75,0
16602615,4,concrete_noun,7,139,1,leabhar,suil,0,book,book,1,25,2.2,2.75,0
16602615,5,concrete_noun,4,144,1,lámh,leabh,0,hand,hand,1,25,2.2,2.75,0
16602615,6,concrete_noun,7,157,1,airgead,arigid,0,money,money,1,25,2.2,2.75,0
16602615,7,concrete_noun,4,158,2,béal,beal,1,NA,NA,NA,25,2.2,2.75,0
16602615,8,concrete_noun,5,217,2,uisce,uisce,1,NA,NA,NA,25,2.2,2.75,0
16602615,9,concrete_noun,6,220,2,oileán,oileann,0,island,island,1,25,2.2,2.75,0
16602615,10,concrete_noun,7,238,0,cathair,NA,0,city,chair,0,25,2.2,2.75,0
16602615,11,concrete_noun,5,243,2,doras,doras,1,NA,NA,NA,25,2.2,2.75,0
16602615,12,concrete_noun,3,249,2,cos,cos,1,NA,NA,NA,25,2.2,2.75,0
16602615,13,concrete_noun,4,258,0,croí,NA,0,heart,sad,0,25,2.2,2.75,0
16602615,14,concrete_noun,9,310,1,múinteoir,master,0,teacher,teacher,1,25,2.2,2.75,0
16602615,15,concrete_noun,3,384,2,bia,bia,1,NA,NA,NA,25,2.2,2.75,0
16602615,16,abstract_noun,6,39,2,bliain,blean,0,year,NA,0,25,2.2,2.75,0
16602615,17,abstract_noun,2,59,2,lá,la,1,NA,NA,NA,25,2.2,2.75,0
16602615,18,abstract_noun,5,72,0,taobh,NA,0,side (noun),side,0,25,2.2,2.75,0
16602615,19,abstract_noun,5,83,2,scéal,sceal,1,NA,NA,NA,25,2.2,2.75,0
16602615,20,abstract_noun,3,84,1,tír,NA,0,country,country,1,25,2.2,2.75,0
16602615,21,abstract_noun,4,85,2,saol,saol,1,NA,NA,NA,25,2.2,2.75,0
16602615,22,abstract_noun,5,89,0,ceist,an eill is a,0,question (noun),question,0,25,2.2,2.75,0
16602615,23,abstract_noun,6,115,1,teanga,gaelga,0,language,language,1,25,2.2,2.75,0
16602615,24,abstract_noun,5,126,1,oíche,anoch,0,night,night,1,25,2.2,2.75,0
16602615,25,abstract_noun,4,127,1,aire,air aira,0,care/attention,care,0,25,2.2,2.75,0
16602615,26,abstract_noun,5,132,1,eolas,ta is,0,knowledge,konwledge,0,25,2.2,2.75,0
16602615,27,abstract_noun,9,142,2,seachtain,seachtain,1,NA,NA,NA,25,2.2,2.75,0
16602615,28,abstract_noun,6,278,1,aimsir,amshair,0,weather,weather,1,25,2.2,2.75,0
16602615,29,abstract_noun,5,381,2,gaoth,gaogh,0,wind,wind,1,25,2.2,2.75,0
16602615,30,abstract_noun,4,456,1,dath,glas,0,colour,colour,1,25,2.2,2.75,0
16602615,31,verb,4,17,1,cuir,chair,0,to put,put,0,25,2.2,2.75,0
16602615,32,verb,4,20,2,déan,dean,1,NA,NA,NA,25,2.2,2.75,0
16602615,33,verb,7,24,0,tabhair,though,0,to give/grant,father,0,25,2.2,2.75,0
16602615,34,verb,3,33,0,tar,thar ans,0,to come,across,0,25,2.2,2.75,0
16602615,35,verb,5,36,0,faigh,toor domsa,0,to get/receive,leave,0,25,2.2,2.75,0
16602615,36,verb,5,41,1,téigh,tear,0,to go,go,0,25,2.2,2.75,0
16602615,37,verb,4,76,NA,feic,feach,0,to see,look,0,25,2.2,2.75,0
16602615,38,verb,4,88,0,féad,in ann,0,to be able to,wait,0,25,2.2,2.75,0
16602615,39,verb,6,101,2,éirigh,eirig,0,to get up/to rise,get up,0,25,2.2,2.75,0
16602615,40,verb,4,119,0,iarr,an will,0,to ask,NA,0,25,2.2,2.75,0
16602615,41,verb,5,133,0,imigh,NA,0,to leave/go away,go,0,25,2.2,2.75,0
16602615,42,verb,4,136,2,lean,lean,1,NA,NA,NA,25,2.2,2.75,0
16602615,43,verb,7,140,2,scríobh,scribh,0,to write,write,0,25,2.2,2.75,0
16602615,44,verb,5,163,0,siúil,NA,0,to walk,eyes,0,25,2.2,2.75,0
16602615,45,verb,7,203,1,tosaigh,tosnu,0,to start,start,0,25,2.2,2.75,0
16602615,46,adjective,5,80,2,ceart,ceart,1,NA,NA,NA,25,2.2,2.75,0
16602615,47,adjective,2,98,2,te,te,1,NA,NA,NA,25,2.2,2.75,0
16602615,48,adjective,2,121,2,óg,og,1,NA,NA,NA,25,2.2,2.75,0
16602615,49,adjective,4,137,0,fada,NA,0,long,old,0,25,2.2,2.75,0
16602615,50,adjective,3,154,2,ard,ard,1,NA,NA,NA,25,2.2,2.75,0
16602615,51,adjective,6,212,NA,iomlán,lan,0,full,most off,0,25,2.2,2.75,0
16602615,52,adjective,4,305,0,fíor,ceart,0,true,NA,0,25,2.2,2.75,0
16602615,53,adjective,5,315,1,gearr,iseal,0,short,sharp,0,25,2.2,2.75,0
16602615,54,adjective,6,339,0,láidir,neart,0,strong,heavy,0,25,2.2,2.75,0
16602615,55,adjective,3,364,1,beo,beal,0,alive,alive,1,25,2.2,2.75,0
16602615,56,adjective,5,370,2,bocht,botch,0,poor,poor,1,25,2.2,2.75,0
16602615,57,adjective,7,407,0,iontach,ana m,0,great,beautiful,0,25,2.2,2.75,0
16602615,58,adjective,4,432,1,glan,NA,0,clean,clean,1,25,2.2,2.75,0
16602615,59,adjective,3,461,2,bog,bog,1,NA,NA,NA,25,2.2,2.75,0
16602615,60,adjective,4,706,1,sean,aosta,0,old,old,1,25,2.2,2.75,0
16602616,1,concrete_noun,5,79,NA,teach,tigh,0,house,to come,0,25,2.6,1,0
16602616,2,concrete_noun,4,92,2,bean,bean,1,NA,NA,NA,25,2.6,1,0
16602616,3,concrete_noun,5,107,2,scoil,scoil,1,NA,NA,NA,25,2.6,1,0
16602616,4,concrete_noun,7,139,2,leabhar,leabhar,1,NA,NA,NA,25,2.6,1,0
16602616,5,concrete_noun,4,144,2,lámh,lamh,1,NA,NA,NA,25,2.6,1,0
16602616,6,concrete_noun,7,157,2,airgead,airgead,1,NA,NA,NA,25,2.6,1,0
16602616,7,concrete_noun,4,158,2,béal,beal,1,NA,NA,NA,25,2.6,1,0
16602616,8,concrete_noun,5,217,2,uisce,uisce,1,NA,NA,NA,25,2.6,1,0
16602616,9,concrete_noun,6,220,2,oileán,oilean,1,NA,NA,NA,25,2.6,1,0
16602616,10,concrete_noun,7,238,2,cathair,cathair,1,NA,NA,NA,25,2.6,1,0
16602616,11,concrete_noun,5,243,2,doras,doras,1,NA,NA,NA,25,2.6,1,0
16602616,12,concrete_noun,3,249,1,cos,chois,0,leg,leg,1,25,2.6,1,0
16602616,13,concrete_noun,4,258,1,croí,crios,0,heart,heart,1,25,2.6,1,0
16602616,14,concrete_noun,9,310,2,múinteoir,muintoir,0,teacher,teacher,1,25,2.6,1,0
16602616,15,concrete_noun,3,384,2,bia,bia,1,NA,NA,NA,25,2.6,1,0
16602616,16,abstract_noun,6,39,2,bliain,blian,0,year,year,1,25,2.6,1,0
16602616,17,abstract_noun,2,59,2,lá,la,1,NA,NA,NA,25,2.6,1,0
16602616,18,abstract_noun,5,72,0,taobh,in aice,0,side (noun),NA,0,25,2.6,1,0
16602616,19,abstract_noun,5,83,1,scéal,sc,0,story,story,1,25,2.6,1,0
16602616,20,abstract_noun,3,84,2,tír,tire,0,country,country,1,25,2.6,1,0
16602616,21,abstract_noun,4,85,0,saol,NA,0,lifetime,life,0,25,2.6,1,0
16602616,22,abstract_noun,5,89,2,ceist,ceist,1,NA,NA,NA,25,2.6,1,0
16602616,23,abstract_noun,6,115,2,teanga,teanga,1,NA,NA,NA,25,2.6,1,0
16602616,24,abstract_noun,5,126,2,oíche,oiche,1,NA,NA,NA,25,2.6,1,0
16602616,25,abstract_noun,4,127,1,aire,curam,0,care/attention,care,0,25,2.6,1,0
16602616,26,abstract_noun,5,132,2,eolas,eolas,1,NA,NA,NA,25,2.6,1,0
16602616,27,abstract_noun,9,142,2,seachtain,schtain,0,week,week,1,25,2.6,1,0
16602616,28,abstract_noun,6,278,2,aimsir,aimsir,1,NA,NA,NA,25,2.6,1,0
16602616,29,abstract_noun,5,381,2,gaoth,gaoth,1,NA,NA,NA,25,2.6,1,0
16602616,30,abstract_noun,4,456,2,dath,dath,1,NA,NA,NA,25,2.6,1,0
16602616,31,verb,4,17,NA,cuir,chur,0,to put,to put on,0,25,2.6,1,0
16602616,32,verb,4,20,0,déan,le de,0,to do,NA,0,25,2.6,1,0
16602616,33,verb,7,24,2,tabhair,thabhai,0,to give/grant,givr,0,25,2.6,1,0
16602616,34,verb,3,33,2,tar,tar,1,NA,NA,NA,25,2.6,1,0
16602616,35,verb,5,36,1,faigh,tugadh me,0,to get/receive,get,0,25,2.6,1,0
16602616,36,verb,5,41,0,téigh,dul,0,to go,house,0,25,2.6,1,0
16602616,37,verb,4,76,1,feic,feiceail,0,to see,to see,1,25,2.6,1,0
16602616,38,verb,4,88,0,féad,NA,0,to be able to,whistle,0,25,2.6,1,0
16602616,39,verb,6,101,2,éirigh,eiri,0,to get up/to rise,to get up,0,25,2.6,1,0
16602616,40,verb,4,119,1,iarr,sceal,0,to ask,ask,0,25,2.6,1,0
16602616,41,verb,5,133,1,imigh,be,0,to leave/go away,go away,0,25,2.6,1,0
16602616,42,verb,4,136,1,lean,NA,0,to follow,follow,0,25,2.6,1,0
16602616,43,verb,7,140,2,scríobh,scriobh,1,NA,NA,NA,25,2.6,1,0
16602616,44,verb,5,163,2,siúil,suil,0,to walk,eye,0,25,2.6,1,0
16602616,45,verb,7,203,2,tosaigh,thosaigh,0,to start,to start,1,25,2.6,1,0
16602616,46,adjective,5,80,2,ceart,ceart,1,NA,NA,NA,25,2.6,1,0
16602616,47,adjective,2,98,2,te,te,1,NA,NA,NA,25,2.6,1,0
16602616,48,adjective,2,121,2,óg,og,1,NA,NA,NA,25,2.6,1,0
16602616,49,adjective,4,137,2,fada,fada,1,NA,NA,NA,25,2.6,1,0
16602616,50,adjective,3,154,2,ard,ard,1,NA,NA,NA,25,2.6,1,0
16602616,51,adjective,6,212,NA,iomlán,lan,0,full,NA,0,25,2.6,1,0
16602616,52,adjective,4,305,2,fíor,fior,0,true,true,1,25,2.6,1,0
16602616,53,adjective,5,315,2,gearr,gearr,1,NA,NA,NA,25,2.6,1,0
16602616,54,adjective,6,339,0,láidir,b,0,strong,NA,0,25,2.6,1,0
16602616,55,adjective,3,364,1,beo,NA,0,alive,alive,1,25,2.6,1,0
16602616,56,adjective,5,370,1,bocht,NA,0,poor,poor,1,25,2.6,1,0
16602616,57,adjective,7,407,1,iontach,go hontach,0,great,great,1,25,2.6,1,0
16602616,58,adjective,4,432,2,glan,glan,1,NA,NA,NA,25,2.6,1,0
16602616,59,adjective,3,461,2,bog,bog,1,NA,NA,NA,25,2.6,1,0
16602616,60,adjective,4,706,2,sean,sean,1,NA,NA,NA,25,2.6,1,0
16602617,1,concrete_noun,5,79,2,teach,teach,1,NA,NA,NA,65,1.8,4.25,0
16602617,2,concrete_noun,4,92,2,bean,bean,1,NA,NA,NA,65,1.8,4.25,0
16602617,3,concrete_noun,5,107,2,scoil,scoul,0,school,school,1,65,1.8,4.25,0
16602617,4,concrete_noun,7,139,2,leabhar,leabhar,1,NA,NA,NA,65,1.8,4.25,0
16602617,5,concrete_noun,4,144,2,lámh,lamh,1,NA,NA,NA,65,1.8,4.25,0
16602617,6,concrete_noun,7,157,2,airgead,airgead,1,NA,NA,NA,65,1.8,4.25,0
16602617,7,concrete_noun,4,158,2,béal,beal,1,NA,NA,NA,65,1.8,4.25,0
16602617,8,concrete_noun,5,217,2,uisce,uisce,1,NA,NA,NA,65,1.8,4.25,0
16602617,9,concrete_noun,6,220,2,oileán,oulean,0,island,island,1,65,1.8,4.25,0
16602617,10,concrete_noun,7,238,2,cathair,cathair,1,NA,NA,NA,65,1.8,4.25,0
16602617,11,concrete_noun,5,243,2,doras,dorad,0,door,door,1,65,1.8,4.25,0
16602617,12,concrete_noun,3,249,2,cos,cos,1,NA,NA,NA,65,1.8,4.25,0
16602617,13,concrete_noun,4,258,2,croí,croi,1,NA,NA,NA,65,1.8,4.25,0
16602617,14,concrete_noun,9,310,2,múinteoir,muinteoir,1,NA,NA,NA,65,1.8,4.25,0
16602617,15,concrete_noun,3,384,2,bia,bia,1,NA,NA,NA,65,1.8,4.25,0
16602617,16,abstract_noun,6,39,2,bliain,blian,0,year,year,1,65,1.8,4.25,0
16602617,17,abstract_noun,2,59,2,lá,la,1,NA,NA,NA,65,1.8,4.25,0
16602617,18,abstract_noun,5,72,2,taobh,taibh,0,side (noun),side,0,65,1.8,4.25,0
16602617,19,abstract_noun,5,83,2,scéal,sceal,1,NA,NA,NA,65,1.8,4.25,0
16602617,20,abstract_noun,3,84,2,tír,tir,1,NA,NA,NA,65,1.8,4.25,0
16602617,21,abstract_noun,4,85,NA,saol,mobsaol,0,lifetime,life,0,65,1.8,4.25,0
16602617,22,abstract_noun,5,89,2,ceist,ceist,1,NA,NA,NA,65,1.8,4.25,0
16602617,23,abstract_noun,6,115,2,teanga,teanga,1,NA,NA,NA,65,1.8,4.25,0
16602617,24,abstract_noun,5,126,2,oíche,ouche,0,night,night,1,65,1.8,4.25,0
16602617,25,abstract_noun,4,127,1,aire,fuair,0,care/attention,care,0,65,1.8,4.25,0
16602617,26,abstract_noun,5,132,2,eolas,eolas,1,NA,NA,NA,65,1.8,4.25,0
16602617,27,abstract_noun,9,142,2,seachtain,seachtain,1,NA,NA,NA,65,1.8,4.25,0
16602617,28,abstract_noun,6,278,2,aimsir,aimsir,1,NA,NA,NA,65,1.8,4.25,0
16602617,29,abstract_noun,5,381,2,gaoth,gaoth,1,NA,NA,NA,65,1.8,4.25,0
16602617,30,abstract_noun,4,456,2,dath,dath,1,NA,NA,NA,65,1.8,4.25,0
16602617,31,verb,4,17,2,cuir,cuir,1,NA,NA,NA,65,1.8,4.25,0
16602617,32,verb,4,20,1,déan,rinne,0,to do,do,0,65,1.8,4.25,0
16602617,33,verb,7,24,0,tabhair,tog,0,to give/grant,take,0,65,1.8,4.25,0
16602617,34,verb,3,33,2,tar,tar,1,NA,NA,NA,65,1.8,4.25,0
16602617,35,verb,5,36,NA,faigh,f,0,to get/receive,stay,0,65,1.8,4.25,0
16602617,36,verb,5,41,1,téigh,dul,0,to go,go,0,65,1.8,4.25,0
16602617,37,verb,4,76,2,feic,feic,1,NA,NA,NA,65,1.8,4.25,0
16602617,38,verb,4,88,0,féad,ar mo chumad,0,to be able to,long,0,65,1.8,4.25,0
16602617,39,verb,6,101,1,éirigh,sras,0,to get up/to rise,get up,0,65,1.8,4.25,0
16602617,40,verb,4,119,NA,iarr,cad,0,to ask,try,0,65,1.8,4.25,0
16602617,41,verb,5,133,0,imigh,fanach,0,to leave/go away,go,0,65,1.8,4.25,0
16602617,42,verb,4,136,2,lean,lean,1,NA,NA,NA,65,1.8,4.25,0
16602617,43,verb,7,140,2,scríobh,scriobh,1,NA,NA,NA,65,1.8,4.25,0
16602617,44,verb,5,163,2,siúil,suil,0,to walk,walk,0,65,1.8,4.25,0
16602617,45,verb,7,203,1,tosaigh,NA,0,to start,start,0,65,1.8,4.25,0
16602617,46,adjective,5,80,2,ceart,ceart,1,NA,NA,NA,65,1.8,4.25,0
16602617,47,adjective,2,98,2,te,te,1,NA,NA,NA,65,1.8,4.25,0
16602617,48,adjective,2,121,2,óg,og,1,NA,NA,NA,65,1.8,4.25,0
16602617,49,adjective,4,137,2,fada,fada,1,NA,NA,NA,65,1.8,4.25,0
16602617,50,adjective,3,154,2,ard,ard,1,NA,NA,NA,65,1.8,4.25,0
16602617,51,adjective,6,212,0,iomlán,NA,0,full,whole,0,65,1.8,4.25,0
16602617,52,adjective,4,305,2,fíor,fior,0,true,teue,0,65,1.8,4.25,0
16602617,53,adjective,5,315,1,gearr,beag,0,short,short,1,65,1.8,4.25,0
16602617,54,adjective,6,339,2,láidir,laidir,1,NA,NA,NA,65,1.8,4.25,0
16602617,55,adjective,3,364,2,beo,bei,0,alive,life,0,65,1.8,4.25,0
16602617,56,adjective,5,370,2,bocht,bocht,1,NA,NA,NA,65,1.8,4.25,0
16602617,57,adjective,7,407,0,iontach,ar feabhad,0,great,wonderful,0,65,1.8,4.25,0
16602617,58,adjective,4,432,2,glan,glan,1,NA,NA,NA,65,1.8,4.25,0
16602617,59,adjective,3,461,2,bog,bog,1,NA,NA,NA,65,1.8,4.25,0
16602617,60,adjective,4,706,2,sean,sean,1,NA,NA,NA,65,1.8,4.25,0
16602618,1,concrete_noun,5,79,2,teach,teach,1,NA,NA,NA,50,1.8,1.25,0
16602618,2,concrete_noun,4,92,2,bean,bean,1,NA,NA,NA,50,1.8,1.25,0
16602618,3,concrete_noun,5,107,2,scoil,scoil,1,NA,NA,NA,50,1.8,1.25,0
16602618,4,concrete_noun,7,139,1,leabhar,li,0,book,book,1,50,1.8,1.25,0
16602618,5,concrete_noun,4,144,2,lámh,lamh,1,NA,NA,NA,50,1.8,1.25,0
16602618,6,concrete_noun,7,157,2,airgead,airgead,1,NA,NA,NA,50,1.8,1.25,0
16602618,7,concrete_noun,4,158,2,béal,bea,0,mouth,mouth,1,50,1.8,1.25,0
16602618,8,concrete_noun,5,217,1,uisce,f,0,water,water,1,50,1.8,1.25,0
16602618,9,concrete_noun,6,220,1,oileán,NA,0,island,island,1,50,1.8,1.25,0
16602618,10,concrete_noun,7,238,1,cathair,NA,0,city,city,1,50,1.8,1.25,0
16602618,11,concrete_noun,5,243,2,doras,dorus,0,door,door,1,50,1.8,1.25,0
16602618,12,concrete_noun,3,249,2,cos,cos,1,NA,NA,NA,50,1.8,1.25,0
16602618,13,concrete_noun,4,258,2,croí,croi,1,NA,NA,NA,50,1.8,1.25,0
16602618,14,concrete_noun,9,310,2,múinteoir,muinteoir,1,NA,NA,NA,50,1.8,1.25,0
16602618,15,concrete_noun,3,384,1,bia,deuch,0,food,food,1,50,1.8,1.25,0
16602618,16,abstract_noun,6,39,1,bliain,an,0,year,year,1,50,1.8,1.25,0
16602618,17,abstract_noun,2,59,2,lá,la,1,NA,NA,NA,50,1.8,1.25,0
16602618,18,abstract_noun,5,72,2,taobh,taobh,1,NA,NA,NA,50,1.8,1.25,0
16602618,19,abstract_noun,5,83,2,scéal,sceal,1,NA,NA,NA,50,1.8,1.25,0
16602618,20,abstract_noun,3,84,2,tír,tir,1,NA,NA,NA,50,1.8,1.25,0
16602618,21,abstract_noun,4,85,0,saol,NA,0,lifetime,life,0,50,1.8,1.25,0
16602618,22,abstract_noun,5,89,2,ceist,ceist,1,NA,NA,NA,50,1.8,1.25,0
16602618,23,abstract_noun,6,115,2,teanga,teanga,1,NA,NA,NA,50,1.8,1.25,0
16602618,24,abstract_noun,5,126,1,oíche,nocht,0,night,night,1,50,1.8,1.25,0
16602618,25,abstract_noun,4,127,1,aire,NA,0,care/attention,care,0,50,1.8,1.25,0
16602618,26,abstract_noun,5,132,1,eolas,fios,0,knowledge,knowledge,1,50,1.8,1.25,0
16602618,27,abstract_noun,9,142,1,seachtain,NA,0,week,week,1,50,1.8,1.25,0
16602618,28,abstract_noun,6,278,2,aimsir,aimsir,1,NA,NA,NA,50,1.8,1.25,0
16602618,29,abstract_noun,5,381,1,gaoth,goithe,0,wind,wind,1,50,1.8,1.25,0
16602618,30,abstract_noun,4,456,1,dath,NA,0,colour,colour,1,50,1.8,1.25,0
16602618,31,verb,4,17,1,cuir,NA,0,to put,put,0,50,1.8,1.25,0
16602618,32,verb,4,20,1,déan,ag obair,0,to do,do,0,50,1.8,1.25,0
16602618,33,verb,7,24,2,tabhair,tabhair,1,NA,NA,NA,50,1.8,1.25,0
16602618,34,verb,3,33,1,tar,tarrig,0,to come,come,0,50,1.8,1.25,0
16602618,35,verb,5,36,0,faigh,NA,0,to get/receive,find,0,50,1.8,1.25,0
16602618,36,verb,5,41,1,téigh,ag dul,0,to go,go,0,50,1.8,1.25,0
16602618,37,verb,4,76,NA,feic,feach,0,to see,look,0,50,1.8,1.25,0
16602618,38,verb,4,88,0,féad,abalta,0,to be able to,fade,0,50,1.8,1.25,0
16602618,39,verb,6,101,2,éirigh,eirigh,1,NA,NA,NA,50,1.8,1.25,0
16602618,40,verb,4,119,0,iarr,NA,0,to ask,b,0,50,1.8,1.25,0
16602618,41,verb,5,133,0,imigh,ag dul,0,to leave/go away,NA,0,50,1.8,1.25,0
16602618,42,verb,4,136,0,lean,lanaigh,0,to follow,go,0,50,1.8,1.25,0
16602618,43,verb,7,140,1,scríobh,ag scriobh,0,to write,write,0,50,1.8,1.25,0
16602618,44,verb,5,163,2,siúil,siuil,1,NA,NA,NA,50,1.8,1.25,0
16602618,45,verb,7,203,1,tosaigh,tos,0,to start,start,0,50,1.8,1.25,0
16602618,46,adjective,5,80,2,ceart,ceart,1,NA,NA,NA,50,1.8,1.25,0
16602618,47,adjective,2,98,2,te,te,1,NA,NA,NA,50,1.8,1.25,0
16602618,48,adjective,2,121,1,óg,NA,0,young,young,1,50,1.8,1.25,0
16602618,49,adjective,4,137,2,fada,fad,0,long,long,1,50,1.8,1.25,0
16602618,50,adjective,3,154,1,ard,fa,0,tall/high,high,0,50,1.8,1.25,0
16602618,51,adjective,6,212,NA,iomlán,lan,0,full,all,0,50,1.8,1.25,0
16602618,52,adjective,4,305,2,fíor,fiorr,0,true,true,1,50,1.8,1.25,0
16602618,53,adjective,5,315,1,gearr,to,0,short,short,1,50,1.8,1.25,0
16602618,54,adjective,6,339,2,láidir,laidir,1,NA,NA,NA,50,1.8,1.25,0
16602618,55,adjective,3,364,2,beo,beo,1,NA,NA,NA,50,1.8,1.25,0
16602618,56,adjective,5,370,1,bocht,NA,0,poor,poor,1,50,1.8,1.25,0
16602618,57,adjective,7,407,0,iontach,ana mhaith,0,great,happiness,0,50,1.8,1.25,0
16602618,58,adjective,4,432,1,glan,NA,0,clean,clean,1,50,1.8,1.25,0
16602618,59,adjective,3,461,0,bog,tirse,0,soft,slow,0,50,1.8,1.25,0
16602618,60,adjective,4,706,1,sean,NA,0,old,old,1,50,1.8,1.25,0
16602619,1,concrete_noun,5,79,2,teach,teach,1,NA,NA,NA,80,2.2,2,0
16602619,2,concrete_noun,4,92,2,bean,bean,1,NA,NA,NA,80,2.2,2,0
16602619,3,concrete_noun,5,107,2,scoil,scoil,1,NA,NA,NA,80,2.2,2,0
16602619,4,concrete_noun,7,139,2,leabhar,leabhar,1,NA,NA,NA,80,2.2,2,0
16602619,5,concrete_noun,4,144,2,lámh,lanh,0,hand,hand,1,80,2.2,2,0
16602619,6,concrete_noun,7,157,2,airgead,airgead,1,NA,NA,NA,80,2.2,2,0
16602619,7,concrete_noun,4,158,2,béal,beal,1,NA,NA,NA,80,2.2,2,0
16602619,8,concrete_noun,5,217,2,uisce,uisce,1,NA,NA,NA,80,2.2,2,0
16602619,9,concrete_noun,6,220,2,oileán,oilean,1,NA,NA,NA,80,2.2,2,0
16602619,10,concrete_noun,7,238,2,cathair,cathar,0,city,city,1,80,2.2,2,0
16602619,11,concrete_noun,5,243,2,doras,doras,1,NA,NA,NA,80,2.2,2,0
16602619,12,concrete_noun,3,249,2,cos,cos,1,NA,NA,NA,80,2.2,2,0
16602619,13,concrete_noun,4,258,2,croí,croi,1,NA,NA,NA,80,2.2,2,0
16602619,14,concrete_noun,9,310,2,múinteoir,muinteoir,1,NA,NA,NA,80,2.2,2,0
16602619,15,concrete_noun,3,384,2,bia,bia,1,NA,NA,NA,80,2.2,2,0
16602619,16,abstract_noun,6,39,2,bliain,bliain,1,NA,NA,NA,80,2.2,2,0
16602619,17,abstract_noun,2,59,2,lá,la,1,NA,NA,NA,80,2.2,2,0
16602619,18,abstract_noun,5,72,2,taobh,taobh,1,NA,NA,NA,80,2.2,2,0
16602619,19,abstract_noun,5,83,2,scéal,sceal,1,NA,NA,NA,80,2.2,2,0
16602619,20,abstract_noun,3,84,2,tír,tir,1,NA,NA,NA,80,2.2,2,0
16602619,21,abstract_noun,4,85,0,saol,NA,0,lifetime,life,0,80,2.2,2,0
16602619,22,abstract_noun,5,89,2,ceist,ceist,1,NA,NA,NA,80,2.2,2,0
16602619,23,abstract_noun,6,115,2,teanga,teanga,1,NA,NA,NA,80,2.2,2,0
16602619,24,abstract_noun,5,126,2,oíche,oiche,1,NA,NA,NA,80,2.2,2,0
16602619,25,abstract_noun,4,127,2,aire,aire,1,NA,NA,NA,80,2.2,2,0
16602619,26,abstract_noun,5,132,1,eolas,fios,0,knowledge,knowledge,1,80,2.2,2,0
16602619,27,abstract_noun,9,142,2,seachtain,seachtain,1,NA,NA,NA,80,2.2,2,0
16602619,28,abstract_noun,6,278,2,aimsir,aimsir,1,NA,NA,NA,80,2.2,2,0
16602619,29,abstract_noun,5,381,2,gaoth,gaoth,1,NA,NA,NA,80,2.2,2,0
16602619,30,abstract_noun,4,456,1,dath,NA,0,colour,colour,1,80,2.2,2,0
16602619,31,verb,4,17,2,cuir,cur,0,to put,put,0,80,2.2,2,0
16602619,32,verb,4,20,2,déan,dean,1,NA,NA,NA,80,2.2,2,0
16602619,33,verb,7,24,2,tabhair,tabhar,0,to give/grant,give,0,80,2.2,2,0
16602619,34,verb,3,33,1,tar,teacht,0,to come,come,0,80,2.2,2,0
16602619,35,verb,5,36,0,faigh,NA,0,to get/receive,find/ get,0,80,2.2,2,0
16602619,36,verb,5,41,1,téigh,dul,0,to go,go,0,80,2.2,2,0
16602619,37,verb,4,76,NA,feic,feach,0,to see,look,0,80,2.2,2,0
16602619,38,verb,4,88,0,féad,in ann,0,to be able to,can one,0,80,2.2,2,0
16602619,39,verb,6,101,1,éirigh,seas suas,0,to get up/to rise,get up,0,80,2.2,2,0
16602619,40,verb,4,119,0,iarr,cur ceist,0,to ask,NA,0,80,2.2,2,0
16602619,41,verb,5,133,NA,imigh,imeacht,0,to leave/go away,go,0,80,2.2,2,0
16602619,42,verb,4,136,0,lean,leanaigh,0,to follow,remai,0,80,2.2,2,0
16602619,43,verb,7,140,2,scríobh,scriobh,1,NA,NA,NA,80,2.2,2,0
16602619,44,verb,5,163,2,siúil,siuil,1,NA,NA,NA,80,2.2,2,0
16602619,45,verb,7,203,2,tosaigh,tosaigh,1,NA,NA,NA,80,2.2,2,0
16602619,46,adjective,5,80,2,ceart,ceart,1,NA,NA,NA,80,2.2,2,0
16602619,47,adjective,2,98,2,te,te,1,NA,NA,NA,80,2.2,2,0
16602619,48,adjective,2,121,2,óg,og,1,NA,NA,NA,80,2.2,2,0
16602619,49,adjective,4,137,2,fada,fada,1,NA,NA,NA,80,2.2,2,0
16602619,50,adjective,3,154,2,ard,ard,1,NA,NA,NA,80,2.2,2,0
16602619,51,adjective,6,212,NA,iomlán,lan,0,full,all,0,80,2.2,2,0
16602619,52,adjective,4,305,0,fíor,ceart,0,true,true/ pure,0,80,2.2,2,0
16602619,53,adjective,5,315,1,gearr,beag,0,short,sharp,0,80,2.2,2,0
16602619,54,adjective,6,339,2,láidir,laidir,1,NA,NA,NA,80,2.2,2,0
16602619,55,adjective,3,364,2,beo,beo,1,NA,NA,NA,80,2.2,2,0
16602619,56,adjective,5,370,1,bocht,NA,0,poor,poor,1,80,2.2,2,0
16602619,57,adjective,7,407,0,iontach,NA,0,great,amazing super,0,80,2.2,2,0
16602619,58,adjective,4,432,2,glan,glan,1,NA,NA,NA,80,2.2,2,0
16602619,59,adjective,3,461,2,bog,bog,1,NA,NA,NA,80,2.2,2,0
16602619,60,adjective,4,706,1,sean,aosta,0,old,old,1,80,2.2,2,0
16602620,1,concrete_noun,5,79,2,teach,teach,1,NA,NA,NA,65,2.6,2,0
16602620,2,concrete_noun,4,92,2,bean,bean,1,NA,NA,NA,65,2.6,2,0
16602620,3,concrete_noun,5,107,2,scoil,scoil,1,NA,NA,NA,65,2.6,2,0
16602620,4,concrete_noun,7,139,2,leabhar,leabhar,1,NA,NA,NA,65,2.6,2,0
16602620,5,concrete_noun,4,144,2,lámh,lamh,1,NA,NA,NA,65,2.6,2,0
16602620,6,concrete_noun,7,157,2,airgead,airgead,1,NA,NA,NA,65,2.6,2,0
16602620,7,concrete_noun,4,158,2,béal,beal,1,NA,NA,NA,65,2.6,2,0
16602620,8,concrete_noun,5,217,2,uisce,uisce,1,NA,NA,NA,65,2.6,2,0
16602620,9,concrete_noun,6,220,1,oileán,NA,0,island,island,0,65,2.6,2,0
16602620,10,concrete_noun,7,238,0,cathair,NA,0,city,chair,0,65,2.6,2,0
16602620,11,concrete_noun,5,243,2,doras,doras,1,NA,NA,NA,65,2.6,2,0
16602620,12,concrete_noun,3,249,2,cos,cos,1,NA,NA,NA,65,2.6,2,0
16602620,13,concrete_noun,4,258,2,croí,croi,1,NA,NA,NA,65,2.6,2,0
16602620,14,concrete_noun,9,310,2,múinteoir,muieoir,0,teacher,teacher,0,65,2.6,2,0
16602620,15,concrete_noun,3,384,2,bia,bia,1,NA,NA,NA,65,2.6,2,0
16602620,16,abstract_noun,6,39,2,bliain,blian,0,year,year,1,65,2.6,2,0
16602620,17,abstract_noun,2,59,2,lá,la,1,NA,NA,NA,65,2.6,2,0
16602620,18,abstract_noun,5,72,0,taobh,??,0,side (noun),side,0,65,2.6,2,0
16602620,19,abstract_noun,5,83,2,scéal,sceil,0,story,story,1,65,2.6,2,0
16602620,20,abstract_noun,3,84,2,tír,tir,1,NA,NA,NA,65,2.6,2,0
16602620,21,abstract_noun,4,85,0,saol,??,0,lifetime,free,0,65,2.6,2,0
16602620,22,abstract_noun,5,89,2,ceist,ceist,1,NA,NA,NA,65,2.6,2,0
16602620,23,abstract_noun,6,115,2,teanga,teanga,1,NA,NA,NA,65,2.6,2,0
16602620,24,abstract_noun,5,126,2,oíche,oiche,1,NA,NA,NA,65,2.6,2,0
16602620,25,abstract_noun,4,127,2,aire,aire,1,NA,NA,NA,65,2.6,2,0
16602620,26,abstract_noun,5,132,2,eolas,eolas,0,knowledge,knowledge,0,65,2.6,2,0
16602620,27,abstract_noun,9,142,2,seachtain,seachtain,1,NA,NA,NA,65,2.6,2,0
16602620,28,abstract_noun,6,278,2,aimsir,aimsir,1,NA,NA,NA,65,2.6,2,0
16602620,29,abstract_noun,5,381,2,gaoth,gaoth,1,NA,NA,NA,65,2.6,2,0
16602620,30,abstract_noun,4,456,2,dath,dath,1,NA,NA,NA,65,2.6,2,0
16602620,31,verb,4,17,2,cuir,chuir,0,to put,to put,1,65,2.6,2,0
16602620,32,verb,4,20,1,déan,rinne me,0,to do,to do,1,65,2.6,2,0
16602620,33,verb,7,24,0,tabhair,thog,0,to give/grant,?,0,65,2.6,2,0
16602620,34,verb,3,33,1,tar,thainig,0,to come,to come,1,65,2.6,2,0
16602620,35,verb,5,36,1,faigh,fuar me,0,to get/receive,to get,0,65,2.6,2,0
16602620,36,verb,5,41,0,téigh,ag dul,0,to go,hot,0,65,2.6,2,0
16602620,37,verb,4,76,2,feic,feic,1,NA,NA,NA,65,2.6,2,0
16602620,38,verb,4,88,0,féad,abalta,0,to be able to,?,0,65,2.6,2,0
16602620,39,verb,6,101,2,éirigh,eirigh,1,NA,NA,NA,65,2.6,2,0
16602620,40,verb,4,119,0,iarr,freagre,0,to ask,?,0,65,2.6,2,0
16602620,41,verb,5,133,NA,imigh,inri,0,to leave/go away,to go,0,65,2.6,2,0
16602620,42,verb,4,136,0,lean,?,0,to follow,to go,0,65,2.6,2,0
16602620,43,verb,7,140,2,scríobh,scriobh,1,NA,NA,NA,65,2.6,2,0
16602620,44,verb,5,163,2,siúil,siul,0,to walk,eye,0,65,2.6,2,0
16602620,45,verb,7,203,2,tosaigh,thosaigh,0,to start,to start,1,65,2.6,2,0
16602620,46,adjective,5,80,2,ceart,ceart,1,NA,NA,NA,65,2.6,2,0
16602620,47,adjective,2,98,2,te,te,1,NA,NA,NA,65,2.6,2,0
16602620,48,adjective,2,121,1,óg,?,0,young,young,1,65,2.6,2,0
16602620,49,adjective,4,137,2,fada,fada,1,NA,NA,NA,65,2.6,2,0
16602620,50,adjective,3,154,2,ard,ard,1,NA,NA,NA,65,2.6,2,0
16602620,51,adjective,6,212,1,iomlán,lan,0,full,full,1,65,2.6,2,0
16602620,52,adjective,4,305,2,fíor,fir,0,true,true,1,65,2.6,2,0
16602620,53,adjective,5,315,2,gearr,gear,0,short,to cut,0,65,2.6,2,0
16602620,54,adjective,6,339,0,láidir,?,0,strong,big,0,65,2.6,2,0
16602620,55,adjective,3,364,2,beo,beo,1,NA,NA,NA,65,2.6,2,0
16602620,56,adjective,5,370,2,bocht,bocht,1,NA,NA,NA,65,2.6,2,0
16602620,57,adjective,7,407,2,iontach,ionta,0,great,great,1,65,2.6,2,0
16602620,58,adjective,4,432,2,glan,glan,1,NA,NA,NA,65,2.6,2,0
16602620,59,adjective,3,461,1,bog,bocht,0,soft,soft,1,65,2.6,2,0
16602620,60,adjective,4,706,2,sean,sean,1,NA,NA,NA,65,2.6,2,0
16602621,1,concrete_noun,5,79,2,teach,teach,1,NA,NA,NA,65,1.6,3.5,0
16602621,2,concrete_noun,4,92,2,bean,ban,0,woman,lady,0,65,1.6,3.5,0
16602621,3,concrete_noun,5,107,2,scoil,scoil,1,NA,NA,NA,65,1.6,3.5,0
16602621,4,concrete_noun,7,139,2,leabhar,leabhar,1,NA,NA,NA,65,1.6,3.5,0
16602621,5,concrete_noun,4,144,2,lámh,lámh,1,NA,NA,NA,65,1.6,3.5,0
16602621,6,concrete_noun,7,157,2,airgead,airgid,0,money,money,1,65,1.6,3.5,0
16602621,7,concrete_noun,4,158,1,béal,b,0,mouth,mouth,1,65,1.6,3.5,0
16602621,8,concrete_noun,5,217,2,uisce,uisce,1,NA,NA,NA,65,1.6,3.5,0
16602621,9,concrete_noun,6,220,1,oileán,inis,0,island,island,1,65,1.6,3.5,0
16602621,10,concrete_noun,7,238,0,cathair,baile,0,city,chair,0,65,1.6,3.5,0
16602621,11,concrete_noun,5,243,2,doras,doras,1,NA,NA,NA,65,1.6,3.5,0
16602621,12,concrete_noun,3,249,1,cos,NA,0,leg,leg,1,65,1.6,3.5,0
16602621,13,concrete_noun,4,258,2,croí,croí,1,NA,NA,NA,65,1.6,3.5,0
16602621,14,concrete_noun,9,310,2,múinteoir,muinteoir,1,NA,NA,NA,65,1.6,3.5,0
16602621,15,concrete_noun,3,384,2,bia,bia,1,NA,NA,NA,65,1.6,3.5,0
16602621,16,abstract_noun,6,39,2,bliain,bliain,1,NA,NA,NA,65,1.6,3.5,0
16602621,17,abstract_noun,2,59,2,lá,lá,1,NA,NA,NA,65,1.6,3.5,0
16602621,18,abstract_noun,5,72,NA,taobh,thior,0,side (noun),side,0,65,1.6,3.5,0
16602621,19,abstract_noun,5,83,2,scéal,scéal,1,NA,NA,NA,65,1.6,3.5,0
16602621,20,abstract_noun,3,84,2,tír,tír,1,NA,NA,NA,65,1.6,3.5,0
16602621,21,abstract_noun,4,85,0,saol,NA,0,lifetime,life,0,65,1.6,3.5,0
16602621,22,abstract_noun,5,89,2,ceist,ceist,1,NA,NA,NA,65,1.6,3.5,0
16602621,23,abstract_noun,6,115,2,teanga,teanga,1,NA,NA,NA,65,1.6,3.5,0
16602621,24,abstract_noun,5,126,2,oíche,oiche,1,NA,NA,NA,65,1.6,3.5,0
16602621,25,abstract_noun,4,127,2,aire,aire,1,NA,NA,NA,65,1.6,3.5,0
16602621,26,abstract_noun,5,132,1,eolas,feasa,0,knowledge,knowledge,1,65,1.6,3.5,0
16602621,27,abstract_noun,9,142,2,seachtain,seachtain,1,NA,NA,NA,65,1.6,3.5,0
16602621,28,abstract_noun,6,278,2,aimsir,aimsir,1,NA,NA,NA,65,1.6,3.5,0
16602621,29,abstract_noun,5,381,2,gaoth,gaoth,1,NA,NA,NA,65,1.6,3.5,0
16602621,30,abstract_noun,4,456,1,dath,deathannna,0,colour,colour,1,65,1.6,3.5,0
16602621,31,verb,4,17,2,cuir,cuir,1,NA,NA,NA,65,1.6,3.5,0
16602621,32,verb,4,20,2,déan,deán,0,to do,do,0,65,1.6,3.5,0
16602621,33,verb,7,24,NA,tabhair,tuar,0,to give/grant,take,0,65,1.6,3.5,0
16602621,34,verb,3,33,2,tar,tar,1,NA,NA,NA,65,1.6,3.5,0
16602621,35,verb,5,36,1,faigh,fuair,0,to get/receive,get,0,65,1.6,3.5,0
16602621,36,verb,5,41,1,téigh,dul,0,to go,go,0,65,1.6,3.5,0
16602621,37,verb,4,76,NA,feic,feach,0,to see,look,0,65,1.6,3.5,0
16602621,38,verb,4,88,0,féad,in am,0,to be able to,long,0,65,1.6,3.5,0
16602621,39,verb,6,101,1,éirigh,NA,0,to get up/to rise,get up,0,65,1.6,3.5,0
16602621,40,verb,4,119,0,iarr,NA,0,to ask,NA,0,65,1.6,3.5,0
16602621,41,verb,5,133,0,imigh,tosach,0,to leave/go away,go,0,65,1.6,3.5,0
16602621,42,verb,4,136,0,lean,NA,0,to follow,long,0,65,1.6,3.5,0
16602621,43,verb,7,140,2,scríobh,scriobh,1,NA,NA,NA,65,1.6,3.5,0
16602621,44,verb,5,163,2,siúil,suil,0,to walk,eyes,0,65,1.6,3.5,0
16602621,45,verb,7,203,NA,tosaigh,toda,0,to start,NA,0,65,1.6,3.5,0
16602621,46,adjective,5,80,2,ceart,ceart,1,NA,NA,NA,65,1.6,3.5,0
16602621,47,adjective,2,98,2,te,te,1,NA,NA,NA,65,1.6,3.5,0
16602621,48,adjective,2,121,1,óg,NA,0,young,houng,0,65,1.6,3.5,0
16602621,49,adjective,4,137,2,fada,fada,1,NA,NA,NA,65,1.6,3.5,0
16602621,50,adjective,3,154,1,ard,NA,0,tall/high,high,0,65,1.6,3.5,0
16602621,51,adjective,6,212,0,iomlán,NA,0,full,NA,0,65,1.6,3.5,0
16602621,52,adjective,4,305,2,fíor,fior,0,true,true,1,65,1.6,3.5,0
16602621,53,adjective,5,315,1,gearr,NA,0,short,short,1,65,1.6,3.5,0
16602621,54,adjective,6,339,0,láidir,NA,0,strong,ladder,0,65,1.6,3.5,0
16602621,55,adjective,3,364,2,beo,beo,1,NA,NA,NA,65,1.6,3.5,0
16602621,56,adjective,5,370,1,bocht,bésl,0,poor,poor,1,65,1.6,3.5,0
16602621,57,adjective,7,407,2,iontach,iontach,1,NA,NA,NA,65,1.6,3.5,0
16602621,58,adjective,4,432,2,glan,glan,1,NA,NA,NA,65,1.6,3.5,0
16602621,59,adjective,3,461,2,bog,bog,1,NA,NA,NA,65,1.6,3.5,0
16602621,60,adjective,4,706,2,sean,sean,1,NA,NA,NA,65,1.6,3.5,0
16602622,1,concrete_noun,5,79,1,teach,NA,0,house,house,1,40,2,2,0
16602622,2,concrete_noun,4,92,1,bean,NA,0,woman,woman,1,40,2,2,0
16602622,3,concrete_noun,5,107,2,scoil,scoil,1,NA,NA,NA,40,2,2,0
16602622,4,concrete_noun,7,139,2,leabhar,leabhar,1,NA,NA,NA,40,2,2,0
16602622,5,concrete_noun,4,144,2,lámh,lamh,1,NA,NA,NA,40,2,2,0
16602622,6,concrete_noun,7,157,2,airgead,airgead,1,NA,NA,NA,40,2,2,0
16602622,7,concrete_noun,4,158,2,béal,beal,1,NA,NA,NA,40,2,2,0
16602622,8,concrete_noun,5,217,2,uisce,uisce,1,NA,NA,NA,40,2,2,0
16602622,9,concrete_noun,6,220,2,oileán,oileann,0,island,island,1,40,2,2,0
16602622,10,concrete_noun,7,238,2,cathair,cathair,1,NA,NA,NA,40,2,2,0
16602622,11,concrete_noun,5,243,2,doras,doras,1,NA,NA,NA,40,2,2,0
16602622,12,concrete_noun,3,249,2,cos,cos,1,NA,NA,NA,40,2,2,0
16602622,13,concrete_noun,4,258,1,croí,NA,0,heart,heart,1,40,2,2,0
16602622,14,concrete_noun,9,310,2,múinteoir,muinteoir,1,NA,NA,NA,40,2,2,0
16602622,15,concrete_noun,3,384,1,bia,NA,0,food,food,1,40,2,2,0
16602622,16,abstract_noun,6,39,1,bliain,anna,0,year,year,1,40,2,2,0
16602622,17,abstract_noun,2,59,2,lá,la,1,NA,NA,NA,40,2,2,0
16602622,18,abstract_noun,5,72,0,taobh,NA,0,side (noun),side,0,40,2,2,0
16602622,19,abstract_noun,5,83,2,scéal,sceal,1,NA,NA,NA,40,2,2,0
16602622,20,abstract_noun,3,84,2,tír,tir,1,NA,NA,NA,40,2,2,0
16602622,21,abstract_noun,4,85,2,saol,saol,1,NA,NA,NA,40,2,2,0
16602622,22,abstract_noun,5,89,0,ceist,freagra,0,question (noun),question,0,40,2,2,0
16602622,23,abstract_noun,6,115,1,teanga,NA,0,language,language,1,40,2,2,0
16602622,24,abstract_noun,5,126,1,oíche,NA,0,night,night,1,40,2,2,0
16602622,25,abstract_noun,4,127,1,aire,NA,0,care/attention,care,0,40,2,2,0
16602622,26,abstract_noun,5,132,1,eolas,NA,0,knowledge,knowledge,0,40,2,2,0
16602622,27,abstract_noun,9,142,2,seachtain,seachtaine,0,week,week,1,40,2,2,0
16602622,28,abstract_noun,6,278,2,aimsir,aimsir,1,NA,NA,NA,40,2,2,0
16602622,29,abstract_noun,5,381,2,gaoth,gaoithe,0,wind,wind,1,40,2,2,0
16602622,30,abstract_noun,4,456,0,dath,NA,0,colour,two,0,40,2,2,0
16602622,31,verb,4,17,1,cuir,NA,0,to put,put,0,40,2,2,0
16602622,32,verb,4,20,1,déan,NA,0,to do,do,0,40,2,2,0
16602622,33,verb,7,24,0,tabhair,NA,0,to give/grant,take,0,40,2,2,0
16602622,34,verb,3,33,0,tar,NA,0,to come,wait,0,40,2,2,0
16602622,35,verb,5,36,0,faigh,NA,0,to get/receive,wait,0,40,2,2,0
16602622,36,verb,5,41,0,téigh,NA,0,to go,wait,0,40,2,2,0
16602622,37,verb,4,76,1,feic,feachaint,0,to see,see,0,40,2,2,0
16602622,38,verb,4,88,0,féad,NA,0,to be able to,NA,0,40,2,2,0
16602622,39,verb,6,101,1,éirigh,eir,0,to get up/to rise,rise,0,40,2,2,0
16602622,40,verb,4,119,0,iarr,NA,0,to ask,west,0,40,2,2,0
16602622,41,verb,5,133,0,imigh,NA,0,to leave/go away,go,0,40,2,2,0
16602622,42,verb,4,136,1,lean,NA,0,to follow,follow,0,40,2,2,0
16602622,43,verb,7,140,NA,scríobh,scroimh,0,to write,right,0,40,2,2,0
16602622,44,verb,5,163,2,siúil,shuil,0,to walk,walk,0,40,2,2,0
16602622,45,verb,7,203,0,tosaigh,NA,0,to start,wait,0,40,2,2,0
16602622,46,adjective,5,80,2,ceart,ceart,1,NA,NA,NA,40,2,2,0
16602622,47,adjective,2,98,2,te,te,1,NA,NA,NA,40,2,2,0
16602622,48,adjective,2,121,2,óg,og,1,NA,NA,NA,40,2,2,0
16602622,49,adjective,4,137,2,fada,fada,1,NA,NA,NA,40,2,2,0
16602622,50,adjective,3,154,1,ard,NA,0,tall/high,high,0,40,2,2,0
16602622,51,adjective,6,212,0,iomlán,NA,0,full,loads,0,40,2,2,0
16602622,52,adjective,4,305,0,fíor,NA,0,true,pride,0,40,2,2,0
16602622,53,adjective,5,315,1,gearr,NA,0,short,short,1,40,2,2,0
16602622,54,adjective,6,339,2,láidir,laidir,1,NA,NA,NA,40,2,2,0
16602622,55,adjective,3,364,1,beo,beatha,0,alive,alive,1,40,2,2,0
16602622,56,adjective,5,370,1,bocht,NA,0,poor,poor,1,40,2,2,0
16602622,57,adjective,7,407,0,iontach,mor,0,great,wonderful,0,40,2,2,0
16602622,58,adjective,4,432,1,glan,NA,0,clean,clean,1,40,2,2,0
16602622,59,adjective,3,461,2,bog,bog,1,NA,NA,NA,40,2,2,0
16602622,60,adjective,4,706,1,sean,NA,0,old,old,1,40,2,2,0
16602623,1,concrete_noun,5,79,1,teach,tigh/teach,0,house,house,1,65,3.8,3.5,0
16602623,2,concrete_noun,4,92,2,bean,bean,1,NA,NA,NA,65,3.8,3.5,0
16602623,3,concrete_noun,5,107,2,scoil,scoil,1,NA,NA,NA,65,3.8,3.5,0
16602623,4,concrete_noun,7,139,2,leabhar,leabhair,0,book,book,1,65,3.8,3.5,0
16602623,5,concrete_noun,4,144,2,lámh,lamh,1,NA,NA,NA,65,3.8,3.5,0
16602623,6,concrete_noun,7,157,2,airgead,airgead,1,NA,NA,NA,65,3.8,3.5,0
16602623,7,concrete_noun,4,158,2,béal,beal,1,NA,NA,NA,65,3.8,3.5,0
16602623,8,concrete_noun,5,217,2,uisce,uisce,1,NA,NA,NA,65,3.8,3.5,0
16602623,9,concrete_noun,6,220,2,oileán,oilean,1,NA,NA,NA,65,3.8,3.5,0
16602623,10,concrete_noun,7,238,2,cathair,cathair,1,NA,NA,NA,65,3.8,3.5,0
16602623,11,concrete_noun,5,243,2,doras,doras,1,NA,NA,NA,65,3.8,3.5,0
16602623,12,concrete_noun,3,249,2,cos,cos,0,leg,foot,0,65,3.8,3.5,0
16602623,13,concrete_noun,4,258,2,croí,croi,1,NA,NA,NA,65,3.8,3.5,0
16602623,14,concrete_noun,9,310,2,múinteoir,muinteoir,1,NA,NA,NA,65,3.8,3.5,0
16602623,15,concrete_noun,3,384,2,bia,bia,1,NA,NA,NA,65,3.8,3.5,0
16602623,16,abstract_noun,6,39,2,bliain,blian,0,year,year,1,65,3.8,3.5,0
16602623,17,abstract_noun,2,59,2,lá,la,1,NA,NA,NA,65,3.8,3.5,0
16602623,18,abstract_noun,5,72,2,taobh,taobh,1,NA,NA,NA,65,3.8,3.5,0
16602623,19,abstract_noun,5,83,2,scéal,sceal,1,NA,NA,NA,65,3.8,3.5,0
16602623,20,abstract_noun,3,84,2,tír,tir,1,NA,NA,NA,65,3.8,3.5,0
16602623,21,abstract_noun,4,85,2,saol,saol,1,NA,NA,NA,65,3.8,3.5,0
16602623,22,abstract_noun,5,89,2,ceist,ceist,1,NA,NA,NA,65,3.8,3.5,0
16602623,23,abstract_noun,6,115,2,teanga,teanga,1,NA,NA,NA,65,3.8,3.5,0
16602623,24,abstract_noun,5,126,2,oíche,oiche,1,NA,NA,NA,65,3.8,3.5,0
16602623,25,abstract_noun,4,127,2,aire,aire,1,NA,NA,NA,65,3.8,3.5,0
16602623,26,abstract_noun,5,132,NA,eolas,fios,0,knowledge,know,0,65,3.8,3.5,0
16602623,27,abstract_noun,9,142,2,seachtain,seachtain,1,NA,NA,NA,65,3.8,3.5,0
16602623,28,abstract_noun,6,278,2,aimsir,aimsir,1,NA,NA,NA,65,3.8,3.5,0
16602623,29,abstract_noun,5,381,2,gaoth,gaoth,1,NA,NA,NA,65,3.8,3.5,0
16602623,30,abstract_noun,4,456,2,dath,dath,1,NA,NA,NA,65,3.8,3.5,0
16602623,31,verb,4,17,2,cuir,cuir,1,NA,NA,NA,65,3.8,3.5,0
16602623,32,verb,4,20,2,déan,dean,1,NA,NA,NA,65,3.8,3.5,0
16602623,33,verb,7,24,1,tabhair,NA,0,to give/grant,give,0,65,3.8,3.5,0
16602623,34,verb,3,33,1,tar,teacht,0,to come,come,0,65,3.8,3.5,0
16602623,35,verb,5,36,2,faigh,faigh,1,NA,NA,NA,65,3.8,3.5,0
16602623,36,verb,5,41,1,téigh,te,0,to go,go,0,65,3.8,3.5,0
16602623,37,verb,4,76,2,feic,feic,1,NA,NA,NA,65,3.8,3.5,0
16602623,38,verb,4,88,0,féad,in ann/abalta,0,to be able to,able,0,65,3.8,3.5,0
16602623,39,verb,6,101,2,éirigh,eiri,0,to get up/to rise,rise up,0,65,3.8,3.5,0
16602623,40,verb,4,119,1,iarr,diar,0,to ask,ask,0,65,3.8,3.5,0
16602623,41,verb,5,133,NA,imigh,dfag,0,to leave/go away,go,0,65,3.8,3.5,0
16602623,42,verb,4,136,2,lean,lean,1,NA,NA,NA,65,3.8,3.5,0
16602623,43,verb,7,140,2,scríobh,scriobh,1,NA,NA,NA,65,3.8,3.5,0
16602623,44,verb,5,163,2,siúil,siuil,1,NA,NA,NA,65,3.8,3.5,0
16602623,45,verb,7,203,2,tosaigh,thosaigh,0,to start,start,0,65,3.8,3.5,0
16602623,46,adjective,5,80,2,ceart,ceart,1,NA,NA,NA,65,3.8,3.5,0
16602623,47,adjective,2,98,2,te,te,1,NA,NA,NA,65,3.8,3.5,0
16602623,48,adjective,2,121,2,óg,og,1,NA,NA,NA,65,3.8,3.5,0
16602623,49,adjective,4,137,2,fada,fada,1,NA,NA,NA,65,3.8,3.5,0
16602623,50,adjective,3,154,2,ard,ard,1,NA,NA,NA,65,3.8,3.5,0
16602623,51,adjective,6,212,1,iomlán,lan,0,full,full,1,65,3.8,3.5,0
16602623,52,adjective,4,305,2,fíor,fior,0,true,true,1,65,3.8,3.5,0
16602623,53,adjective,5,315,2,gearr,gear,0,short,cut,0,65,3.8,3.5,0
16602623,54,adjective,6,339,2,láidir,laidir,1,NA,NA,NA,65,3.8,3.5,0
16602623,55,adjective,3,364,2,beo,beo,1,NA,NA,NA,65,3.8,3.5,0
16602623,56,adjective,5,370,2,bocht,bocht,1,NA,NA,NA,65,3.8,3.5,0
16602623,57,adjective,7,407,0,iontach,arfeabhas,0,great,good,0,65,3.8,3.5,0
16602623,58,adjective,4,432,2,glan,glan,1,NA,NA,NA,65,3.8,3.5,0
16602623,59,adjective,3,461,2,bog,bog,1,NA,NA,NA,65,3.8,3.5,0
16602623,60,adjective,4,706,2,sean,sean,1,NA,NA,NA,65,3.8,3.5,0
16602624,1,concrete_noun,5,79,2,teach,teach,1,NA,NA,NA,80,1.8,1.75,0
16602624,2,concrete_noun,4,92,1,bean,mna,0,woman,woman,1,80,1.8,1.75,0
16602624,3,concrete_noun,5,107,2,scoil,scoil,1,NA,NA,NA,80,1.8,1.75,0
16602624,4,concrete_noun,7,139,2,leabhar,leabhait,0,book,book,1,80,1.8,1.75,0
16602624,5,concrete_noun,4,144,2,lámh,lambh,0,hand,hand,1,80,1.8,1.75,0
16602624,6,concrete_noun,7,157,2,airgead,airgead,1,NA,NA,NA,80,1.8,1.75,0
16602624,7,concrete_noun,4,158,2,béal,beal,1,NA,NA,NA,80,1.8,1.75,0
16602624,8,concrete_noun,5,217,2,uisce,uisce,1,NA,NA,NA,80,1.8,1.75,0
16602624,9,concrete_noun,6,220,1,oileán,NA,0,island,island,1,80,1.8,1.75,0
16602624,10,concrete_noun,7,238,2,cathair,cathar,0,city,city,1,80,1.8,1.75,0
16602624,11,concrete_noun,5,243,2,doras,doras,1,NA,NA,NA,80,1.8,1.75,0
16602624,12,concrete_noun,3,249,0,cos,NA,0,leg,beside,0,80,1.8,1.75,0
16602624,13,concrete_noun,4,258,2,croí,chroi,0,heart,heart,1,80,1.8,1.75,0
16602624,14,concrete_noun,9,310,2,múinteoir,muinteoir,1,NA,NA,NA,80,1.8,1.75,0
16602624,15,concrete_noun,3,384,2,bia,bia,1,NA,NA,NA,80,1.8,1.75,0
16602624,16,abstract_noun,6,39,2,bliain,blian,0,year,year,1,80,1.8,1.75,0
16602624,17,abstract_noun,2,59,2,lá,la,1,NA,NA,NA,80,1.8,1.75,0
16602624,18,abstract_noun,5,72,0,taobh,NA,0,side (noun),beside,0,80,1.8,1.75,0
16602624,19,abstract_noun,5,83,2,scéal,sceal,1,NA,NA,NA,80,1.8,1.75,0
16602624,20,abstract_noun,3,84,2,tír,tir,1,NA,NA,NA,80,1.8,1.75,0
16602624,21,abstract_noun,4,85,0,saol,NA,0,lifetime,life,0,80,1.8,1.75,0
16602624,22,abstract_noun,5,89,2,ceist,cest,0,question (noun),question,0,80,1.8,1.75,0
16602624,23,abstract_noun,6,115,2,teanga,leanga,0,language,language,1,80,1.8,1.75,0
16602624,24,abstract_noun,5,126,2,oíche,oiche,1,NA,NA,NA,80,1.8,1.75,0
16602624,25,abstract_noun,4,127,1,aire,cara,0,care/attention,care,0,80,1.8,1.75,0
16602624,26,abstract_noun,5,132,2,eolas,eolas,1,NA,NA,NA,80,1.8,1.75,0
16602624,27,abstract_noun,9,142,2,seachtain,seachtain,1,NA,NA,NA,80,1.8,1.75,0
16602624,28,abstract_noun,6,278,2,aimsir,aimshir,0,weather,weather,1,80,1.8,1.75,0
16602624,29,abstract_noun,5,381,2,gaoth,gaoth,1,NA,NA,NA,80,1.8,1.75,0
16602624,30,abstract_noun,4,456,0,dath,NA,0,colour,NA,0,80,1.8,1.75,0
16602624,31,verb,4,17,2,cuir,chuir,0,to put,put,0,80,1.8,1.75,0
16602624,32,verb,4,20,1,déan,rine,0,to do,do,0,80,1.8,1.75,0
16602624,33,verb,7,24,2,tabhair,tabhair,1,NA,NA,NA,80,1.8,1.75,0
16602624,34,verb,3,33,1,tar,tochaich,0,to come,come,0,80,1.8,1.75,0
16602624,35,verb,5,36,NA,faigh,fuar,0,to get/receive,NA,0,80,1.8,1.75,0
16602624,36,verb,5,41,1,téigh,NA,0,to go,go,0,80,1.8,1.75,0
16602624,37,verb,4,76,1,feic,chonaic,0,to see,see,0,80,1.8,1.75,0
16602624,38,verb,4,88,0,féad,to me aibalta,0,to be able to,NA,0,80,1.8,1.75,0
16602624,39,verb,6,101,1,éirigh,NA,0,to get up/to rise,get up,0,80,1.8,1.75,0
16602624,40,verb,4,119,0,iarr,NA,0,to ask,NA,0,80,1.8,1.75,0
16602624,41,verb,5,133,NA,imigh,imeacht,0,to leave/go away,go,0,80,1.8,1.75,0
16602624,42,verb,4,136,0,lean,NA,0,to follow,NA,0,80,1.8,1.75,0
16602624,43,verb,7,140,1,scríobh,scroib,0,to write,write,0,80,1.8,1.75,0
16602624,44,verb,5,163,1,siúil,NA,0,to walk,walk,0,80,1.8,1.75,0
16602624,45,verb,7,203,1,tosaigh,NA,0,to start,start,0,80,1.8,1.75,0
16602624,46,adjective,5,80,2,ceart,ceart,1,NA,NA,NA,80,1.8,1.75,0
16602624,47,adjective,2,98,2,te,teh,0,hot,hot,1,80,1.8,1.75,0
16602624,48,adjective,2,121,2,óg,og,1,NA,NA,NA,80,1.8,1.75,0
16602624,49,adjective,4,137,2,fada,fada,1,NA,NA,NA,80,1.8,1.75,0
16602624,50,adjective,3,154,1,ard,fada,0,tall/high,high,0,80,1.8,1.75,0
16602624,51,adjective,6,212,1,iomlán,lan,0,full,full,1,80,1.8,1.75,0
16602624,52,adjective,4,305,1,fíor,ceart,0,true,true,1,80,1.8,1.75,0
16602624,53,adjective,5,315,1,gearr,beag,0,short,short,1,80,1.8,1.75,0
16602624,54,adjective,6,339,0,láidir,NA,0,strong,big,0,80,1.8,1.75,0
16602624,55,adjective,3,364,2,beo,beo,1,NA,NA,NA,80,1.8,1.75,0
16602624,56,adjective,5,370,2,bocht,bocht,1,NA,NA,NA,80,1.8,1.75,0
16602624,57,adjective,7,407,0,iontach,go halin,0,great,wonderful,0,80,1.8,1.75,0
16602624,58,adjective,4,432,2,glan,glan,1,NA,NA,NA,80,1.8,1.75,0
16602624,59,adjective,3,461,2,bog,bolg,0,soft,soft,1,80,1.8,1.75,0
16602624,60,adjective,4,706,2,sean,sean,1,NA,NA,NA,80,1.8,1.75,0
16602625,1,concrete_noun,5,79,2,teach,teach,1,NA,NA,NA,80,2.8,3.25,0
16602625,2,concrete_noun,4,92,2,bean,bean,1,NA,NA,NA,80,2.8,3.25,0
16602625,3,concrete_noun,5,107,2,scoil,scoil,1,NA,NA,NA,80,2.8,3.25,0
16602625,4,concrete_noun,7,139,2,leabhar,leabhar,1,NA,NA,NA,80,2.8,3.25,0
16602625,5,concrete_noun,4,144,2,lámh,lámh,1,NA,NA,NA,80,2.8,3.25,0
16602625,6,concrete_noun,7,157,2,airgead,airgid,0,money,money,1,80,2.8,3.25,0
16602625,7,concrete_noun,4,158,2,béal,béal,1,NA,NA,NA,80,2.8,3.25,0
16602625,8,concrete_noun,5,217,2,uisce,uisce,1,NA,NA,NA,80,2.8,3.25,0
16602625,9,concrete_noun,6,220,2,oileán,oileán,1,NA,NA,NA,80,2.8,3.25,0
16602625,10,concrete_noun,7,238,2,cathair,cathair,1,NA,NA,NA,80,2.8,3.25,0
16602625,11,concrete_noun,5,243,2,doras,doras,1,NA,NA,NA,80,2.8,3.25,0
16602625,12,concrete_noun,3,249,2,cos,cos,1,NA,NA,NA,80,2.8,3.25,0
16602625,13,concrete_noun,4,258,2,croí,croí,1,NA,NA,NA,80,2.8,3.25,0
16602625,14,concrete_noun,9,310,2,múinteoir,múinteor,0,teacher,teacher,1,80,2.8,3.25,0
16602625,15,concrete_noun,3,384,2,bia,bia,1,NA,NA,NA,80,2.8,3.25,0
16602625,16,abstract_noun,6,39,2,bliain,blian,0,year,year,1,80,2.8,3.25,0
16602625,17,abstract_noun,2,59,2,lá,lá,1,NA,NA,NA,80,2.8,3.25,0
16602625,18,abstract_noun,5,72,2,taobh,taibh,0,side (noun),side,0,80,2.8,3.25,0
16602625,19,abstract_noun,5,83,2,scéal,scéal,1,NA,NA,NA,80,2.8,3.25,0
16602625,20,abstract_noun,3,84,2,tír,tír,1,NA,NA,NA,80,2.8,3.25,0
16602625,21,abstract_noun,4,85,0,saol,beatha,0,lifetime,life,0,80,2.8,3.25,0
16602625,22,abstract_noun,5,89,2,ceist,ceist,1,NA,NA,NA,80,2.8,3.25,0
16602625,23,abstract_noun,6,115,2,teanga,teanga,1,NA,NA,NA,80,2.8,3.25,0
16602625,24,abstract_noun,5,126,2,oíche,oíche,1,NA,NA,NA,80,2.8,3.25,0
16602625,25,abstract_noun,4,127,2,aire,aire,1,NA,NA,NA,80,2.8,3.25,0
16602625,26,abstract_noun,5,132,2,eolas,eolas,1,NA,NA,NA,80,2.8,3.25,0
16602625,27,abstract_noun,9,142,2,seachtain,seachtain,1,NA,NA,NA,80,2.8,3.25,0
16602625,28,abstract_noun,6,278,2,aimsir,aimsir,1,NA,NA,NA,80,2.8,3.25,0
16602625,29,abstract_noun,5,381,2,gaoth,gaoithe,0,wind,wind,1,80,2.8,3.25,0
16602625,30,abstract_noun,4,456,2,dath,dath,1,NA,NA,NA,80,2.8,3.25,0
16602625,31,verb,4,17,2,cuir,cuir,1,NA,NA,NA,80,2.8,3.25,0
16602625,32,verb,4,20,2,déan,déan,1,NA,NA,NA,80,2.8,3.25,0
16602625,33,verb,7,24,2,tabhair,tabhair,1,NA,NA,NA,80,2.8,3.25,0
16602625,34,verb,3,33,2,tar,tar,1,NA,NA,NA,80,2.8,3.25,0
16602625,35,verb,5,36,2,faigh,faigh,1,NA,NA,NA,80,2.8,3.25,0
16602625,36,verb,5,41,1,téigh,NA,0,to go,go,0,80,2.8,3.25,0
16602625,37,verb,4,76,2,feic,feic,1,NA,NA,NA,80,2.8,3.25,0
16602625,38,verb,4,88,0,féad,in ann,0,to be able to,NA,0,80,2.8,3.25,0
16602625,39,verb,6,101,2,éirigh,eirigh,1,NA,NA,NA,80,2.8,3.25,0
16602625,40,verb,4,119,0,iarr,ceist,0,to ask,back,0,80,2.8,3.25,0
16602625,41,verb,5,133,2,imigh,imigh,1,NA,NA,NA,80,2.8,3.25,0
16602625,42,verb,4,136,2,lean,lea,0,to follow,proceed,0,80,2.8,3.25,0
16602625,43,verb,7,140,2,scríobh,scríobh,1,NA,NA,NA,80,2.8,3.25,0
16602625,44,verb,5,163,2,siúil,siúl,0,to walk,walk,0,80,2.8,3.25,0
16602625,45,verb,7,203,2,tosaigh,tosaigh,1,NA,NA,NA,80,2.8,3.25,0
16602625,46,adjective,5,80,2,ceart,ceart,1,NA,NA,NA,80,2.8,3.25,0
16602625,47,adjective,2,98,2,te,te,1,NA,NA,NA,80,2.8,3.25,0
16602625,48,adjective,2,121,1,óg,NA,0,young,young,1,80,2.8,3.25,0
16602625,49,adjective,4,137,2,fada,fada,1,NA,NA,NA,80,2.8,3.25,0
16602625,50,adjective,3,154,2,ard,ard,1,NA,NA,NA,80,2.8,3.25,0
16602625,51,adjective,6,212,1,iomlán,lán,0,full,full,1,80,2.8,3.25,0
16602625,52,adjective,4,305,2,fíor,fíor,1,NA,NA,NA,80,2.8,3.25,0
16602625,53,adjective,5,315,0,gearr,NA,0,short,cut,0,80,2.8,3.25,0
16602625,54,adjective,6,339,2,láidir,láidir,1,NA,NA,NA,80,2.8,3.25,0
16602625,55,adjective,3,364,2,beo,beo,1,NA,NA,NA,80,2.8,3.25,0
16602625,56,adjective,5,370,2,bocht,bocht,1,NA,NA,NA,80,2.8,3.25,0
16602625,57,adjective,7,407,1,iontach,álainn,0,great,great,1,80,2.8,3.25,0
16602625,58,adjective,4,432,2,glan,glan,1,NA,NA,NA,80,2.8,3.25,0
16602625,59,adjective,3,461,2,bog,bog,1,NA,NA,NA,80,2.8,3.25,0
16602625,60,adjective,4,706,2,sean,sean,1,NA,NA,NA,80,2.8,3.25,0
16602626,1,concrete_noun,5,79,2,teach,teach,1,NA,NA,NA,80,2.4,2.75,0
16602626,2,concrete_noun,4,92,2,bean,bean,1,NA,NA,NA,80,2.4,2.75,0
16602626,3,concrete_noun,5,107,2,scoil,scoil,1,NA,NA,NA,80,2.4,2.75,0
16602626,4,concrete_noun,7,139,2,leabhar,leabhar,1,NA,NA,NA,80,2.4,2.75,0
16602626,5,concrete_noun,4,144,2,lámh,lamh,1,NA,NA,NA,80,2.4,2.75,0
16602626,6,concrete_noun,7,157,2,airgead,airgead,1,NA,NA,NA,80,2.4,2.75,0
16602626,7,concrete_noun,4,158,2,béal,beal,1,NA,NA,NA,80,2.4,2.75,0
16602626,8,concrete_noun,5,217,2,uisce,uisce,1,NA,NA,NA,80,2.4,2.75,0
16602626,9,concrete_noun,6,220,2,oileán,uilean,0,island,island,1,80,2.4,2.75,0
16602626,10,concrete_noun,7,238,0,cathair,chontae,0,city,chair,0,80,2.4,2.75,0
16602626,11,concrete_noun,5,243,2,doras,doras,1,NA,NA,NA,80,2.4,2.75,0
16602626,12,concrete_noun,3,249,2,cos,cos,1,NA,NA,NA,80,2.4,2.75,0
16602626,13,concrete_noun,4,258,2,croí,croi,1,NA,NA,NA,80,2.4,2.75,0
16602626,14,concrete_noun,9,310,2,múinteoir,muinteoir,1,NA,NA,NA,80,2.4,2.75,0
16602626,15,concrete_noun,3,384,2,bia,bia,1,NA,NA,NA,80,2.4,2.75,0
16602626,16,abstract_noun,6,39,2,bliain,bliana,0,year,year,1,80,2.4,2.75,0
16602626,17,abstract_noun,2,59,1,lá,NA,0,day,day,1,80,2.4,2.75,0
16602626,18,abstract_noun,5,72,NA,taobh,Thug,0,side (noun),to go out,0,80,2.4,2.75,0
16602626,19,abstract_noun,5,83,2,scéal,sceal,1,NA,NA,NA,80,2.4,2.75,0
16602626,20,abstract_noun,3,84,2,tír,tire,0,country,country,1,80,2.4,2.75,0
16602626,21,abstract_noun,4,85,0,saol,...,0,lifetime,life,0,80,2.4,2.75,0
16602626,22,abstract_noun,5,89,2,ceist,ceist,1,NA,NA,NA,80,2.4,2.75,0
16602626,23,abstract_noun,6,115,1,teanga,NA,0,language,language,1,80,2.4,2.75,0
16602626,24,abstract_noun,5,126,2,oíche,oiche,1,NA,NA,NA,80,2.4,2.75,0
16602626,25,abstract_noun,4,127,0,aire,go chur le cheile,0,care/attention,to help,0,80,2.4,2.75,0
16602626,26,abstract_noun,5,132,2,eolas,eolas,1,NA,NA,NA,80,2.4,2.75,0
16602626,27,abstract_noun,9,142,2,seachtain,seachtain,1,NA,NA,NA,80,2.4,2.75,0
16602626,28,abstract_noun,6,278,2,aimsir,aimsir,1,NA,NA,NA,80,2.4,2.75,0
16602626,29,abstract_noun,5,381,1,gaoth,gaofar,0,wind,wind,1,80,2.4,2.75,0
16602626,30,abstract_noun,4,456,2,dath,dath,1,NA,NA,NA,80,2.4,2.75,0
16602626,31,verb,4,17,2,cuir,Chuir,0,to put,to put,1,80,2.4,2.75,0
16602626,32,verb,4,20,1,déan,Rinne,0,to do,to do,1,80,2.4,2.75,0
16602626,33,verb,7,24,2,tabhair,tabhairt,0,to give/grant,to give,0,80,2.4,2.75,0
16602626,34,verb,3,33,1,tar,thainig,0,to come,to come,1,80,2.4,2.75,0
16602626,35,verb,5,36,1,faigh,NA,0,to get/receive,to get,0,80,2.4,2.75,0
16602626,36,verb,5,41,1,téigh,chuaigh,0,to go,to go,1,80,2.4,2.75,0
16602626,37,verb,4,76,NA,feic,feach,0,to see,to look,0,80,2.4,2.75,0
16602626,38,verb,4,88,0,féad,abalta,0,to be able to,alive,0,80,2.4,2.75,0
16602626,39,verb,6,101,1,éirigh,dhuisigh,0,to get up/to rise,to get up,0,80,2.4,2.75,0
16602626,40,verb,4,119,0,iarr,chuir cei,0,to ask,short,0,80,2.4,2.75,0
16602626,41,verb,5,133,1,imigh,Teigh amach,0,to leave/go away,to go away,0,80,2.4,2.75,0
16602626,42,verb,4,136,0,lean,tabhair aire liom,0,to follow,full,0,80,2.4,2.75,0
16602626,43,verb,7,140,2,scríobh,scriobh,1,NA,NA,NA,80,2.4,2.75,0
16602626,44,verb,5,163,2,siúil,siul,0,to walk,walk,0,80,2.4,2.75,0
16602626,45,verb,7,203,2,tosaigh,thosaigh,0,to start,start,0,80,2.4,2.75,0
16602626,46,adjective,5,80,2,ceart,ceart,1,NA,NA,NA,80,2.4,2.75,0
16602626,47,adjective,2,98,2,te,te,1,NA,NA,NA,80,2.4,2.75,0
16602626,48,adjective,2,121,1,óg,oige,0,young,young,1,80,2.4,2.75,0
16602626,49,adjective,4,137,2,fada,fada,1,NA,NA,NA,80,2.4,2.75,0
16602626,50,adjective,3,154,2,ard,ard,1,NA,NA,NA,80,2.4,2.75,0
16602626,51,adjective,6,212,0,iomlán,uile,0,full,alot,0,80,2.4,2.75,0
16602626,52,adjective,4,305,1,fíor,ceart,0,true,true,1,80,2.4,2.75,0
16602626,53,adjective,5,315,1,gearr,fada,0,short,short,1,80,2.4,2.75,0
16602626,54,adjective,6,339,1,láidir,....,0,strong,strong,1,80,2.4,2.75,0
16602626,55,adjective,3,364,2,beo,beu,0,alive,alive,1,80,2.4,2.75,0
16602626,56,adjective,5,370,1,bocht,.....,0,poor,poor,1,80,2.4,2.75,0
16602626,57,adjective,7,407,0,iontach,an mhaith,0,great,wonderful,0,80,2.4,2.75,0
16602626,58,adjective,4,432,2,glan,ghlan,0,clean,to clean,0,80,2.4,2.75,0
16602626,59,adjective,3,461,0,bog,....,0,soft,field,0,80,2.4,2.75,0
16602626,60,adjective,4,706,1,sean,sine,0,old,old,1,80,2.4,2.75,0
16602627,1,concrete_noun,5,79,2,teach,teach,1,NA,NA,NA,65,2.6,1.25,0
16602627,2,concrete_noun,4,92,2,bean,bean,1,NA,NA,NA,65,2.6,1.25,0
16602627,3,concrete_noun,5,107,1,scoil,NA,0,school,school,1,65,2.6,1.25,0
16602627,4,concrete_noun,7,139,2,leabhar,leabhair,0,book,book,1,65,2.6,1.25,0
16602627,5,concrete_noun,4,144,2,lámh,lámh,1,NA,NA,NA,65,2.6,1.25,0
16602627,6,concrete_noun,7,157,2,airgead,airgead,1,NA,NA,NA,65,2.6,1.25,0
16602627,7,concrete_noun,4,158,2,béal,béal,1,NA,NA,NA,65,2.6,1.25,0
16602627,8,concrete_noun,5,217,2,uisce,uisce,1,NA,NA,NA,65,2.6,1.25,0
16602627,9,concrete_noun,6,220,1,oileán,NA,0,island,island,1,65,2.6,1.25,0
16602627,10,concrete_noun,7,238,2,cathair,cathair,1,NA,NA,NA,65,2.6,1.25,0
16602627,11,concrete_noun,5,243,2,doras,doras,1,NA,NA,NA,65,2.6,1.25,0
16602627,12,concrete_noun,3,249,NA,cos,coisc,0,leg,foot,0,65,2.6,1.25,0
16602627,13,concrete_noun,4,258,1,croí,cor,0,heart,heart,1,65,2.6,1.25,0
16602627,14,concrete_noun,9,310,2,múinteoir,muinteoir,1,NA,NA,NA,65,2.6,1.25,0
16602627,15,concrete_noun,3,384,2,bia,bia,1,NA,NA,NA,65,2.6,1.25,0
16602627,16,abstract_noun,6,39,1,bliain,NA,0,year,year,1,65,2.6,1.25,0
16602627,17,abstract_noun,2,59,2,lá,lá,1,NA,NA,NA,65,2.6,1.25,0
16602627,18,abstract_noun,5,72,0,taobh,NA,0,side (noun),side,0,65,2.6,1.25,0
16602627,19,abstract_noun,5,83,2,scéal,scéal,1,NA,NA,NA,65,2.6,1.25,0
16602627,20,abstract_noun,3,84,2,tír,tir,1,NA,NA,NA,65,2.6,1.25,0
16602627,21,abstract_noun,4,85,0,saol,NA,0,lifetime,life,0,65,2.6,1.25,0
16602627,22,abstract_noun,5,89,0,ceist,ceisteanna,0,question (noun),question,0,65,2.6,1.25,0
16602627,23,abstract_noun,6,115,1,teanga,NA,0,language,language,1,65,2.6,1.25,0
16602627,24,abstract_noun,5,126,2,oíche,oiche,1,NA,NA,NA,65,2.6,1.25,0
16602627,25,abstract_noun,4,127,1,aire,NA,0,care/attention,to care,0,65,2.6,1.25,0
16602627,26,abstract_noun,5,132,0,eolas,NA,0,knowledge,information,0,65,2.6,1.25,0
16602627,27,abstract_noun,9,142,2,seachtain,seachtain,1,NA,NA,NA,65,2.6,1.25,0
16602627,28,abstract_noun,6,278,2,aimsir,aimsir,1,NA,NA,NA,65,2.6,1.25,0
16602627,29,abstract_noun,5,381,2,gaoth,gaoth,1,NA,NA,NA,65,2.6,1.25,0
16602627,30,abstract_noun,4,456,2,dath,dáth,0,colour,colour,1,65,2.6,1.25,0
16602627,31,verb,4,17,2,cuir,chuir,0,to put,to put,1,65,2.6,1.25,0
16602627,32,verb,4,20,1,déan,rinne,0,to do,to do,1,65,2.6,1.25,0
16602627,33,verb,7,24,1,tabhair,Thog do,0,to give/grant,to give,0,65,2.6,1.25,0
16602627,34,verb,3,33,1,tar,thaining,0,to come,to come,1,65,2.6,1.25,0
16602627,35,verb,5,36,NA,faigh,Thug,0,to get/receive,to let go,0,65,2.6,1.25,0
16602627,36,verb,5,41,1,téigh,chuaigh,0,to go,to go,1,65,2.6,1.25,0
16602627,37,verb,4,76,2,feic,feic,1,NA,NA,NA,65,2.6,1.25,0
16602627,38,verb,4,88,0,féad,NA,0,to be able to,whistle,0,65,2.6,1.25,0
16602627,39,verb,6,101,1,éirigh,eirigh le,0,to get up/to rise,get up,0,65,2.6,1.25,0
16602627,40,verb,4,119,0,iarr,freagair,0,to ask,short,0,65,2.6,1.25,0
16602627,41,verb,5,133,0,imigh,NA,0,to leave/go away,to go,0,65,2.6,1.25,0
16602627,42,verb,4,136,0,lean,NA,0,to follow,thin,0,65,2.6,1.25,0
16602627,43,verb,7,140,1,scríobh,NA,0,to write,to write,1,65,2.6,1.25,0
16602627,44,verb,5,163,1,siúil,ag siu,0,to walk,to walk,1,65,2.6,1.25,0
16602627,45,verb,7,203,1,tosaigh,NA,0,to start,to start,1,65,2.6,1.25,0
16602627,46,adjective,5,80,0,ceart,ceart go leor,0,correct,right,0,65,2.6,1.25,0
16602627,47,adjective,2,98,2,te,té,0,hot,NA,0,65,2.6,1.25,0
16602627,48,adjective,2,121,2,óg,óg,1,NA,NA,NA,65,2.6,1.25,0
16602627,49,adjective,4,137,0,fada,NA,0,long,short,0,65,2.6,1.25,0
16602627,50,adjective,3,154,2,ard,ard,1,NA,NA,NA,65,2.6,1.25,0
16602627,51,adjective,6,212,0,iomlán,NA,0,full,sweet,0,65,2.6,1.25,0
16602627,52,adjective,4,305,1,fíor,faic,0,true,true,1,65,2.6,1.25,0
16602627,53,adjective,5,315,1,gearr,NA,0,short,short,1,65,2.6,1.25,0
16602627,54,adjective,6,339,0,láidir,NA,0,strong,tall,0,65,2.6,1.25,0
16602627,55,adjective,3,364,0,beo,NA,0,alive,small,0,65,2.6,1.25,0
16602627,56,adjective,5,370,1,bocht,NA,0,poor,poor,1,65,2.6,1.25,0
16602627,57,adjective,7,407,NA,iontach,go iontach,0,great,wonderful,0,65,2.6,1.25,0
16602627,58,adjective,4,432,2,glan,glan,1,NA,NA,NA,65,2.6,1.25,0
16602627,59,adjective,3,461,2,bog,bog,1,NA,NA,NA,65,2.6,1.25,0
16602627,60,adjective,4,706,1,sean,NA,0,old,old,1,65,2.6,1.25,0
16602628,1,concrete_noun,5,79,2,teach,teach,1,NA,NA,NA,65,3.4,4.75,0
16602628,2,concrete_noun,4,92,2,bean,bean,1,NA,NA,NA,65,3.4,4.75,0
16602628,3,concrete_noun,5,107,2,scoil,scoil,1,NA,NA,NA,65,3.4,4.75,0
16602628,4,concrete_noun,7,139,2,leabhar,leabhair,0,book,book,1,65,3.4,4.75,0
16602628,5,concrete_noun,4,144,2,lámh,lamh,1,NA,NA,NA,65,3.4,4.75,0
16602628,6,concrete_noun,7,157,2,airgead,airgead,1,NA,NA,NA,65,3.4,4.75,0
16602628,7,concrete_noun,4,158,2,béal,beál,0,mouth,mouth,1,65,3.4,4.75,0
16602628,8,concrete_noun,5,217,2,uisce,uisce,1,NA,NA,NA,65,3.4,4.75,0
16602628,9,concrete_noun,6,220,2,oileán,oilean,1,NA,NA,NA,65,3.4,4.75,0
16602628,10,concrete_noun,7,238,2,cathair,cathair,1,NA,NA,NA,65,3.4,4.75,0
16602628,11,concrete_noun,5,243,2,doras,doras,1,NA,NA,NA,65,3.4,4.75,0
16602628,12,concrete_noun,3,249,2,cos,cos,1,NA,NA,NA,65,3.4,4.75,0
16602628,13,concrete_noun,4,258,2,croí,croi,1,NA,NA,NA,65,3.4,4.75,0
16602628,14,concrete_noun,9,310,2,múinteoir,muinteoir,1,NA,NA,NA,65,3.4,4.75,0
16602628,15,concrete_noun,3,384,2,bia,bia,1,NA,NA,NA,65,3.4,4.75,0
16602628,16,abstract_noun,6,39,2,bliain,blian,0,year,year,1,65,3.4,4.75,0
16602628,17,abstract_noun,2,59,2,lá,lá,1,NA,NA,NA,65,3.4,4.75,0
16602628,18,abstract_noun,5,72,2,taobh,taobh,1,NA,NA,NA,65,3.4,4.75,0
16602628,19,abstract_noun,5,83,2,scéal,sceal,1,NA,NA,NA,65,3.4,4.75,0
16602628,20,abstract_noun,3,84,2,tír,tir,1,NA,NA,NA,65,3.4,4.75,0
16602628,21,abstract_noun,4,85,0,saol,saol beatha,0,lifetime,life,0,65,3.4,4.75,0
16602628,22,abstract_noun,5,89,2,ceist,ceist,1,NA,NA,NA,65,3.4,4.75,0
16602628,23,abstract_noun,6,115,2,teanga,teanga,1,NA,NA,NA,65,3.4,4.75,0
16602628,24,abstract_noun,5,126,2,oíche,oiche,1,NA,NA,NA,65,3.4,4.75,0
16602628,25,abstract_noun,4,127,2,aire,aire,1,NA,NA,NA,65,3.4,4.75,0
16602628,26,abstract_noun,5,132,2,eolas,eolas,1,NA,NA,NA,65,3.4,4.75,0
16602628,27,abstract_noun,9,142,2,seachtain,seachtain,1,NA,NA,NA,65,3.4,4.75,0
16602628,28,abstract_noun,6,278,2,aimsir,aimsir,1,NA,NA,NA,65,3.4,4.75,0
16602628,29,abstract_noun,5,381,2,gaoth,gaoth,1,NA,NA,NA,65,3.4,4.75,0
16602628,30,abstract_noun,4,456,2,dath,dath,1,NA,NA,NA,65,3.4,4.75,0
16602628,31,verb,4,17,2,cuir,cuir,1,NA,NA,NA,65,3.4,4.75,0
16602628,32,verb,4,20,2,déan,dean,1,NA,NA,NA,65,3.4,4.75,0
16602628,33,verb,7,24,2,tabhair,tabhair,1,NA,NA,NA,65,3.4,4.75,0
16602628,34,verb,3,33,1,tar,teacgt,0,to come,come,0,65,3.4,4.75,0
16602628,35,verb,5,36,1,faigh,fuair,0,to get/receive,get,0,65,3.4,4.75,0
16602628,36,verb,5,41,1,téigh,imeacht,0,to go,go,0,65,3.4,4.75,0
16602628,37,verb,4,76,0,feic,feachal,0,to see,look,0,65,3.4,4.75,0
16602628,38,verb,4,88,0,féad,bheith abalta,0,to be able to,for,0,65,3.4,4.75,0
16602628,39,verb,6,101,2,éirigh,eiri,0,to get up/to rise,rise,0,65,3.4,4.75,0
16602628,40,verb,4,119,1,iarr,diafraig,0,to ask,ask,0,65,3.4,4.75,0
16602628,41,verb,5,133,NA,imigh,fág,0,to leave/go away,go,0,65,3.4,4.75,0
16602628,42,verb,4,136,1,lean,ina dhiai,0,to follow,follow,0,65,3.4,4.75,0
16602628,43,verb,7,140,2,scríobh,scriobh,1,NA,NA,NA,65,3.4,4.75,0
16602628,44,verb,5,163,2,siúil,suil,0,to walk,walk,0,65,3.4,4.75,0
16602628,45,verb,7,203,1,tosaigh,tús,0,to start,start,0,65,3.4,4.75,0
16602628,46,adjective,5,80,2,ceart,ceart,1,NA,NA,NA,65,3.4,4.75,0
16602628,47,adjective,2,98,2,te,te,1,NA,NA,NA,65,3.4,4.75,0
16602628,48,adjective,2,121,2,óg,óg,1,NA,NA,NA,65,3.4,4.75,0
16602628,49,adjective,4,137,2,fada,fada,1,NA,NA,NA,65,3.4,4.75,0
16602628,50,adjective,3,154,2,ard,aird,0,tall/high,high,0,65,3.4,4.75,0
16602628,51,adjective,6,212,1,iomlán,lán,0,full,full,1,65,3.4,4.75,0
16602628,52,adjective,4,305,2,fíor,fior,0,true,true,1,65,3.4,4.75,0
16602628,53,adjective,5,315,1,gearr,beag,0,short,short,1,65,3.4,4.75,0
16602628,54,adjective,6,339,2,láidir,laidir,1,NA,NA,NA,65,3.4,4.75,0
16602628,55,adjective,3,364,2,beo,beo,1,NA,NA,NA,65,3.4,4.75,0
16602628,56,adjective,5,370,2,bocht,bocht,1,NA,NA,NA,65,3.4,4.75,0
16602628,57,adjective,7,407,0,iontach,at fheabhas,0,great,excellent,0,65,3.4,4.75,0
16602628,58,adjective,4,432,2,glan,glan,1,NA,NA,NA,65,3.4,4.75,0
16602628,59,adjective,3,461,2,bog,bog,1,NA,NA,NA,65,3.4,4.75,0
16602628,60,adjective,4,706,2,sean,sean,1,NA,NA,NA,65,3.4,4.75,0
16602629,1,concrete_noun,5,79,2,teach,teach,1,NA,NA,NA,80,2.6,3.5,0
16602629,2,concrete_noun,4,92,2,bean,bean,1,NA,NA,NA,80,2.6,3.5,0
16602629,3,concrete_noun,5,107,2,scoil,scoil,1,NA,NA,NA,80,2.6,3.5,0
16602629,4,concrete_noun,7,139,2,leabhar,leabhar,1,NA,NA,NA,80,2.6,3.5,0
16602629,5,concrete_noun,4,144,2,lámh,lámh,1,NA,NA,NA,80,2.6,3.5,0
16602629,6,concrete_noun,7,157,2,airgead,airgead,1,NA,NA,NA,80,2.6,3.5,0
16602629,7,concrete_noun,4,158,2,béal,béal,1,NA,NA,NA,80,2.6,3.5,0
16602629,8,concrete_noun,5,217,2,uisce,uisce,1,NA,NA,NA,80,2.6,3.5,0
16602629,9,concrete_noun,6,220,2,oileán,oileán,1,NA,NA,NA,80,2.6,3.5,0
16602629,10,concrete_noun,7,238,2,cathair,cathair,1,NA,NA,NA,80,2.6,3.5,0
16602629,11,concrete_noun,5,243,2,doras,doras,1,NA,NA,NA,80,2.6,3.5,0
16602629,12,concrete_noun,3,249,2,cos,cos,1,NA,NA,NA,80,2.6,3.5,0
16602629,13,concrete_noun,4,258,1,croí,NA,0,heart,heart,1,80,2.6,3.5,0
16602629,14,concrete_noun,9,310,2,múinteoir,múinteoir,1,NA,NA,NA,80,2.6,3.5,0
16602629,15,concrete_noun,3,384,2,bia,bia,1,NA,NA,NA,80,2.6,3.5,0
16602629,16,abstract_noun,6,39,2,bliain,blian,0,year,year,1,80,2.6,3.5,0
16602629,17,abstract_noun,2,59,2,lá,lá,1,NA,NA,NA,80,2.6,3.5,0
16602629,18,abstract_noun,5,72,0,taobh,leath taobh,0,side (noun),side,0,80,2.6,3.5,0
16602629,19,abstract_noun,5,83,2,scéal,scéal,1,NA,NA,NA,80,2.6,3.5,0
16602629,20,abstract_noun,3,84,2,tír,tír,1,NA,NA,NA,80,2.6,3.5,0
16602629,21,abstract_noun,4,85,2,saol,saol,1,NA,NA,NA,80,2.6,3.5,0
16602629,22,abstract_noun,5,89,NA,ceist,mise,0,question (noun),question,0,80,2.6,3.5,0
16602629,23,abstract_noun,6,115,2,teanga,teanga,1,NA,NA,NA,80,2.6,3.5,0
16602629,24,abstract_noun,5,126,2,oíche,oiche,1,NA,NA,NA,80,2.6,3.5,0
16602629,25,abstract_noun,4,127,1,aire,cúramach,0,care/attention,attention,0,80,2.6,3.5,0
16602629,26,abstract_noun,5,132,2,eolas,eolas,1,NA,NA,NA,80,2.6,3.5,0
16602629,27,abstract_noun,9,142,2,seachtain,seachtain,1,NA,NA,NA,80,2.6,3.5,0
16602629,28,abstract_noun,6,278,1,aimsir,NA,0,weather,weather,1,80,2.6,3.5,0
16602629,29,abstract_noun,5,381,2,gaoth,gaoth,1,NA,NA,NA,80,2.6,3.5,0
16602629,30,abstract_noun,4,456,2,dath,dath,1,NA,NA,NA,80,2.6,3.5,0
16602629,31,verb,4,17,2,cuir,cuir,1,NA,NA,NA,80,2.6,3.5,0
16602629,32,verb,4,20,2,déan,déan,1,NA,NA,NA,80,2.6,3.5,0
16602629,33,verb,7,24,2,tabhair,tabhair,1,NA,NA,NA,80,2.6,3.5,0
16602629,34,verb,3,33,1,tar,ag teacht,0,to come,come,0,80,2.6,3.5,0
16602629,35,verb,5,36,NA,faigh,fuair,0,to get/receive,wait,0,80,2.6,3.5,0
16602629,36,verb,5,41,1,téigh,té,0,to go,go,0,80,2.6,3.5,0
16602629,37,verb,4,76,2,feic,feic,1,NA,NA,NA,80,2.6,3.5,0
16602629,38,verb,4,88,0,féad,ábalta,0,to be able to,NA,0,80,2.6,3.5,0
16602629,39,verb,6,101,2,éirigh,eiri,0,to get up/to rise,get up,0,80,2.6,3.5,0
16602629,40,verb,4,119,0,iarr,cuir ceist,0,to ask,west,0,80,2.6,3.5,0
16602629,41,verb,5,133,1,imigh,imeacht,0,to leave/go away,leave,0,80,2.6,3.5,0
16602629,42,verb,4,136,0,lean,in ai,0,to follow,continue,0,80,2.6,3.5,0
16602629,43,verb,7,140,2,scríobh,scríobh,1,NA,NA,NA,80,2.6,3.5,0
16602629,44,verb,5,163,2,siúil,súil,0,to walk,walk,0,80,2.6,3.5,0
16602629,45,verb,7,203,2,tosaigh,tosaig,0,to start,start,0,80,2.6,3.5,0
16602629,46,adjective,5,80,1,ceart,NA,0,correct,correct,1,80,2.6,3.5,0
16602629,47,adjective,2,98,2,te,te,1,NA,NA,NA,80,2.6,3.5,0
16602629,48,adjective,2,121,2,óg,óg,1,NA,NA,NA,80,2.6,3.5,0
16602629,49,adjective,4,137,2,fada,fada,1,NA,NA,NA,80,2.6,3.5,0
16602629,50,adjective,3,154,2,ard,árd,0,tall/high,tall,0,80,2.6,3.5,0
16602629,51,adjective,6,212,1,iomlán,lán,0,full,full,1,80,2.6,3.5,0
16602629,52,adjective,4,305,2,fíor,fíor,1,NA,NA,NA,80,2.6,3.5,0
16602629,53,adjective,5,315,1,gearr,beag,0,short,short,1,80,2.6,3.5,0
16602629,54,adjective,6,339,2,láidir,láidir,1,NA,NA,NA,80,2.6,3.5,0
16602629,55,adjective,3,364,2,beo,beo,1,NA,NA,NA,80,2.6,3.5,0
16602629,56,adjective,5,370,1,bocht,NA,0,poor,poor,1,80,2.6,3.5,0
16602629,57,adjective,7,407,NA,iontach,go hiontach,0,great,wonderful,0,80,2.6,3.5,0
16602629,58,adjective,4,432,2,glan,glan,1,NA,NA,NA,80,2.6,3.5,0
16602629,59,adjective,3,461,2,bog,bog,1,NA,NA,NA,80,2.6,3.5,0
16602629,60,adjective,4,706,2,sean,sean,1,NA,NA,NA,80,2.6,3.5,0
16602630,1,concrete_noun,5,79,1,teach,tigh,0,house,house,1,40,3.2,1.5,0
16602630,2,concrete_noun,4,92,2,bean,bean,1,NA,NA,NA,40,3.2,1.5,0
16602630,3,concrete_noun,5,107,2,scoil,scoil,1,NA,NA,NA,40,3.2,1.5,0
16602630,4,concrete_noun,7,139,2,leabhar,leabhar,1,NA,NA,NA,40,3.2,1.5,0
16602630,5,concrete_noun,4,144,2,lámh,lamh,1,NA,NA,NA,40,3.2,1.5,0
16602630,6,concrete_noun,7,157,2,airgead,airgead,1,NA,NA,NA,40,3.2,1.5,0
16602630,7,concrete_noun,4,158,2,béal,beal,1,NA,NA,NA,40,3.2,1.5,0
16602630,8,concrete_noun,5,217,2,uisce,uisce,1,NA,NA,NA,40,3.2,1.5,0
16602630,9,concrete_noun,6,220,2,oileán,oilean,1,NA,NA,NA,40,3.2,1.5,0
16602630,10,concrete_noun,7,238,1,cathair,cathrach,0,city,city,1,40,3.2,1.5,0
16602630,11,concrete_noun,5,243,2,doras,duras,0,door,door,1,40,3.2,1.5,0
16602630,12,concrete_noun,3,249,2,cos,cos,1,NA,NA,NA,40,3.2,1.5,0
16602630,13,concrete_noun,4,258,2,croí,croi,1,NA,NA,NA,40,3.2,1.5,0
16602630,14,concrete_noun,9,310,2,múinteoir,muinteor,0,teacher,teacher,1,40,3.2,1.5,0
16602630,15,concrete_noun,3,384,2,bia,bia,1,NA,NA,NA,40,3.2,1.5,0
16602630,16,abstract_noun,6,39,2,bliain,blian,0,year,year,1,40,3.2,1.5,0
16602630,17,abstract_noun,2,59,2,lá,la,1,NA,NA,NA,40,3.2,1.5,0
16602630,18,abstract_noun,5,72,2,taobh,taobh,1,NA,NA,NA,40,3.2,1.5,0
16602630,19,abstract_noun,5,83,2,scéal,sceal,1,NA,NA,NA,40,3.2,1.5,0
16602630,20,abstract_noun,3,84,1,tír,NA,0,country,country,1,40,3.2,1.5,0
16602630,21,abstract_noun,4,85,2,saol,saol,1,NA,NA,NA,40,3.2,1.5,0
16602630,22,abstract_noun,5,89,2,ceist,ceist,1,NA,NA,NA,40,3.2,1.5,0
16602630,23,abstract_noun,6,115,1,teanga,NA,0,language,language,1,40,3.2,1.5,0
16602630,24,abstract_noun,5,126,2,oíche,oiche,1,NA,NA,NA,40,3.2,1.5,0
16602630,25,abstract_noun,4,127,1,aire,cur,0,care/attention,care,0,40,3.2,1.5,0
16602630,26,abstract_noun,5,132,1,eolas,fhiosrach,0,knowledge,knowledge,0,40,3.2,1.5,0
16602630,27,abstract_noun,9,142,2,seachtain,seachtain,1,NA,NA,NA,40,3.2,1.5,0
16602630,28,abstract_noun,6,278,2,aimsir,aimsir,1,NA,NA,NA,40,3.2,1.5,0
16602630,29,abstract_noun,5,381,2,gaoth,gaoth,1,NA,NA,NA,40,3.2,1.5,0
16602630,30,abstract_noun,4,456,2,dath,dath,1,NA,NA,NA,40,3.2,1.5,0
16602630,31,verb,4,17,1,cuir,NA,0,to put,put,0,40,3.2,1.5,0
16602630,32,verb,4,20,1,déan,NA,0,to do,do,0,40,3.2,1.5,0
16602630,33,verb,7,24,0,tabhair,NA,0,to give/grant,NA,0,40,3.2,1.5,0
16602630,34,verb,3,33,1,tar,thainig,0,to come,come,0,40,3.2,1.5,0
16602630,35,verb,5,36,0,faigh,NA,0,to get/receive,NA,0,40,3.2,1.5,0
16602630,36,verb,5,41,0,téigh,NA,0,to go,NA,0,40,3.2,1.5,0
16602630,37,verb,4,76,1,feic,NA,0,to see,see,0,40,3.2,1.5,0
16602630,38,verb,4,88,0,féad,fhios,0,to be able to,NA,0,40,3.2,1.5,0
16602630,39,verb,6,101,1,éirigh,NA,0,to get up/to rise,get up,0,40,3.2,1.5,0
16602630,40,verb,4,119,0,iarr,cur ceist,0,to ask,NA,0,40,3.2,1.5,0
16602630,41,verb,5,133,0,imigh,dul amach,0,to leave/go away,go,0,40,3.2,1.5,0
16602630,42,verb,4,136,0,lean,NA,0,to follow,go,0,40,3.2,1.5,0
16602630,43,verb,7,140,2,scríobh,scriobh,1,NA,NA,NA,40,3.2,1.5,0
16602630,44,verb,5,163,2,siúil,suil,0,to walk,walk,0,40,3.2,1.5,0
16602630,45,verb,7,203,1,tosaigh,NA,0,to start,start,0,40,3.2,1.5,0
16602630,46,adjective,5,80,2,ceart,ceart,1,NA,NA,NA,40,3.2,1.5,0
16602630,47,adjective,2,98,2,te,te,1,NA,NA,NA,40,3.2,1.5,0
16602630,48,adjective,2,121,1,óg,NA,0,young,young,1,40,3.2,1.5,0
16602630,49,adjective,4,137,1,fada,NA,0,long,long,1,40,3.2,1.5,0
16602630,50,adjective,3,154,1,ard,NA,0,tall/high,high,0,40,3.2,1.5,0
16602630,51,adjective,6,212,0,iomlán,NA,0,full,NA,0,40,3.2,1.5,0
16602630,52,adjective,4,305,2,fíor,fior,0,true,true,1,40,3.2,1.5,0
16602630,53,adjective,5,315,1,gearr,NA,0,short,short,1,40,3.2,1.5,0
16602630,54,adjective,6,339,2,láidir,laidir,1,NA,NA,NA,40,3.2,1.5,0
16602630,55,adjective,3,364,2,beo,beo,1,NA,NA,NA,40,3.2,1.5,0
16602630,56,adjective,5,370,1,bocht,NA,0,poor,poor,1,40,3.2,1.5,0
16602630,57,adjective,7,407,0,iontach,NA,0,great,great amazing,0,40,3.2,1.5,0
16602630,58,adjective,4,432,2,glan,glan,1,NA,NA,NA,40,3.2,1.5,0
16602630,59,adjective,3,461,1,bog,NA,0,soft,soft,1,40,3.2,1.5,0
16602630,60,adjective,4,706,1,sean,NA,0,old,old,1,40,3.2,1.5,0
16602631,1,concrete_noun,5,79,2,teach,teach,1,NA,NA,NA,65,2.2,3.25,0
16602631,2,concrete_noun,4,92,2,bean,bean,1,NA,NA,NA,65,2.2,3.25,0
16602631,3,concrete_noun,5,107,2,scoil,scoil,1,NA,NA,NA,65,2.2,3.25,0
16602631,4,concrete_noun,7,139,2,leabhar,leabhair,0,book,book,1,65,2.2,3.25,0
16602631,5,concrete_noun,4,144,2,lámh,lamh,1,NA,NA,NA,65,2.2,3.25,0
16602631,6,concrete_noun,7,157,2,airgead,airgead,1,NA,NA,NA,65,2.2,3.25,0
16602631,7,concrete_noun,4,158,2,béal,beal,1,NA,NA,NA,65,2.2,3.25,0
16602631,8,concrete_noun,5,217,2,uisce,uisce,1,NA,NA,NA,65,2.2,3.25,0
16602631,9,concrete_noun,6,220,2,oileán,oilean,1,NA,NA,NA,65,2.2,3.25,0
16602631,10,concrete_noun,7,238,2,cathair,ceathair,0,city,town city,0,65,2.2,3.25,0
16602631,11,concrete_noun,5,243,2,doras,doras,1,NA,NA,NA,65,2.2,3.25,0
16602631,12,concrete_noun,3,249,1,cos,NA,0,leg,leg,1,65,2.2,3.25,0
16602631,13,concrete_noun,4,258,2,croí,croi,1,NA,NA,NA,65,2.2,3.25,0
16602631,14,concrete_noun,9,310,2,múinteoir,muinteoir,1,NA,NA,NA,65,2.2,3.25,0
16602631,15,concrete_noun,3,384,2,bia,bia,1,NA,NA,NA,65,2.2,3.25,0
16602631,16,abstract_noun,6,39,1,bliain,NA,0,year,year,1,65,2.2,3.25,0
16602631,17,abstract_noun,2,59,2,lá,la,1,NA,NA,NA,65,2.2,3.25,0
16602631,18,abstract_noun,5,72,2,taobh,taobh,1,NA,NA,NA,65,2.2,3.25,0
16602631,19,abstract_noun,5,83,2,scéal,sceal,1,NA,NA,NA,65,2.2,3.25,0
16602631,20,abstract_noun,3,84,2,tír,tir,1,NA,NA,NA,65,2.2,3.25,0
16602631,21,abstract_noun,4,85,0,saol,NA,0,lifetime,life,0,65,2.2,3.25,0
16602631,22,abstract_noun,5,89,2,ceist,ceist,1,NA,NA,NA,65,2.2,3.25,0
16602631,23,abstract_noun,6,115,2,teanga,teanga,1,NA,NA,NA,65,2.2,3.25,0
16602631,24,abstract_noun,5,126,2,oíche,oiche,1,NA,NA,NA,65,2.2,3.25,0
16602631,25,abstract_noun,4,127,2,aire,aire,1,NA,NA,NA,65,2.2,3.25,0
16602631,26,abstract_noun,5,132,2,eolas,eolas,1,NA,NA,NA,65,2.2,3.25,0
16602631,27,abstract_noun,9,142,2,seachtain,seachtain,1,NA,NA,NA,65,2.2,3.25,0
16602631,28,abstract_noun,6,278,2,aimsir,aimsir,1,NA,NA,NA,65,2.2,3.25,0
16602631,29,abstract_noun,5,381,1,gaoth,gaothair,0,wind,wind,1,65,2.2,3.25,0
16602631,30,abstract_noun,4,456,1,dath,coluir,0,colour,colour,1,65,2.2,3.25,0
16602631,31,verb,4,17,2,cuir,chuir,0,to put,give,0,65,2.2,3.25,0
16602631,32,verb,4,20,0,déan,deanaimh,0,to do,make or do,0,65,2.2,3.25,0
16602631,33,verb,7,24,1,tabhair,thug,0,to give/grant,give,0,65,2.2,3.25,0
16602631,34,verb,3,33,1,tar,teacht,0,to come,come,0,65,2.2,3.25,0
16602631,35,verb,5,36,2,faigh,fail,0,to get/receive,get,0,65,2.2,3.25,0
16602631,36,verb,5,41,1,téigh,chuaigh,0,to go,go,0,65,2.2,3.25,0
16602631,37,verb,4,76,1,feic,chonaic,0,to see,see,0,65,2.2,3.25,0
16602631,38,verb,4,88,0,féad,abalta,0,to be able to,NA,0,65,2.2,3.25,0
16602631,39,verb,6,101,2,éirigh,eirigh,1,NA,NA,NA,65,2.2,3.25,0
16602631,40,verb,4,119,0,iarr,ceist,0,to ask,west,0,65,2.2,3.25,0
16602631,41,verb,5,133,0,imigh,ag dul,0,to leave/go away,to go,0,65,2.2,3.25,0
16602631,42,verb,4,136,0,lean,dul arigh,0,to follow,thin,0,65,2.2,3.25,0
16602631,43,verb,7,140,2,scríobh,scriabh,0,to write,write,0,65,2.2,3.25,0
16602631,44,verb,5,163,2,siúil,suil,0,to walk,walk,0,65,2.2,3.25,0
16602631,45,verb,7,203,2,tosaigh,thosaigh,0,to start,start,0,65,2.2,3.25,0
16602631,46,adjective,5,80,2,ceart,ceart,1,NA,NA,NA,65,2.2,3.25,0
16602631,47,adjective,2,98,2,te,te,1,NA,NA,NA,65,2.2,3.25,0
16602631,48,adjective,2,121,2,óg,og,1,NA,NA,NA,65,2.2,3.25,0
16602631,49,adjective,4,137,2,fada,fada,1,NA,NA,NA,65,2.2,3.25,0
16602631,50,adjective,3,154,NA,ard,mor,0,tall/high,high tall,0,65,2.2,3.25,0
16602631,51,adjective,6,212,1,iomlán,lan,0,full,full,1,65,2.2,3.25,0
16602631,52,adjective,4,305,1,fíor,ceart,0,true,true,1,65,2.2,3.25,0
16602631,53,adjective,5,315,0,gearr,NA,0,short,NA,0,65,2.2,3.25,0
16602631,54,adjective,6,339,0,láidir,NA,0,strong,big fat,0,65,2.2,3.25,0
16602631,55,adjective,3,364,2,beo,beo,1,NA,NA,NA,65,2.2,3.25,0
16602631,56,adjective,5,370,1,bocht,gan airgead,0,poor,poor,1,65,2.2,3.25,0
16602631,57,adjective,7,407,0,iontach,go han deas,0,great,strange,0,65,2.2,3.25,0
16602631,58,adjective,4,432,1,glan,NA,0,clean,clean,1,65,2.2,3.25,0
16602631,59,adjective,3,461,2,bog,bog,1,NA,NA,NA,65,2.2,3.25,0
16602631,60,adjective,4,706,2,sean,sean,1,NA,NA,NA,65,2.2,3.25,0
16602633,1,concrete_noun,5,79,2,teach,teach,1,NA,NA,NA,80,3.2,3,0
16602633,2,concrete_noun,4,92,2,bean,bean,1,NA,NA,NA,80,3.2,3,0
16602633,3,concrete_noun,5,107,2,scoil,scoil,1,NA,NA,NA,80,3.2,3,0
16602633,4,concrete_noun,7,139,2,leabhar,leabhair,0,book,book,1,80,3.2,3,0
16602633,5,concrete_noun,4,144,2,lámh,lámh,1,NA,NA,NA,80,3.2,3,0
16602633,6,concrete_noun,7,157,2,airgead,airgead,1,NA,NA,NA,80,3.2,3,0
16602633,7,concrete_noun,4,158,2,béal,bheal,0,mouth,mouth,1,80,3.2,3,0
16602633,8,concrete_noun,5,217,2,uisce,uisce,1,NA,NA,NA,80,3.2,3,0
16602633,9,concrete_noun,6,220,2,oileán,oileann,0,island,island,1,80,3.2,3,0
16602633,10,concrete_noun,7,238,1,cathair,bhaile,0,city,city,1,80,3.2,3,0
16602633,11,concrete_noun,5,243,2,doras,doras,1,NA,NA,NA,80,3.2,3,0
16602633,12,concrete_noun,3,249,2,cos,cós,0,leg,foot,0,80,3.2,3,0
16602633,13,concrete_noun,4,258,2,croí,croi,1,NA,NA,NA,80,3.2,3,0
16602633,14,concrete_noun,9,310,2,múinteoir,muinteoir,1,NA,NA,NA,80,3.2,3,0
16602633,15,concrete_noun,3,384,2,bia,bia,1,NA,NA,NA,80,3.2,3,0
16602633,16,abstract_noun,6,39,2,bliain,bhlian,0,year,year,1,80,3.2,3,0
16602633,17,abstract_noun,2,59,2,lá,lá,1,NA,NA,NA,80,3.2,3,0
16602633,18,abstract_noun,5,72,NA,taobh,droim,0,side (noun),side,0,80,3.2,3,0
16602633,19,abstract_noun,5,83,2,scéal,sceal,1,NA,NA,NA,80,3.2,3,0
16602633,20,abstract_noun,3,84,2,tír,tír,1,NA,NA,NA,80,3.2,3,0
16602633,21,abstract_noun,4,85,2,saol,saol,1,NA,NA,NA,80,3.2,3,0
16602633,22,abstract_noun,5,89,2,ceist,cheist,0,question (noun),question,0,80,3.2,3,0
16602633,23,abstract_noun,6,115,2,teanga,teanga,1,NA,NA,NA,80,3.2,3,0
16602633,24,abstract_noun,5,126,2,oíche,oiche,1,NA,NA,NA,80,3.2,3,0
16602633,25,abstract_noun,4,127,2,aire,aire,1,NA,NA,NA,80,3.2,3,0
16602633,26,abstract_noun,5,132,1,eolas,aithne,0,knowledge,knowledge,0,80,3.2,3,0
16602633,27,abstract_noun,9,142,2,seachtain,seachtain,1,NA,NA,NA,80,3.2,3,0
16602633,28,abstract_noun,6,278,2,aimsir,aimsir,1,NA,NA,NA,80,3.2,3,0
16602633,29,abstract_noun,5,381,2,gaoth,gaoithe,0,wind,wind,1,80,3.2,3,0
16602633,30,abstract_noun,4,456,2,dath,dath,1,NA,NA,NA,80,3.2,3,0
16602633,31,verb,4,17,2,cuir,chuir,0,to put,put,0,80,3.2,3,0
16602633,32,verb,4,20,1,déan,ag deanamh,0,to do,do,0,80,3.2,3,0
16602633,33,verb,7,24,NA,tabhair,bhaint,0,to give/grant,take,0,80,3.2,3,0
16602633,34,verb,3,33,1,tar,teacht,0,to come,come,0,80,3.2,3,0
16602633,35,verb,5,36,NA,faigh,fuair,0,to get/receive,leave,0,80,3.2,3,0
16602633,36,verb,5,41,1,téigh,ag dul,0,to go,go,0,80,3.2,3,0
16602633,37,verb,4,76,0,feic,feachaint,0,to see,look,0,80,3.2,3,0
16602633,38,verb,4,88,0,féad,abailte,0,to be able to,long,0,80,3.2,3,0
16602633,39,verb,6,101,2,éirigh,eirigh,1,NA,NA,NA,80,3.2,3,0
16602633,40,verb,4,119,0,iarr,chuir cheist,0,to ask,away,0,80,3.2,3,0
16602633,41,verb,5,133,0,imigh,fá,0,to leave/go away,go,0,80,3.2,3,0
16602633,42,verb,4,136,2,lean,lean,0,to follow,go ahead,0,80,3.2,3,0
16602633,43,verb,7,140,2,scríobh,scriobh,1,NA,NA,NA,80,3.2,3,0
16602633,44,verb,5,163,2,siúil,súil,0,to walk,look,0,80,3.2,3,0
16602633,45,verb,7,203,1,tosaigh,chuir,0,to start,start,0,80,3.2,3,0
16602633,46,adjective,5,80,2,ceart,ceart,1,NA,NA,NA,80,3.2,3,0
16602633,47,adjective,2,98,2,te,té,0,hot,hot,1,80,3.2,3,0
16602633,48,adjective,2,121,2,óg,óg,1,NA,NA,NA,80,3.2,3,0
16602633,49,adjective,4,137,2,fada,fada,1,NA,NA,NA,80,3.2,3,0
16602633,50,adjective,3,154,2,ard,ard,1,NA,NA,NA,80,3.2,3,0
16602633,51,adjective,6,212,NA,iomlán,lán,0,full,enough,0,80,3.2,3,0
16602633,52,adjective,4,305,2,fíor,fíor,1,NA,NA,NA,80,3.2,3,0
16602633,53,adjective,5,315,0,gearr,beagainín,0,short,cut,0,80,3.2,3,0
16602633,54,adjective,6,339,2,láidir,laidre,0,strong,strong,1,80,3.2,3,0
16602633,55,adjective,3,364,1,beo,saol,0,alive,life,0,80,3.2,3,0
16602633,56,adjective,5,370,2,bocht,bocht,1,NA,NA,NA,80,3.2,3,0
16602633,57,adjective,7,407,0,iontach,thar bharr,0,great,beautiful,0,80,3.2,3,0
16602633,58,adjective,4,432,2,glan,glán,0,clean,clean,1,80,3.2,3,0
16602633,59,adjective,3,461,0,bog,NA,0,soft,quiet,0,80,3.2,3,0
16602633,60,adjective,4,706,2,sean,sean,1,NA,NA,NA,80,3.2,3,0
16602634,1,concrete_noun,5,79,2,teach,teach,1,NA,NA,NA,80,3.6,5,0
16602634,2,concrete_noun,4,92,2,bean,bean,1,NA,NA,NA,80,3.6,5,0
16602634,3,concrete_noun,5,107,2,scoil,scoil,1,NA,NA,NA,80,3.6,5,0
16602634,4,concrete_noun,7,139,2,leabhar,leabhar,1,NA,NA,NA,80,3.6,5,0
16602634,5,concrete_noun,4,144,2,lámh,lamh,1,NA,NA,NA,80,3.6,5,0
16602634,6,concrete_noun,7,157,2,airgead,airgead,1,NA,NA,NA,80,3.6,5,0
16602634,7,concrete_noun,4,158,2,béal,beal,1,NA,NA,NA,80,3.6,5,0
16602634,8,concrete_noun,5,217,2,uisce,uisce,1,NA,NA,NA,80,3.6,5,0
16602634,9,concrete_noun,6,220,2,oileán,oilean,1,NA,NA,NA,80,3.6,5,0
16602634,10,concrete_noun,7,238,1,cathair,baile mor,0,city,city,1,80,3.6,5,0
16602634,11,concrete_noun,5,243,2,doras,doras,1,NA,NA,NA,80,3.6,5,0
16602634,12,concrete_noun,3,249,2,cos,cos,1,NA,NA,NA,80,3.6,5,0
16602634,13,concrete_noun,4,258,2,croí,croi,1,NA,NA,NA,80,3.6,5,0
16602634,14,concrete_noun,9,310,2,múinteoir,muinteoir,1,NA,NA,NA,80,3.6,5,0
16602634,15,concrete_noun,3,384,2,bia,bia,1,NA,NA,NA,80,3.6,5,0
16602634,16,abstract_noun,6,39,2,bliain,blian,0,year,year,1,80,3.6,5,0
16602634,17,abstract_noun,2,59,2,lá,la,1,NA,NA,NA,80,3.6,5,0
16602634,18,abstract_noun,5,72,2,taobh,taobh,1,NA,NA,NA,80,3.6,5,0
16602634,19,abstract_noun,5,83,1,scéal,NA,0,story,story,1,80,3.6,5,0
16602634,20,abstract_noun,3,84,2,tír,tir,1,NA,NA,NA,80,3.6,5,0
16602634,21,abstract_noun,4,85,2,saol,saol,1,NA,NA,NA,80,3.6,5,0
16602634,22,abstract_noun,5,89,2,ceist,ceist,1,NA,NA,NA,80,3.6,5,0
16602634,23,abstract_noun,6,115,2,teanga,teanga,1,NA,NA,NA,80,3.6,5,0
16602634,24,abstract_noun,5,126,2,oíche,oiche,1,NA,NA,NA,80,3.6,5,0
16602634,25,abstract_noun,4,127,2,aire,aire,1,NA,NA,NA,80,3.6,5,0
16602634,26,abstract_noun,5,132,1,eolas,NA,0,knowledge,knowledge,1,80,3.6,5,0
16602634,27,abstract_noun,9,142,2,seachtain,seachtain,1,NA,NA,NA,80,3.6,5,0
16602634,28,abstract_noun,6,278,2,aimsir,aimsir,1,NA,NA,NA,80,3.6,5,0
16602634,29,abstract_noun,5,381,1,gaoth,gaoaithe,0,wind,wind,1,80,3.6,5,0
16602634,30,abstract_noun,4,456,2,dath,dath,1,NA,NA,NA,80,3.6,5,0
16602634,31,verb,4,17,2,cuir,cuir,1,NA,NA,NA,80,3.6,5,0
16602634,32,verb,4,20,1,déan,m,0,to do,to do,1,80,3.6,5,0
16602634,33,verb,7,24,2,tabhair,tabhair,1,NA,NA,NA,80,3.6,5,0
16602634,34,verb,3,33,0,tar,NA,0,to come,to follow,0,80,3.6,5,0
16602634,35,verb,5,36,1,faigh,rug,0,to get/receive,to get,0,80,3.6,5,0
16602634,36,verb,5,41,2,téigh,imigh,0,to go,to go,1,80,3.6,5,0
16602634,37,verb,4,76,1,feic,feiceail,0,to see,to see,1,80,3.6,5,0
16602634,38,verb,4,88,0,féad,bi abalta,0,to be able to,NA,0,80,3.6,5,0
16602634,39,verb,6,101,0,éirigh,sea,0,to get up/to rise,to rise/get up,0,80,3.6,5,0
16602634,40,verb,4,119,0,iarr,freagair,0,to ask,short,0,80,3.6,5,0
16602634,41,verb,5,133,0,imigh,ag imeacht,0,to leave/go away,to go,0,80,3.6,5,0
16602634,42,verb,4,136,0,lean,lean ar aghaigh,0,to follow,to continue,0,80,3.6,5,0
16602634,43,verb,7,140,2,scríobh,scriobh,1,NA,NA,NA,80,3.6,5,0
16602634,44,verb,5,163,1,siúil,ag suil,0,to walk,walk,0,80,3.6,5,0
16602634,45,verb,7,203,2,tosaigh,tosnaigh,0,to start,start,0,80,3.6,5,0
16602634,46,adjective,5,80,2,ceart,ceart,1,NA,NA,NA,80,3.6,5,0
16602634,47,adjective,2,98,2,te,te,1,NA,NA,NA,80,3.6,5,0
16602634,48,adjective,2,121,1,óg,NA,0,young,young,1,80,3.6,5,0
16602634,49,adjective,4,137,2,fada,fada,1,NA,NA,NA,80,3.6,5,0
16602634,50,adjective,3,154,1,ard,NA,0,tall/high,high,0,80,3.6,5,0
16602634,51,adjective,6,212,NA,iomlán,lan,0,full,amount,0,80,3.6,5,0
16602634,52,adjective,4,305,1,fíor,fearr,0,true,true,1,80,3.6,5,0
16602634,53,adjective,5,315,2,gearr,gearr,1,NA,NA,NA,80,3.6,5,0
16602634,54,adjective,6,339,2,láidir,laidir,1,NA,NA,NA,80,3.6,5,0
16602634,55,adjective,3,364,2,beo,beo,1,NA,NA,NA,80,3.6,5,0
16602634,56,adjective,5,370,2,bocht,bocht,1,NA,NA,NA,80,3.6,5,0
16602634,57,adjective,7,407,1,iontach,is fearr,0,great,great,1,80,3.6,5,0
16602634,58,adjective,4,432,2,glan,glan,1,NA,NA,NA,80,3.6,5,0
16602634,59,adjective,3,461,2,bog,bog,1,NA,NA,NA,80,3.6,5,0
16602634,60,adjective,4,706,2,sean,sean,1,NA,NA,NA,80,3.6,5,0
16605479,1,concrete_noun,5,79,2,teach,teacht,0,house,house,1,NA,1.8,2.75,0
16605479,2,concrete_noun,4,92,2,bean,Bean,1,NA,NA,NA,NA,1.8,2.75,0
16605479,3,concrete_noun,5,107,2,scoil,scoil,1,NA,NA,NA,NA,1.8,2.75,0
16605479,4,concrete_noun,7,139,2,leabhar,labhair,0,book,book,1,NA,1.8,2.75,0
16605479,5,concrete_noun,4,144,2,lámh,lamh,1,NA,NA,NA,NA,1.8,2.75,0
16605479,6,concrete_noun,7,157,1,airgead,arigid,0,money,money,1,NA,1.8,2.75,0
16605479,7,concrete_noun,4,158,2,béal,beal,1,NA,NA,NA,NA,1.8,2.75,0
16605479,8,concrete_noun,5,217,1,uisce,Óg,0,water,water,1,NA,1.8,2.75,0
16605479,9,concrete_noun,6,220,1,oileán,ioleá,0,island,island,1,NA,1.8,2.75,0
16605479,10,concrete_noun,7,238,2,cathair,cathair,1,NA,NA,NA,NA,1.8,2.75,0
16605479,11,concrete_noun,5,243,2,doras,dorad,0,door,door,1,NA,1.8,2.75,0
16605479,12,concrete_noun,3,249,2,cos,cos,1,NA,NA,NA,NA,1.8,2.75,0
16605479,13,concrete_noun,4,258,2,croí,croí,1,NA,NA,NA,NA,1.8,2.75,0
16605479,14,concrete_noun,9,310,2,múinteoir,muinteoir,1,NA,NA,NA,NA,1.8,2.75,0
16605479,15,concrete_noun,3,384,2,bia,bia,1,NA,NA,NA,NA,1.8,2.75,0
16605479,16,abstract_noun,6,39,2,bliain,blíain,0,year,year,1,NA,1.8,2.75,0
16605479,17,abstract_noun,2,59,2,lá,Lá,1,NA,NA,NA,NA,1.8,2.75,0
16605479,18,abstract_noun,5,72,0,taobh,NA,0,side (noun),to come,0,NA,1.8,2.75,0
16605479,19,abstract_noun,5,83,2,scéal,sceál,0,story,storey,0,NA,1.8,2.75,0
16605479,20,abstract_noun,3,84,2,tír,tír,1,NA,NA,NA,NA,1.8,2.75,0
16605479,21,abstract_noun,4,85,2,saol,saol,1,NA,NA,NA,NA,1.8,2.75,0
16605479,22,abstract_noun,5,89,NA,ceist,ce,0,question (noun),question,0,NA,1.8,2.75,0
16605479,23,abstract_noun,6,115,2,teanga,teanga,1,NA,NA,NA,NA,1.8,2.75,0
16605479,24,abstract_noun,5,126,0,oíche,an nocte,0,night,evening,0,NA,1.8,2.75,0
16605479,25,abstract_noun,4,127,0,aire,curim,0,care/attention,NA,0,NA,1.8,2.75,0
16605479,26,abstract_noun,5,132,2,eolas,eolad,0,knowledge,knowledge,1,NA,1.8,2.75,0
16605479,27,abstract_noun,9,142,1,seachtain,seachtna,0,week,week,1,NA,1.8,2.75,0
16605479,28,abstract_noun,6,278,2,aimsir,aimsir,1,NA,NA,NA,NA,1.8,2.75,0
16605479,29,abstract_noun,5,381,2,gaoth,gaoth,1,NA,NA,NA,NA,1.8,2.75,0
16605479,30,abstract_noun,4,456,2,dath,dath,1,NA,NA,NA,NA,1.8,2.75,0
16605479,31,verb,4,17,1,cuir,chuair ar an,0,to put,put,0,NA,1.8,2.75,0
16605479,32,verb,4,20,1,déan,rinne,0,to do,to do,1,NA,1.8,2.75,0
16605479,33,verb,7,24,2,tabhair,Tabhair,1,NA,NA,NA,NA,1.8,2.75,0
16605479,34,verb,3,33,0,tar,le t,0,to come,tall,0,NA,1.8,2.75,0
16605479,35,verb,5,36,1,faigh,Fuair,0,to get/receive,get,0,NA,1.8,2.75,0
16605479,36,verb,5,41,1,téigh,ag dul,0,to go,go,0,NA,1.8,2.75,0
16605479,37,verb,4,76,NA,feic,feach,0,to see,look,0,NA,1.8,2.75,0
16605479,38,verb,4,88,0,féad,NA,0,to be able to,calm,0,NA,1.8,2.75,0
16605479,39,verb,6,101,2,éirigh,Eiri,0,to get up/to rise,het up,0,NA,1.8,2.75,0
16605479,40,verb,4,119,0,iarr,NA,0,to ask,NA,0,NA,1.8,2.75,0
16605479,41,verb,5,133,NA,imigh,Fag,0,to leave/go away,play,0,NA,1.8,2.75,0
16605479,42,verb,4,136,2,lean,lean,1,NA,NA,NA,NA,1.8,2.75,0
16605479,43,verb,7,140,1,scríobh,ag scriobh,0,to write,write,0,NA,1.8,2.75,0
16605479,44,verb,5,163,1,siúil,ag siúl,0,to walk,walk,0,NA,1.8,2.75,0
16605479,45,verb,7,203,0,tosaigh,t,0,to start,put,0,NA,1.8,2.75,0
16605479,46,adjective,5,80,2,ceart,ceart,1,NA,NA,NA,NA,1.8,2.75,0
16605479,47,adjective,2,98,2,te,teé,0,hot,hot,1,NA,1.8,2.75,0
16605479,48,adjective,2,121,2,óg,o,0,young,young,1,NA,1.8,2.75,0
16605479,49,adjective,4,137,2,fada,fada,1,NA,NA,NA,NA,1.8,2.75,0
16605479,50,adjective,3,154,2,ard,ard,1,NA,NA,NA,NA,1.8,2.75,0
16605479,51,adjective,6,212,0,iomlán,NA,0,full,NA,0,NA,1.8,2.75,0
16605479,52,adjective,4,305,2,fíor,fior,0,true,true,1,NA,1.8,2.75,0
16605479,53,adjective,5,315,0,gearr,NA,0,short,s,0,NA,1.8,2.75,0
16605479,54,adjective,6,339,0,láidir,l,0,strong,NA,0,NA,1.8,2.75,0
16605479,55,adjective,3,364,2,beo,beo,1,NA,NA,NA,NA,1.8,2.75,0
16605479,56,adjective,5,370,2,bocht,bocht,1,NA,NA,NA,NA,1.8,2.75,0
16605479,57,adjective,7,407,1,iontach,go hiont,0,great,great,1,NA,1.8,2.75,0
16605479,58,adjective,4,432,2,glan,glan,1,NA,NA,NA,NA,1.8,2.75,0
16605479,59,adjective,3,461,2,bog,bog,1,NA,NA,NA,NA,1.8,2.75,0
16605479,60,adjective,4,706,2,sean,Sean,1,NA,NA,NA,NA,1.8,2.75,0
16605480,1,concrete_noun,5,79,2,teach,teach,1,NA,NA,NA,80,2,2.75,1
16605480,2,concrete_noun,4,92,2,bean,bean,1,NA,NA,NA,80,2,2.75,1
16605480,3,concrete_noun,5,107,2,scoil,scoil,1,NA,NA,NA,80,2,2.75,1
16605480,4,concrete_noun,7,139,2,leabhar,leabhar,1,NA,NA,NA,80,2,2.75,1
16605480,5,concrete_noun,4,144,2,lámh,lamh,1,NA,NA,NA,80,2,2.75,1
16605480,6,concrete_noun,7,157,1,airgead,earagid,0,money,money,1,80,2,2.75,1
16605480,7,concrete_noun,4,158,2,béal,beal,1,NA,NA,NA,80,2,2.75,1
16605480,8,concrete_noun,5,217,2,uisce,uisce,1,NA,NA,NA,80,2,2.75,1
16605480,9,concrete_noun,6,220,1,oileán,scanlan,0,island,island,1,80,2,2.75,1
16605480,10,concrete_noun,7,238,1,cathair,bealach,0,city,city,1,80,2,2.75,1
16605480,11,concrete_noun,5,243,2,doras,doras,1,NA,NA,NA,80,2,2.75,1
16605480,12,concrete_noun,3,249,2,cos,cos,1,NA,NA,NA,80,2,2.75,1
16605480,13,concrete_noun,4,258,1,croí,NA,0,heart,heart,1,80,2,2.75,1
16605480,14,concrete_noun,9,310,2,múinteoir,muinteoir,1,NA,NA,NA,80,2,2.75,1
16605480,15,concrete_noun,3,384,2,bia,bia,1,NA,NA,NA,80,2,2.75,1
16605480,16,abstract_noun,6,39,2,bliain,bliana,0,year,year,1,80,2,2.75,1
16605480,17,abstract_noun,2,59,2,lá,la,1,NA,NA,NA,80,2,2.75,1
16605480,18,abstract_noun,5,72,NA,taobh,aice,0,side (noun),side,0,80,2,2.75,1
16605480,19,abstract_noun,5,83,2,scéal,sceil,0,story,story,1,80,2,2.75,1
16605480,20,abstract_noun,3,84,1,tír,NA,0,country,country,1,80,2,2.75,1
16605480,21,abstract_noun,4,85,0,saol,NA,0,lifetime,to go away,0,80,2,2.75,1
16605480,22,abstract_noun,5,89,0,ceist,NA,0,question (noun),question,0,80,2,2.75,1
16605480,23,abstract_noun,6,115,2,teanga,teanga,1,NA,NA,NA,80,2,2.75,1
16605480,24,abstract_noun,5,126,2,oíche,oiche,1,NA,NA,NA,80,2,2.75,1
16605480,25,abstract_noun,4,127,1,aire,tabhar,0,care/attention,care,0,80,2,2.75,1
16605480,26,abstract_noun,5,132,0,eolas,NA,0,knowledge,light,0,80,2,2.75,1
16605480,27,abstract_noun,9,142,2,seachtain,seachtain,1,NA,NA,NA,80,2,2.75,1
16605480,28,abstract_noun,6,278,1,aimsir,NA,0,weather,weather,1,80,2,2.75,1
16605480,29,abstract_noun,5,381,1,gaoth,NA,0,wind,wind,1,80,2,2.75,1
16605480,30,abstract_noun,4,456,1,dath,glas,0,colour,colour,1,80,2,2.75,1
16605480,31,verb,4,17,1,cuir,NA,0,to put,to put,1,80,2,2.75,1
16605480,32,verb,4,20,1,déan,NA,0,to do,to do,1,80,2,2.75,1
16605480,33,verb,7,24,1,tabhair,ta,0,to give/grant,to give,0,80,2,2.75,1
16605480,34,verb,3,33,1,tar,thanigh,0,to come,come,0,80,2,2.75,1
16605480,35,verb,5,36,0,faigh,NA,0,to get/receive,to find,0,80,2,2.75,1
16605480,36,verb,5,41,0,téigh,rachaigh,0,to go,to take,0,80,2,2.75,1
16605480,37,verb,4,76,NA,feic,feach,0,to see,to look,0,80,2,2.75,1
16605480,38,verb,4,88,0,féad,abalta,0,to be able to,NA,0,80,2,2.75,1
16605480,39,verb,6,101,1,éirigh,NA,0,to get up/to rise,to get up,0,80,2,2.75,1
16605480,40,verb,4,119,0,iarr,NA,0,to ask,side,0,80,2,2.75,1
16605480,41,verb,5,133,0,imigh,NA,0,to leave/go away,to go,0,80,2,2.75,1
16605480,42,verb,4,136,0,lean,NA,0,to follow,thin,0,80,2,2.75,1
16605480,43,verb,7,140,2,scríobh,scriobh,1,NA,NA,NA,80,2,2.75,1
16605480,44,verb,5,163,0,siúil,cosaigh,0,to walk,above,0,80,2,2.75,1
16605480,45,verb,7,203,0,tosaigh,NA,0,to start,to come,0,80,2,2.75,1
16605480,46,adjective,5,80,2,ceart,ceart,1,NA,NA,NA,80,2,2.75,1
16605480,47,adjective,2,98,2,te,te,1,NA,NA,NA,80,2,2.75,1
16605480,48,adjective,2,121,1,óg,NA,0,young,young,1,80,2,2.75,1
16605480,49,adjective,4,137,1,fada,NA,0,long,long,1,80,2,2.75,1
16605480,50,adjective,3,154,2,ard,ard,1,NA,NA,NA,80,2,2.75,1
16605480,51,adjective,6,212,NA,iomlán,Lan,0,full,island,0,80,2,2.75,1
16605480,52,adjective,4,305,2,fíor,fiar,0,true,true,1,80,2,2.75,1
16605480,53,adjective,5,315,0,gearr,NA,0,short,NA,0,80,2,2.75,1
16605480,54,adjective,6,339,0,láidir,NA,0,strong,large,0,80,2,2.75,1
16605480,55,adjective,3,364,1,beo,beatha,0,alive,alive,1,80,2,2.75,1
16605480,56,adjective,5,370,1,bocht,NA,0,poor,poor,1,80,2,2.75,1
16605480,57,adjective,7,407,0,iontach,ana mhaith,0,great,wonderful,0,80,2,2.75,1
16605480,58,adjective,4,432,1,glan,NA,0,clean,clean,1,80,2,2.75,1
16605480,59,adjective,3,461,0,bog,NA,0,soft,small,0,80,2,2.75,1
16605480,60,adjective,4,706,1,sean,NA,0,old,old,1,80,2,2.75,1
16605481,1,concrete_noun,5,79,2,teach,teach,1,NA,NA,NA,65,1.8,2.25,0
16605481,2,concrete_noun,4,92,1,bean,mna,0,woman,wonan,0,65,1.8,2.25,0
16605481,3,concrete_noun,5,107,2,scoil,scoil,1,NA,NA,NA,65,1.8,2.25,0
16605481,4,concrete_noun,7,139,2,leabhar,leabhar,1,NA,NA,NA,65,1.8,2.25,0
16605481,5,concrete_noun,4,144,2,lámh,lamh,1,NA,NA,NA,65,1.8,2.25,0
16605481,6,concrete_noun,7,157,2,airgead,airgead,1,NA,NA,NA,65,1.8,2.25,0
16605481,7,concrete_noun,4,158,1,béal,NA,0,mouth,mouth,1,65,1.8,2.25,0
16605481,8,concrete_noun,5,217,2,uisce,uisce,1,NA,NA,NA,65,1.8,2.25,0
16605481,9,concrete_noun,6,220,2,oileán,oilean,1,NA,NA,NA,65,1.8,2.25,0
16605481,10,concrete_noun,7,238,1,cathair,NA,0,city,city,1,65,1.8,2.25,0
16605481,11,concrete_noun,5,243,2,doras,doras,1,NA,NA,NA,65,1.8,2.25,0
16605481,12,concrete_noun,3,249,2,cos,cois,0,leg,leg,1,65,1.8,2.25,0
16605481,13,concrete_noun,4,258,2,croí,chroi,0,heart,heart,1,65,1.8,2.25,0
16605481,14,concrete_noun,9,310,2,múinteoir,muinteoir,1,NA,NA,NA,65,1.8,2.25,0
16605481,15,concrete_noun,3,384,2,bia,bia,1,NA,NA,NA,65,1.8,2.25,0
16605481,16,abstract_noun,6,39,2,bliain,bliain,1,NA,NA,NA,65,1.8,2.25,0
16605481,17,abstract_noun,2,59,2,lá,la,1,NA,NA,NA,65,1.8,2.25,0
16605481,18,abstract_noun,5,72,0,taobh,NA,0,side (noun),side,0,65,1.8,2.25,0
16605481,19,abstract_noun,5,83,2,scéal,sceal,1,NA,NA,NA,65,1.8,2.25,0
16605481,20,abstract_noun,3,84,2,tír,tir,1,NA,NA,NA,65,1.8,2.25,0
16605481,21,abstract_noun,4,85,1,saol,aois,0,lifetime,lifetime,1,65,1.8,2.25,0
16605481,22,abstract_noun,5,89,2,ceist,ceist,1,NA,NA,NA,65,1.8,2.25,0
16605481,23,abstract_noun,6,115,2,teanga,teanga,1,NA,NA,NA,65,1.8,2.25,0
16605481,24,abstract_noun,5,126,2,oíche,oiche,1,NA,NA,NA,65,1.8,2.25,0
16605481,25,abstract_noun,4,127,1,aire,curamach,0,care/attention,care,0,65,1.8,2.25,0
16605481,26,abstract_noun,5,132,1,eolas,NA,0,knowledge,knowledge,1,65,1.8,2.25,0
16605481,27,abstract_noun,9,142,2,seachtain,seachtain,1,NA,NA,NA,65,1.8,2.25,0
16605481,28,abstract_noun,6,278,1,aimsir,sea,0,weather,weather,1,65,1.8,2.25,0
16605481,29,abstract_noun,5,381,1,gaoth,NA,0,wind,wind,1,65,1.8,2.25,0
16605481,30,abstract_noun,4,456,1,dath,NA,0,colour,colour,1,65,1.8,2.25,0
16605481,31,verb,4,17,1,cuir,NA,0,to put,put,0,65,1.8,2.25,0
16605481,32,verb,4,20,1,déan,NA,0,to do,do,0,65,1.8,2.25,0
16605481,33,verb,7,24,1,tabhair,thug,0,to give/grant,give,0,65,1.8,2.25,0
16605481,34,verb,3,33,1,tar,tioca,0,to come,cone,0,65,1.8,2.25,0
16605481,35,verb,5,36,0,faigh,NA,0,to get/receive,stay,0,65,1.8,2.25,0
16605481,36,verb,5,41,0,téigh,ag dul,0,to go,take,0,65,1.8,2.25,0
16605481,37,verb,4,76,1,feic,feach,0,to see,see,0,65,1.8,2.25,0
16605481,38,verb,4,88,0,féad,abalts,0,to be able to,NA,0,65,1.8,2.25,0
16605481,39,verb,6,101,1,éirigh,NA,0,to get up/to rise,rise,0,65,1.8,2.25,0
16605481,40,verb,4,119,0,iarr,NA,0,to ask,side,0,65,1.8,2.25,0
16605481,41,verb,5,133,1,imigh,NA,0,to leave/go away,go away,0,65,1.8,2.25,0
16605481,42,verb,4,136,0,lean,NA,0,to follow,NA,0,65,1.8,2.25,0
16605481,43,verb,7,140,2,scríobh,scriobh,1,NA,NA,NA,65,1.8,2.25,0
16605481,44,verb,5,163,2,siúil,suil,0,to walk,walk,0,65,1.8,2.25,0
16605481,45,verb,7,203,0,tosaigh,NA,0,to start,cone,0,65,1.8,2.25,0
16605481,46,adjective,5,80,1,ceart,NA,0,correct,correct,1,65,1.8,2.25,0
16605481,47,adjective,2,98,2,te,te,1,NA,NA,NA,65,1.8,2.25,0
16605481,48,adjective,2,121,2,óg,of,0,young,young,1,65,1.8,2.25,0
16605481,49,adjective,4,137,2,fada,fada,1,NA,NA,NA,65,1.8,2.25,0
16605481,50,adjective,3,154,1,ard,NA,0,tall/high,tall,0,65,1.8,2.25,0
16605481,51,adjective,6,212,0,iomlán,NA,0,full,big,0,65,1.8,2.25,0
16605481,52,adjective,4,305,1,fíor,ceart,0,true,trye,0,65,1.8,2.25,0
16605481,53,adjective,5,315,NA,gearr,beag,0,short,NA,0,65,1.8,2.25,0
16605481,54,adjective,6,339,1,láidir,lar,0,strong,strong,1,65,1.8,2.25,0
16605481,55,adjective,3,364,1,beo,NA,0,alive,alive,1,65,1.8,2.25,0
16605481,56,adjective,5,370,2,bocht,bocht,1,NA,NA,NA,65,1.8,2.25,0
16605481,57,adjective,7,407,0,iontach,an m,0,great,lovely,0,65,1.8,2.25,0
16605481,58,adjective,4,432,1,glan,NA,0,clean,clean,1,65,1.8,2.25,0
16605481,59,adjective,3,461,2,bog,bog,1,NA,NA,NA,65,1.8,2.25,0
16605481,60,adjective,4,706,1,sean,NA,0,old,old,1,65,1.8,2.25,0
16607208,1,concrete_noun,5,79,2,teach,teach,1,house,house,1,80,2.6,4,0
16607208,2,concrete_noun,4,92,2,bean,bean,1,woman,woman,1,80,2.6,4,0
16607208,3,concrete_noun,5,107,2,scoil,scoil,0,school,school,1,80,2.6,4,0
16607208,4,concrete_noun,7,139,2,leabhar,leabhar,0,book,book,0,80,2.6,4,0
16607208,5,concrete_noun,4,144,2,lámh,lámh,0,hand,hand,1,80,2.6,4,0
16607208,6,concrete_noun,7,157,2,airgead,airgead,0,money,money,1,80,2.6,4,0
16607208,7,concrete_noun,4,158,2,béal,béal,0,mouth,mouth,1,80,2.6,4,0
16607208,8,concrete_noun,5,217,2,uisce,uisce,1,water,water,1,80,2.6,4,0
16607208,9,concrete_noun,6,220,2,oileán,oileáin,0,island,Island,1,80,2.6,4,0
16607208,10,concrete_noun,7,238,2,cathair,cathair,0,city,city,1,80,2.6,4,0
16607208,11,concrete_noun,5,243,2,doras,doras,1,door,door,1,80,2.6,4,0
16607208,12,concrete_noun,3,249,2,cos,cos,1,leg,leg,1,80,2.6,4,0
16607208,13,concrete_noun,4,258,2,croí,croí,0,heart,heart,1,80,2.6,4,0
16607208,14,concrete_noun,9,310,2,múinteoir,múinteoir,0,teacher,teacher,1,80,2.6,4,0
16607208,15,concrete_noun,3,384,2,bia,bia,1,food,food,1,80,2.6,4,0
16607208,16,abstract_noun,6,39,2,bliain,blian,0,year,year,1,80,2.6,4,0
16607208,17,abstract_noun,2,59,2,lá,lá,0,day,day,1,80,2.6,4,0
16607208,18,abstract_noun,5,72,2,taobh,taobh,1,side (noun),side,0,80,2.6,4,0
16607208,19,abstract_noun,5,83,2,scéal,scéal,0,story,story,1,80,2.6,4,0
16607208,20,abstract_noun,3,84,2,tír,tír,0,country,country,1,80,2.6,4,0
16607208,21,abstract_noun,4,85,NA,saol,an saol,0,lifetime,life,0,80,2.6,4,0
16607208,22,abstract_noun,5,89,0,ceist,freagra,0,question (noun),question,0,80,2.6,4,0
16607208,23,abstract_noun,6,115,2,teanga,teanga,1,language,language,1,80,2.6,4,0
16607208,24,abstract_noun,5,126,2,oíche,oíche,0,night,night,1,80,2.6,4,0
16607208,25,abstract_noun,4,127,2,aire,aire,1,care/attention,care,0,80,2.6,4,0
16607208,26,abstract_noun,5,132,2,eolas,eolas,1,knowledge,knowledge,1,80,2.6,4,0
16607208,27,abstract_noun,9,142,2,seachtain,seachtain,1,week,week,0,80,2.6,4,0
16607208,28,abstract_noun,6,278,2,aimsir,aimsir,1,weather,weather,1,80,2.6,4,0
16607208,29,abstract_noun,5,381,2,gaoth,gaoth,1,wind,wind,1,80,2.6,4,0
16607208,30,abstract_noun,4,456,2,dath,dath,1,colour,colour,0,80,2.6,4,0
16607208,31,verb,4,17,2,cuir,cuir,1,to put,to put,1,80,2.6,4,0
16607208,32,verb,4,20,2,déan,déan,0,to do,to make,0,80,2.6,4,0
16607208,33,verb,7,24,2,tabhair,tabhair,1,to give/grant,to give,0,80,2.6,4,0
16607208,34,verb,3,33,2,tar,tag,0,to come,to come,1,80,2.6,4,0
16607208,35,verb,5,36,2,faigh,faigh,1,to get/receive,to get,0,80,2.6,4,0
16607208,36,verb,5,41,1,téigh,té,0,to go,to go,1,80,2.6,4,0
16607208,37,verb,4,76,2,feic,feic,1,to see,to see,1,80,2.6,4,0
16607208,38,verb,4,88,0,féad,bheith in ann,0,to be able to,to whistle,0,80,2.6,4,0
16607208,39,verb,6,101,2,éirigh,éirigh,0,to get up/to rise,to get up,0,80,2.6,4,0
16607208,40,verb,4,119,1,iarr,freagar,0,to ask,to ask,1,80,2.6,4,0
16607208,41,verb,5,133,NA,imigh,fág,0,to leave/go away,to go,0,80,2.6,4,0
16607208,42,verb,4,136,2,lean,lean,0,to follow,to follow,1,80,2.6,4,0
16607208,43,verb,7,140,2,scríobh,scríobh,0,to write,to write,1,80,2.6,4,0
16607208,44,verb,5,163,2,siúil,siúil,0,to walk,to walk,1,80,2.6,4,0
16607208,45,verb,7,203,1,tosaigh,NA,0,to start,to start,1,80,2.6,4,0
16607208,46,adjective,5,80,2,ceart,ceart,1,correct,correct,1,80,2.6,4,0
16607208,47,adjective,2,98,2,te,te,0,hot,hot,1,80,2.6,4,0
16607208,48,adjective,2,121,2,óg,óg,1,young,young,1,80,2.6,4,0
16607208,49,adjective,4,137,2,fada,fada,1,long,long,1,80,2.6,4,0
16607208,50,adjective,3,154,2,ard,ard,1,tall/high,high,0,80,2.6,4,0
16607208,51,adjective,6,212,1,iomlán,lán,0,full,full,1,80,2.6,4,0
16607208,52,adjective,4,305,2,fíor,fíor,0,true,true,1,80,2.6,4,0
16607208,53,adjective,5,315,2,gearr,gearr,1,short,short,0,80,2.6,4,0
16607208,54,adjective,6,339,2,láidir,láidir,0,strong,strong,1,80,2.6,4,0
16607208,55,adjective,3,364,2,beo,beo,1,alive,alive,1,80,2.6,4,0
16607208,56,adjective,5,370,2,bocht,bocht,1,poor,poor,1,80,2.6,4,0
16607208,57,adjective,7,407,2,iontach,íontach,0,great,great,1,80,2.6,4,0
16607208,58,adjective,4,432,2,glan,glan,1,clean,clean,1,80,2.6,4,0
16607208,59,adjective,3,461,2,bog,bog,1,soft,soft,1,80,2.6,4,0
16607208,60,adjective,4,706,2,sean,sean,0,old,old,1,80,2.6,4,0
16607844,1,concrete_noun,5,79,2,teach,teach,1,NA,NA,NA,80,2.8,4,0
16607844,2,concrete_noun,4,92,2,bean,bean,1,NA,NA,NA,80,2.8,4,0
16607844,3,concrete_noun,5,107,1,scoil,NA,0,school,school,1,80,2.8,4,0
16607844,4,concrete_noun,7,139,2,leabhar,leabhar,1,NA,NA,NA,80,2.8,4,0
16607844,5,concrete_noun,4,144,2,lámh,lamh,1,NA,NA,NA,80,2.8,4,0
16607844,6,concrete_noun,7,157,2,airgead,airgead,1,NA,NA,NA,80,2.8,4,0
16607844,7,concrete_noun,4,158,2,béal,beal,1,NA,NA,NA,80,2.8,4,0
16607844,8,concrete_noun,5,217,2,uisce,uisce,1,NA,NA,NA,80,2.8,4,0
16607844,9,concrete_noun,6,220,2,oileán,oilean,1,NA,NA,NA,80,2.8,4,0
16607844,10,concrete_noun,7,238,2,cathair,ceathair,0,city,city,1,80,2.8,4,0
16607844,11,concrete_noun,5,243,2,doras,doras,1,NA,NA,NA,80,2.8,4,0
16607844,12,concrete_noun,3,249,2,cos,cos,1,NA,NA,NA,80,2.8,4,0
16607844,13,concrete_noun,4,258,2,croí,croi,1,NA,NA,NA,80,2.8,4,0
16607844,14,concrete_noun,9,310,2,múinteoir,muinteoir,1,NA,NA,NA,80,2.8,4,0
16607844,15,concrete_noun,3,384,2,bia,bia,1,NA,NA,NA,80,2.8,4,0
16607844,16,abstract_noun,6,39,2,bliain,bliain,1,NA,NA,NA,80,2.8,4,0
16607844,17,abstract_noun,2,59,2,lá,le,0,day,day,1,80,2.8,4,0
16607844,18,abstract_noun,5,72,2,taobh,taobh,1,NA,NA,NA,80,2.8,4,0
16607844,19,abstract_noun,5,83,2,scéal,sceal,1,NA,NA,NA,80,2.8,4,0
16607844,20,abstract_noun,3,84,2,tír,tir,1,NA,NA,NA,80,2.8,4,0
16607844,21,abstract_noun,4,85,0,saol,NA,0,lifetime,life,0,80,2.8,4,0
16607844,22,abstract_noun,5,89,2,ceist,ceist,1,NA,NA,NA,80,2.8,4,0
16607844,23,abstract_noun,6,115,2,teanga,teanga,1,NA,NA,NA,80,2.8,4,0
16607844,24,abstract_noun,5,126,2,oíche,oiche,1,NA,NA,NA,80,2.8,4,0
16607844,25,abstract_noun,4,127,2,aire,aire,1,NA,NA,NA,80,2.8,4,0
16607844,26,abstract_noun,5,132,1,eolas,fios,0,knowledge,knowledge,1,80,2.8,4,0
16607844,27,abstract_noun,9,142,2,seachtain,seachtain,1,NA,NA,NA,80,2.8,4,0
16607844,28,abstract_noun,6,278,2,aimsir,aimsir,1,NA,NA,NA,80,2.8,4,0
16607844,29,abstract_noun,5,381,2,gaoth,gaoith,0,wind,wind,1,80,2.8,4,0
16607844,30,abstract_noun,4,456,2,dath,dath,1,NA,NA,NA,80,2.8,4,0
16607844,31,verb,4,17,2,cuir,cur,0,to put,put,0,80,2.8,4,0
16607844,32,verb,4,20,1,déan,deanaimh,0,to do,do,0,80,2.8,4,0
16607844,33,verb,7,24,2,tabhair,tabhair,1,NA,NA,NA,80,2.8,4,0
16607844,34,verb,3,33,2,tar,tar,1,NA,NA,NA,80,2.8,4,0
16607844,35,verb,5,36,1,faigh,tog,0,to get/receive,get,0,80,2.8,4,0
16607844,36,verb,5,41,NA,téigh,te,0,to go,come,0,80,2.8,4,0
16607844,37,verb,4,76,NA,feic,suil,0,to see,look,0,80,2.8,4,0
16607844,38,verb,4,88,0,féad,bi abalta,0,to be able to,NA,0,80,2.8,4,0
16607844,39,verb,6,101,1,éirigh,abu,0,to get up/to rise,arise,0,80,2.8,4,0
16607844,40,verb,4,119,0,iarr,cur ceist,0,to ask,short,0,80,2.8,4,0
16607844,41,verb,5,133,0,imigh,dul,0,to leave/go away,come,0,80,2.8,4,0
16607844,42,verb,4,136,NA,lean,fan,0,to follow,wait,0,80,2.8,4,0
16607844,43,verb,7,140,2,scríobh,scriobh,1,NA,NA,NA,80,2.8,4,0
16607844,44,verb,5,163,2,siúil,sul,0,to walk,walk,0,80,2.8,4,0
16607844,45,verb,7,203,2,tosaigh,tosaigh,1,NA,NA,NA,80,2.8,4,0
16607844,46,adjective,5,80,2,ceart,ceart,1,NA,NA,NA,80,2.8,4,0
16607844,47,adjective,2,98,2,te,te,1,NA,NA,NA,80,2.8,4,0
16607844,48,adjective,2,121,2,óg,og,1,NA,NA,NA,80,2.8,4,0
16607844,49,adjective,4,137,1,fada,long,0,long,long,1,80,2.8,4,0
16607844,50,adjective,3,154,2,ard,ard,1,NA,NA,NA,80,2.8,4,0
16607844,51,adjective,6,212,0,iomlán,follaimh,0,full,a lot,0,80,2.8,4,0
16607844,52,adjective,4,305,2,fíor,fior,0,true,true,1,80,2.8,4,0
16607844,53,adjective,5,315,2,gearr,gearr,1,NA,NA,NA,80,2.8,4,0
16607844,54,adjective,6,339,2,láidir,laidir,1,NA,NA,NA,80,2.8,4,0
16607844,55,adjective,3,364,1,beo,go beo,0,alive,alive,1,80,2.8,4,0
16607844,56,adjective,5,370,1,bocht,ar,0,poor,poor,1,80,2.8,4,0
16607844,57,adjective,7,407,1,iontach,go maith,0,great,great,1,80,2.8,4,0
16607844,58,adjective,4,432,2,glan,glan,1,NA,NA,NA,80,2.8,4,0
16607844,59,adjective,3,461,2,bog,bog,1,NA,NA,NA,80,2.8,4,0
16607844,60,adjective,4,706,2,sean,sean,1,NA,NA,NA,80,2.8,4,0
16607845,1,concrete_noun,5,79,2,teach,teach,1,NA,NA,NA,40,1.8,1,0
16607845,2,concrete_noun,4,92,1,bean,mna,0,woman,woman,1,40,1.8,1,0
16607845,3,concrete_noun,5,107,2,scoil,scoil,1,NA,NA,NA,40,1.8,1,0
16607845,4,concrete_noun,7,139,1,leabhar,NA,0,book,book,1,40,1.8,1,0
16607845,5,concrete_noun,4,144,1,lámh,laimbe,0,hand,hand,1,40,1.8,1,0
16607845,6,concrete_noun,7,157,2,airgead,airegad,0,money,money,1,40,1.8,1,0
16607845,7,concrete_noun,4,158,1,béal,NA,0,mouth,mouth,1,40,1.8,1,0
16607845,8,concrete_noun,5,217,2,uisce,uisce,1,NA,NA,NA,40,1.8,1,0
16607845,9,concrete_noun,6,220,2,oileán,oilean,1,NA,NA,NA,40,1.8,1,0
16607845,10,concrete_noun,7,238,1,cathair,baile,0,city,city,1,40,1.8,1,0
16607845,11,concrete_noun,5,243,2,doras,doras,1,NA,NA,NA,40,1.8,1,0
16607845,12,concrete_noun,3,249,0,cos,NA,0,leg,NA,0,40,1.8,1,0
16607845,13,concrete_noun,4,258,2,croí,croi,1,NA,NA,NA,40,1.8,1,0
16607845,14,concrete_noun,9,310,1,múinteoir,NA,0,teacher,teacher,1,40,1.8,1,0
16607845,15,concrete_noun,3,384,2,bia,bia,1,NA,NA,NA,40,1.8,1,0
16607845,16,abstract_noun,6,39,2,bliain,blian,0,year,year,1,40,1.8,1,0
16607845,17,abstract_noun,2,59,2,lá,la,1,NA,NA,NA,40,1.8,1,0
16607845,18,abstract_noun,5,72,0,taobh,NA,0,side (noun),NA,0,40,1.8,1,0
16607845,19,abstract_noun,5,83,1,scéal,NA,0,story,story,1,40,1.8,1,0
16607845,20,abstract_noun,3,84,1,tír,NA,0,country,country,1,40,1.8,1,0
16607845,21,abstract_noun,4,85,0,saol,NA,0,lifetime,NA,0,40,1.8,1,0
16607845,22,abstract_noun,5,89,2,ceist,cheist,0,question (noun),question,0,40,1.8,1,0
16607845,23,abstract_noun,6,115,1,teanga,NA,0,language,language,1,40,1.8,1,0
16607845,24,abstract_noun,5,126,1,oíche,NA,0,night,night,1,40,1.8,1,0
16607845,25,abstract_noun,4,127,1,aire,curamach,0,care/attention,care,0,40,1.8,1,0
16607845,26,abstract_noun,5,132,2,eolas,eolas,1,NA,NA,NA,40,1.8,1,0
16607845,27,abstract_noun,9,142,1,seachtain,NA,0,week,week,1,40,1.8,1,0
16607845,28,abstract_noun,6,278,1,aimsir,NA,0,weather,weather,1,40,1.8,1,0
16607845,29,abstract_noun,5,381,2,gaoth,gaoihe,0,wind,wind,1,40,1.8,1,0
16607845,30,abstract_noun,4,456,0,dath,NA,0,colour,NA,0,40,1.8,1,0
16607845,31,verb,4,17,0,cuir,NA,0,to put,NA,0,40,1.8,1,0
16607845,32,verb,4,20,2,déan,dean,1,NA,NA,NA,40,1.8,1,0
16607845,33,verb,7,24,0,tabhair,NA,0,to give/grant,NA,0,40,1.8,1,0
16607845,34,verb,3,33,1,tar,NA,0,to come,come,0,40,1.8,1,0
16607845,35,verb,5,36,0,faigh,NA,0,to get/receive,look,0,40,1.8,1,0
16607845,36,verb,5,41,0,téigh,ag dul,0,to go,house,0,40,1.8,1,0
16607845,37,verb,4,76,1,feic,chonaigh,0,to see,see,0,40,1.8,1,0
16607845,38,verb,4,88,0,féad,is feider,0,to be able to,far,0,40,1.8,1,0
16607845,39,verb,6,101,0,éirigh,NA,0,to get up/to rise,NA,0,40,1.8,1,0
16607845,40,verb,4,119,0,iarr,NA,0,to ask,NA,0,40,1.8,1,0
16607845,41,verb,5,133,NA,imigh,immirt,0,to leave/go away,go,0,40,1.8,1,0
16607845,42,verb,4,136,0,lean,NA,0,to follow,young,0,40,1.8,1,0
16607845,43,verb,7,140,2,scríobh,scribhe,0,to write,write,0,40,1.8,1,0
16607845,44,verb,5,163,1,siúil,ag suil,0,to walk,walk,0,40,1.8,1,0
16607845,45,verb,7,203,0,tosaigh,NA,0,to start,NA,0,40,1.8,1,0
16607845,46,adjective,5,80,2,ceart,ceart,1,NA,NA,NA,40,1.8,1,0
16607845,47,adjective,2,98,NA,te,tirm,0,hot,house,0,40,1.8,1,0
16607845,48,adjective,2,121,2,óg,og,1,NA,NA,NA,40,1.8,1,0
16607845,49,adjective,4,137,2,fada,fada,1,NA,NA,NA,40,1.8,1,0
16607845,50,adjective,3,154,1,ard,NA,0,tall/high,high,0,40,1.8,1,0
16607845,51,adjective,6,212,0,iomlán,NA,0,full,NA,0,40,1.8,1,0
16607845,52,adjective,4,305,0,fíor,NA,0,true,NA,0,40,1.8,1,0
16607845,53,adjective,5,315,0,gearr,NA,0,short,NA,0,40,1.8,1,0
16607845,54,adjective,6,339,0,láidir,NA,0,strong,NA,0,40,1.8,1,0
16607845,55,adjective,3,364,2,beo,bea,0,alive,live,0,40,1.8,1,0
16607845,56,adjective,5,370,0,bocht,NA,0,poor,NA,0,40,1.8,1,0
16607845,57,adjective,7,407,0,iontach,uislea,0,great,NA,0,40,1.8,1,0
16607845,58,adjective,4,432,1,glan,gleanta,0,clean,clean,1,40,1.8,1,0
16607845,59,adjective,3,461,0,bog,NA,0,soft,NA,0,40,1.8,1,0
16607845,60,adjective,4,706,2,sean,sean,1,NA,NA,NA,40,1.8,1,0
16607846,1,concrete_noun,5,79,2,teach,teach,1,NA,NA,NA,65,2,3.25,0
16607846,2,concrete_noun,4,92,2,bean,ban,0,woman,woman,1,65,2,3.25,0
16607846,3,concrete_noun,5,107,2,scoil,scoil,1,NA,NA,NA,65,2,3.25,0
16607846,4,concrete_noun,7,139,2,leabhar,leamhar,0,book,book,1,65,2,3.25,0
16607846,5,concrete_noun,4,144,2,lámh,lamh,1,NA,NA,NA,65,2,3.25,0
16607846,6,concrete_noun,7,157,2,airgead,airgead,1,NA,NA,NA,65,2,3.25,0
16607846,7,concrete_noun,4,158,2,béal,beal,1,NA,NA,NA,65,2,3.25,0
16607846,8,concrete_noun,5,217,2,uisce,uisce,1,NA,NA,NA,65,2,3.25,0
16607846,9,concrete_noun,6,220,2,oileán,oilean,1,NA,NA,NA,65,2,3.25,0
16607846,10,concrete_noun,7,238,1,cathair,NA,0,city,city,1,65,2,3.25,0
16607846,11,concrete_noun,5,243,2,doras,doras,1,NA,NA,NA,65,2,3.25,0
16607846,12,concrete_noun,3,249,2,cos,cos,1,NA,NA,NA,65,2,3.25,0
16607846,13,concrete_noun,4,258,1,croí,NA,0,heart,heart,1,65,2,3.25,0
16607846,14,concrete_noun,9,310,2,múinteoir,munteoir,0,teacher,teacher,1,65,2,3.25,0
16607846,15,concrete_noun,3,384,2,bia,bia,1,NA,NA,NA,65,2,3.25,0
16607846,16,abstract_noun,6,39,1,bliain,NA,0,year,year,1,65,2,3.25,0
16607846,17,abstract_noun,2,59,2,lá,la,1,NA,NA,NA,65,2,3.25,0
16607846,18,abstract_noun,5,72,2,taobh,taobh,1,NA,NA,NA,65,2,3.25,0
16607846,19,abstract_noun,5,83,1,scéal,scriobj,0,story,story,1,65,2,3.25,0
16607846,20,abstract_noun,3,84,1,tír,NA,0,country,country,1,65,2,3.25,0
16607846,21,abstract_noun,4,85,2,saol,saol,1,NA,NA,NA,65,2,3.25,0
16607846,22,abstract_noun,5,89,2,ceist,ceist,1,NA,NA,NA,65,2,3.25,0
16607846,23,abstract_noun,6,115,2,teanga,teanga,1,NA,NA,NA,65,2,3.25,0
16607846,24,abstract_noun,5,126,2,oíche,oiche,1,NA,NA,NA,65,2,3.25,0
16607846,25,abstract_noun,4,127,2,aire,aire,1,NA,NA,NA,65,2,3.25,0
16607846,26,abstract_noun,5,132,2,eolas,eolas,1,NA,NA,NA,65,2,3.25,0
16607846,27,abstract_noun,9,142,2,seachtain,seachtain,1,NA,NA,NA,65,2,3.25,0
16607846,28,abstract_noun,6,278,1,aimsir,ai,0,weather,weather,1,65,2,3.25,0
16607846,29,abstract_noun,5,381,1,gaoth,storim,0,wind,wind,1,65,2,3.25,0
16607846,30,abstract_noun,4,456,1,dath,NA,0,colour,colour,1,65,2,3.25,0
16607846,31,verb,4,17,1,cuir,chur me,0,to put,put,0,65,2,3.25,0
16607846,32,verb,4,20,0,déan,le deanamh,0,to do,make,0,65,2,3.25,0
16607846,33,verb,7,24,1,tabhair,NA,0,to give/grant,give,0,65,2,3.25,0
16607846,34,verb,3,33,0,tar,thainag me,0,to come,go,0,65,2,3.25,0
16607846,35,verb,5,36,0,faigh,fuar me,0,to get/receive,wait,0,65,2,3.25,0
16607846,36,verb,5,41,1,téigh,are aghaid,0,to go,to go,0,65,2,3.25,0
16607846,37,verb,4,76,1,feic,chonic me,0,to see,see,0,65,2,3.25,0
16607846,38,verb,4,88,0,féad,abalta,0,to be able to,possible,0,65,2,3.25,0
16607846,39,verb,6,101,1,éirigh,eirigh/eiri,0,to get up/to rise,rise,0,65,2,3.25,0
16607846,40,verb,4,119,0,iarr,chur ceist o,0,to ask,west,0,65,2,3.25,0
16607846,41,verb,5,133,0,imigh,ag dul siar,0,to leave/go away,went,0,65,2,3.25,0
16607846,42,verb,4,136,0,lean,dul in aghaidh,0,to follow,waited.stayed,0,65,2,3.25,0
16607846,43,verb,7,140,2,scríobh,scriobh,1,NA,NA,NA,65,2,3.25,0
16607846,44,verb,5,163,0,siúil,dul are siul,0,to walk,eye,0,65,2,3.25,0
16607846,45,verb,7,203,0,tosaigh,cur tus le,0,to start,I began,0,65,2,3.25,0
16607846,46,adjective,5,80,2,ceart,ceart,1,NA,NA,NA,65,2,3.25,0
16607846,47,adjective,2,98,2,te,te,1,NA,NA,NA,65,2,3.25,0
16607846,48,adjective,2,121,2,óg,og,1,NA,NA,NA,65,2,3.25,0
16607846,49,adjective,4,137,1,fada,NA,0,long,long,1,65,2,3.25,0
16607846,50,adjective,3,154,1,ard,mor,0,tall/high,high,0,65,2,3.25,0
16607846,51,adjective,6,212,1,iomlán,go dti on a,0,full,full,1,65,2,3.25,0
16607846,52,adjective,4,305,1,fíor,ceart,0,true,true,1,65,2,3.25,0
16607846,53,adjective,5,315,1,gearr,beag,0,short,short,1,65,2,3.25,0
16607846,54,adjective,6,339,2,láidir,laidir,1,NA,NA,NA,65,2,3.25,0
16607846,55,adjective,3,364,1,beo,NA,0,alive,alive,1,65,2,3.25,0
16607846,56,adjective,5,370,1,bocht,gan airgead,0,poor,poor,1,65,2,3.25,0
16607846,57,adjective,7,407,1,iontach,thar barr,0,great,great,1,65,2,3.25,0
16607846,58,adjective,4,432,1,glan,NA,0,clean,clean,1,65,2,3.25,0
16607846,59,adjective,3,461,2,bog,bog,1,NA,NA,NA,65,2,3.25,0
16607846,60,adjective,4,706,1,sean,aosta,0,old,old,1,65,2,3.25,0
16609198,1,concrete_noun,5,79,2,teach,teach,1,NA,NA,NA,55,1.2,2.25,0
16609198,2,concrete_noun,4,92,1,bean,mna,0,woman,woman,1,55,1.2,2.25,0
16609198,3,concrete_noun,5,107,2,scoil,scoil,1,NA,NA,NA,55,1.2,2.25,0
16609198,4,concrete_noun,7,139,2,leabhar,leabhar,1,NA,NA,NA,55,1.2,2.25,0
16609198,5,concrete_noun,4,144,2,lámh,lamh,1,NA,NA,NA,55,1.2,2.25,0
16609198,6,concrete_noun,7,157,2,airgead,airgead,1,NA,NA,NA,55,1.2,2.25,0
16609198,7,concrete_noun,4,158,2,béal,beal,1,NA,NA,NA,55,1.2,2.25,0
16609198,8,concrete_noun,5,217,2,uisce,uisce,1,NA,NA,NA,55,1.2,2.25,0
16609198,9,concrete_noun,6,220,2,oileán,oilean,1,NA,NA,NA,55,1.2,2.25,0
16609198,10,concrete_noun,7,238,0,cathair,baile,0,city,chair,0,55,1.2,2.25,0
16609198,11,concrete_noun,5,243,2,doras,doras,1,NA,NA,NA,55,1.2,2.25,0
16609198,12,concrete_noun,3,249,0,cos,NA,0,leg,foot,0,55,1.2,2.25,0
16609198,13,concrete_noun,4,258,1,croí,NA,0,heart,heart,1,55,1.2,2.25,0
16609198,14,concrete_noun,9,310,2,múinteoir,muinteoir,1,NA,NA,NA,55,1.2,2.25,0
16609198,15,concrete_noun,3,384,2,bia,bia,1,NA,NA,NA,55,1.2,2.25,0
16609198,16,abstract_noun,6,39,2,bliain,blian,0,year,year,1,55,1.2,2.25,0
16609198,17,abstract_noun,2,59,2,lá,la,1,NA,NA,NA,55,1.2,2.25,0
16609198,18,abstract_noun,5,72,0,taobh,NA,0,side (noun),come,0,55,1.2,2.25,0
16609198,19,abstract_noun,5,83,2,scéal,sceal,1,NA,NA,NA,55,1.2,2.25,0
16609198,20,abstract_noun,3,84,1,tír,NA,0,country,country,1,55,1.2,2.25,0
16609198,21,abstract_noun,4,85,0,saol,NA,0,lifetime,NA,0,55,1.2,2.25,0
16609198,22,abstract_noun,5,89,2,ceist,ceist,1,NA,NA,NA,55,1.2,2.25,0
16609198,23,abstract_noun,6,115,1,teanga,NA,0,language,language,0,55,1.2,2.25,0
16609198,24,abstract_noun,5,126,2,oíche,oiche,1,NA,NA,NA,55,1.2,2.25,0
16609198,25,abstract_noun,4,127,1,aire,NA,0,care/attention,care,0,55,1.2,2.25,0
16609198,26,abstract_noun,5,132,0,eolas,NA,0,knowledge,information,0,55,1.2,2.25,0
16609198,27,abstract_noun,9,142,2,seachtain,seachtain,1,NA,NA,NA,55,1.2,2.25,0
16609198,28,abstract_noun,6,278,1,aimsir,NA,0,weather,weather,1,55,1.2,2.25,0
16609198,29,abstract_noun,5,381,2,gaoth,gaoth,1,NA,NA,NA,55,1.2,2.25,0
16609198,30,abstract_noun,4,456,0,dath,NA,0,colour,date,0,55,1.2,2.25,0
16609198,31,verb,4,17,0,cuir,NA,0,to put,heart,0,55,1.2,2.25,0
16609198,32,verb,4,20,0,déan,NA,0,to do,NA,0,55,1.2,2.25,0
16609198,33,verb,7,24,0,tabhair,NA,0,to give/grant,table,0,55,1.2,2.25,0
16609198,34,verb,3,33,1,tar,tiocaidh,0,to come,come,0,55,1.2,2.25,0
16609198,35,verb,5,36,0,faigh,NA,0,to get/receive,see,0,55,1.2,2.25,0
16609198,36,verb,5,41,0,téigh,ta me ag dul,0,to go,house,0,55,1.2,2.25,0
16609198,37,verb,4,76,1,feic,suil,0,to see,see,0,55,1.2,2.25,0
16609198,38,verb,4,88,0,féad,NA,0,to be able to,NA,0,55,1.2,2.25,0
16609198,39,verb,6,101,1,éirigh,NA,0,to get up/to rise,get up,0,55,1.2,2.25,0
16609198,40,verb,4,119,0,iarr,quest,0,to ask,walk,0,55,1.2,2.25,0
16609198,41,verb,5,133,0,imigh,slan,0,to leave/go away,go,0,55,1.2,2.25,0
16609198,42,verb,4,136,0,lean,NA,0,to follow,thin,0,55,1.2,2.25,0
16609198,43,verb,7,140,2,scríobh,scribe,0,to write,write,0,55,1.2,2.25,0
16609198,44,verb,5,163,0,siúil,NA,0,to walk,eye,0,55,1.2,2.25,0
16609198,45,verb,7,203,0,tosaigh,NA,0,to start,going,0,55,1.2,2.25,0
16609198,46,adjective,5,80,0,ceart,NA,0,correct,heart,0,55,1.2,2.25,0
16609198,47,adjective,2,98,2,te,te,1,NA,NA,NA,55,1.2,2.25,0
16609198,48,adjective,2,121,1,óg,beag,0,young,young,1,55,1.2,2.25,0
16609198,49,adjective,4,137,NA,fada,lan,0,long,slow,0,55,1.2,2.25,0
16609198,50,adjective,3,154,1,ard,NA,0,tall/high,high,0,55,1.2,2.25,0
16609198,51,adjective,6,212,0,iomlán,NA,0,full,NA,0,55,1.2,2.25,0
16609198,52,adjective,4,305,0,fíor,truir,0,true,NA,0,55,1.2,2.25,0
16609198,53,adjective,5,315,NA,gearr,beag,0,short,love,0,55,1.2,2.25,0
16609198,54,adjective,6,339,0,láidir,NA,0,strong,ladder,0,55,1.2,2.25,0
16609198,55,adjective,3,364,1,beo,NA,0,alive,alive,1,55,1.2,2.25,0
16609198,56,adjective,5,370,0,bocht,NA,0,poor,NA,0,55,1.2,2.25,0
16609198,57,adjective,7,407,1,iontach,an ahma,0,great,great,1,55,1.2,2.25,0
16609198,58,adjective,4,432,1,glan,NA,0,clean,clean,1,55,1.2,2.25,0
16609198,59,adjective,3,461,0,bog,NA,0,soft,easy,0,55,1.2,2.25,0
16609198,60,adjective,4,706,2,sean,sean,1,NA,NA,NA,55,1.2,2.25,0
16609199,1,concrete_noun,5,79,2,teach,teach,1,NA,NA,NA,NA,1.6,2.5,0
16609199,2,concrete_noun,4,92,2,bean,bean,1,NA,NA,NA,NA,1.6,2.5,0
16609199,3,concrete_noun,5,107,2,scoil,scoil,1,NA,NA,NA,NA,1.6,2.5,0
16609199,4,concrete_noun,7,139,2,leabhar,leabhair,0,book,book,1,NA,1.6,2.5,0
16609199,5,concrete_noun,4,144,2,lámh,lamh,1,NA,NA,NA,NA,1.6,2.5,0
16609199,6,concrete_noun,7,157,1,airgead,NA,0,money,money,1,NA,1.6,2.5,0
16609199,7,concrete_noun,4,158,2,béal,beal,1,NA,NA,NA,NA,1.6,2.5,0
16609199,8,concrete_noun,5,217,2,uisce,uisce,0,water,water,1,NA,1.6,2.5,0
16609199,9,concrete_noun,6,220,2,oileán,oilean,1,NA,NA,NA,NA,1.6,2.5,0
16609199,10,concrete_noun,7,238,2,cathair,cathair,1,NA,NA,NA,NA,1.6,2.5,0
16609199,11,concrete_noun,5,243,2,doras,doras,1,NA,NA,NA,NA,1.6,2.5,0
16609199,12,concrete_noun,3,249,1,cos,NA,0,leg,leg,1,NA,1.6,2.5,0
16609199,13,concrete_noun,4,258,2,croí,croi,1,NA,NA,NA,NA,1.6,2.5,0
16609199,14,concrete_noun,9,310,2,múinteoir,muinteoir,1,NA,NA,NA,NA,1.6,2.5,0
16609199,15,concrete_noun,3,384,2,bia,bia,1,NA,NA,NA,NA,1.6,2.5,0
16609199,16,abstract_noun,6,39,0,bliain,NA,0,year,NA,0,NA,1.6,2.5,0
16609199,17,abstract_noun,2,59,2,lá,la,1,NA,NA,NA,NA,1.6,2.5,0
16609199,18,abstract_noun,5,72,0,taobh,NA,0,side (noun),taw,0,NA,1.6,2.5,0
16609199,19,abstract_noun,5,83,2,scéal,sceal,1,NA,NA,NA,NA,1.6,2.5,0
16609199,20,abstract_noun,3,84,0,tír,countae,0,country,NA,0,NA,1.6,2.5,0
16609199,21,abstract_noun,4,85,0,saol,NA,0,lifetime,life,0,NA,1.6,2.5,0
16609199,22,abstract_noun,5,89,0,ceist,question,0,question (noun),question,0,NA,1.6,2.5,0
16609199,23,abstract_noun,6,115,1,teanga,te,0,language,language,1,NA,1.6,2.5,0
16609199,24,abstract_noun,5,126,2,oíche,oiche,1,NA,NA,NA,NA,1.6,2.5,0
16609199,25,abstract_noun,4,127,1,aire,NA,0,care/attention,care,0,NA,1.6,2.5,0
16609199,26,abstract_noun,5,132,2,eolas,eolas,1,NA,NA,NA,NA,1.6,2.5,0
16609199,27,abstract_noun,9,142,1,seachtain,NA,0,week,week,1,NA,1.6,2.5,0
16609199,28,abstract_noun,6,278,2,aimsir,aimsir,1,NA,NA,NA,NA,1.6,2.5,0
16609199,29,abstract_noun,5,381,0,gaoth,NA,0,wind,NA,0,NA,1.6,2.5,0
16609199,30,abstract_noun,4,456,2,dath,dath,1,NA,NA,NA,NA,1.6,2.5,0
16609199,31,verb,4,17,1,cuir,chur,0,to put,to put,1,NA,1.6,2.5,0
16609199,32,verb,4,20,NA,déan,ag,0,to do,NA,0,NA,1.6,2.5,0
16609199,33,verb,7,24,2,tabhair,thabhairt,0,to give/grant,to take,0,NA,1.6,2.5,0
16609199,34,verb,3,33,1,tar,tiocaigh,0,to come,come,0,NA,1.6,2.5,0
16609199,35,verb,5,36,2,faigh,faigh,1,NA,NA,NA,NA,1.6,2.5,0
16609199,36,verb,5,41,0,téigh,NA,0,to go,take,0,NA,1.6,2.5,0
16609199,37,verb,4,76,0,feic,ag faicant,0,to see,look,0,NA,1.6,2.5,0
16609199,38,verb,4,88,0,féad,able,0,to be able to,NA,0,NA,1.6,2.5,0
16609199,39,verb,6,101,1,éirigh,suas,0,to get up/to rise,to get up,0,NA,1.6,2.5,0
16609199,40,verb,4,119,0,iarr,NA,0,to ask,try,0,NA,1.6,2.5,0
16609199,41,verb,5,133,NA,imigh,tiocaigh,0,to leave/go away,NA,0,NA,1.6,2.5,0
16609199,42,verb,4,136,0,lean,NA,0,to follow,lead,0,NA,1.6,2.5,0
16609199,43,verb,7,140,1,scríobh,ag scriobh,0,to write,write,0,NA,1.6,2.5,0
16609199,44,verb,5,163,0,siúil,NA,0,to walk,eye,0,NA,1.6,2.5,0
16609199,45,verb,7,203,0,tosaigh,NA,0,to start,NA,0,NA,1.6,2.5,0
16609199,46,adjective,5,80,2,ceart,ceart,1,NA,NA,NA,NA,1.6,2.5,0
16609199,47,adjective,2,98,2,te,te,1,NA,NA,NA,NA,1.6,2.5,0
16609199,48,adjective,2,121,1,óg,NA,0,young,young,1,NA,1.6,2.5,0
16609199,49,adjective,4,137,1,fada,NA,0,long,long,1,NA,1.6,2.5,0
16609199,50,adjective,3,154,2,ard,ard,1,NA,NA,NA,NA,1.6,2.5,0
16609199,51,adjective,6,212,0,iomlán,NA,0,full,drive,0,NA,1.6,2.5,0
16609199,52,adjective,4,305,2,fíor,fior,0,true,man,0,NA,1.6,2.5,0
16609199,53,adjective,5,315,2,gearr,gearr,1,NA,NA,NA,NA,1.6,2.5,0
16609199,54,adjective,6,339,2,láidir,laidir,1,NA,NA,NA,NA,1.6,2.5,0
16609199,55,adjective,3,364,0,beo,NA,0,alive,NA,0,NA,1.6,2.5,0
16609199,56,adjective,5,370,2,bocht,bocht,1,NA,NA,NA,NA,1.6,2.5,0
16609199,57,adjective,7,407,2,iontach,iontach,1,NA,NA,NA,NA,1.6,2.5,0
16609199,58,adjective,4,432,1,glan,ag glan,0,clean,clean,1,NA,1.6,2.5,0
16609199,59,adjective,3,461,0,bog,NA,0,soft,NA,0,NA,1.6,2.5,0
16609199,60,adjective,4,706,1,sean,dap,0,old,old,1,NA,1.6,2.5,0
16609200,1,concrete_noun,5,79,2,teach,teach,1,NA,NA,NA,80,3.2,3.75,0
16609200,2,concrete_noun,4,92,2,bean,ban,0,woman,woman,1,80,3.2,3.75,0
16609200,3,concrete_noun,5,107,2,scoil,scoil,1,NA,NA,NA,80,3.2,3.75,0
16609200,4,concrete_noun,7,139,2,leabhar,leabhair,0,book,book,1,80,3.2,3.75,0
16609200,5,concrete_noun,4,144,2,lámh,lamh,1,NA,NA,NA,80,3.2,3.75,0
16609200,6,concrete_noun,7,157,2,airgead,airgead,1,NA,NA,NA,80,3.2,3.75,0
16609200,7,concrete_noun,4,158,2,béal,beal,1,NA,NA,NA,80,3.2,3.75,0
16609200,8,concrete_noun,5,217,2,uisce,uisce,1,NA,NA,NA,80,3.2,3.75,0
16609200,9,concrete_noun,6,220,2,oileán,oileain,0,island,island,1,80,3.2,3.75,0
16609200,10,concrete_noun,7,238,0,cathair,NA,0,city,bring,0,80,3.2,3.75,0
16609200,11,concrete_noun,5,243,2,doras,doras,1,NA,NA,NA,80,3.2,3.75,0
16609200,12,concrete_noun,3,249,2,cos,cos,1,NA,NA,NA,80,3.2,3.75,0
16609200,13,concrete_noun,4,258,2,croí,croy,0,heart,heart,1,80,3.2,3.75,0
16609200,14,concrete_noun,9,310,2,múinteoir,muniteoir,0,teacher,teacher,1,80,3.2,3.75,0
16609200,15,concrete_noun,3,384,2,bia,bia,1,NA,NA,NA,80,3.2,3.75,0
16609200,16,abstract_noun,6,39,2,bliain,blain,0,year,year,1,80,3.2,3.75,0
16609200,17,abstract_noun,2,59,2,lá,la,1,NA,NA,NA,80,3.2,3.75,0
16609200,18,abstract_noun,5,72,0,taobh,NA,0,side (noun),under,0,80,3.2,3.75,0
16609200,19,abstract_noun,5,83,2,scéal,sceal,1,NA,NA,NA,80,3.2,3.75,0
16609200,20,abstract_noun,3,84,2,tír,tir,1,NA,NA,NA,80,3.2,3.75,0
16609200,21,abstract_noun,4,85,2,saol,saor,0,lifetime,life,0,80,3.2,3.75,0
16609200,22,abstract_noun,5,89,2,ceist,ceist,1,NA,NA,NA,80,3.2,3.75,0
16609200,23,abstract_noun,6,115,1,teanga,NA,0,language,language,1,80,3.2,3.75,0
16609200,24,abstract_noun,5,126,1,oíche,nocht,0,night,night,1,80,3.2,3.75,0
16609200,25,abstract_noun,4,127,1,aire,NA,0,care/attention,care,0,80,3.2,3.75,0
16609200,26,abstract_noun,5,132,1,eolas,NA,0,knowledge,knowledge,1,80,3.2,3.75,0
16609200,27,abstract_noun,9,142,2,seachtain,seactain,0,week,week,1,80,3.2,3.75,0
16609200,28,abstract_noun,6,278,1,aimsir,faithneas,0,weather,weather,1,80,3.2,3.75,0
16609200,29,abstract_noun,5,381,1,gaoth,gaothbhir,0,wind,wind,1,80,3.2,3.75,0
16609200,30,abstract_noun,4,456,2,dath,dath,1,NA,NA,NA,80,3.2,3.75,0
16609200,31,verb,4,17,2,cuir,cur,0,to put,put,0,80,3.2,3.75,0
16609200,32,verb,4,20,1,déan,a,0,to do,do,0,80,3.2,3.75,0
16609200,33,verb,7,24,0,tabhair,a thairte,0,to give/grant,take,0,80,3.2,3.75,0
16609200,34,verb,3,33,1,tar,teach,0,to come,come,0,80,3.2,3.75,0
16609200,35,verb,5,36,1,faigh,tathairt,0,to get/receive,get,0,80,3.2,3.75,0
16609200,36,verb,5,41,0,téigh,ar du,0,to go,come/take,0,80,3.2,3.75,0
16609200,37,verb,4,76,0,feic,feachail,0,to see,look,0,80,3.2,3.75,0
16609200,38,verb,4,88,0,féad,aibtailte,0,to be able to,long,0,80,3.2,3.75,0
16609200,39,verb,6,101,2,éirigh,eiri,0,to get up/to rise,come,0,80,3.2,3.75,0
16609200,40,verb,4,119,0,iarr,cur ceist ar,0,to ask,short,0,80,3.2,3.75,0
16609200,41,verb,5,133,0,imigh,dul ar ais,0,to leave/go away,play,0,80,3.2,3.75,0
16609200,42,verb,4,136,0,lean,NA,0,to follow,come,0,80,3.2,3.75,0
16609200,43,verb,7,140,2,scríobh,scriobh,1,NA,NA,NA,80,3.2,3.75,0
16609200,44,verb,5,163,2,siúil,suil,0,to walk,walk,0,80,3.2,3.75,0
16609200,45,verb,7,203,1,tosaigh,lean ar aighaigh,0,to start,start,0,80,3.2,3.75,0
16609200,46,adjective,5,80,1,ceart,an maith,0,correct,correct,1,80,3.2,3.75,0
16609200,47,adjective,2,98,2,te,te,1,NA,NA,NA,80,3.2,3.75,0
16609200,48,adjective,2,121,2,óg,og,1,NA,NA,NA,80,3.2,3.75,0
16609200,49,adjective,4,137,1,fada,NA,0,long,long,1,80,3.2,3.75,0
16609200,50,adjective,3,154,2,ard,ard,1,NA,NA,NA,80,3.2,3.75,0
16609200,51,adjective,6,212,NA,iomlán,lan,0,full,follow,0,80,3.2,3.75,0
16609200,52,adjective,4,305,2,fíor,fior,0,true,true,1,80,3.2,3.75,0
16609200,53,adjective,5,315,0,gearr,NA,0,short,cut,0,80,3.2,3.75,0
16609200,54,adjective,6,339,NA,láidir,lairde,0,strong,heavy,0,80,3.2,3.75,0
16609200,55,adjective,3,364,1,beo,NA,0,alive,life,0,80,3.2,3.75,0
16609200,56,adjective,5,370,2,bocht,bocht,1,NA,NA,NA,80,3.2,3.75,0
16609200,57,adjective,7,407,0,iontach,an maith,0,great,wonderful,0,80,3.2,3.75,0
16609200,58,adjective,4,432,1,glan,gleanta,0,clean,clean,1,80,3.2,3.75,0
16609200,59,adjective,3,461,1,bog,beag,0,soft,soft,1,80,3.2,3.75,0
16609200,60,adjective,4,706,2,sean,sean,1,NA,NA,NA,80,3.2,3.75,0
16609201,1,concrete_noun,5,79,2,teach,teach,1,NA,NA,NA,10,1.8,2.75,0
16609201,2,concrete_noun,4,92,NA,bean,mna,0,woman,girl,0,10,1.8,2.75,0
16609201,3,concrete_noun,5,107,2,scoil,scoil,1,NA,NA,NA,10,1.8,2.75,0
16609201,4,concrete_noun,7,139,2,leabhar,leabhar,1,NA,NA,NA,10,1.8,2.75,0
16609201,5,concrete_noun,4,144,1,lámh,lawva,0,hand,hand,1,10,1.8,2.75,0
16609201,6,concrete_noun,7,157,NA,airgead,arigat,0,money,cash,0,10,1.8,2.75,0
16609201,7,concrete_noun,4,158,1,béal,bael,0,mouth,mouth,1,10,1.8,2.75,0
16609201,8,concrete_noun,5,217,2,uisce,usice,0,water,water,1,10,1.8,2.75,0
16609201,9,concrete_noun,6,220,0,oileán,NA,0,island,NA,0,10,1.8,2.75,0
16609201,10,concrete_noun,7,238,0,cathair,NA,0,city,NA,0,10,1.8,2.75,0
16609201,11,concrete_noun,5,243,2,doras,doras,1,NA,NA,NA,10,1.8,2.75,0
16609201,12,concrete_noun,3,249,2,cos,coss,0,leg,leg,1,10,1.8,2.75,0
16609201,13,concrete_noun,4,258,1,croí,NA,0,heart,heart,1,10,1.8,2.75,0
16609201,14,concrete_noun,9,310,2,múinteoir,muinteoir,1,NA,NA,NA,10,1.8,2.75,0
16609201,15,concrete_noun,3,384,2,bia,bia,1,NA,NA,NA,10,1.8,2.75,0
16609201,16,abstract_noun,6,39,2,bliain,bhliain,0,year,NA,0,10,1.8,2.75,0
16609201,17,abstract_noun,2,59,2,lá,la,1,NA,NA,NA,10,1.8,2.75,0
16609201,18,abstract_noun,5,72,0,taobh,NA,0,side (noun),NA,0,10,1.8,2.75,0
16609201,19,abstract_noun,5,83,2,scéal,sceil,0,story,story,1,10,1.8,2.75,0
16609201,20,abstract_noun,3,84,2,tír,tir,1,NA,NA,NA,10,1.8,2.75,0
16609201,21,abstract_noun,4,85,0,saol,NA,0,lifetime,NA,0,10,1.8,2.75,0
16609201,22,abstract_noun,5,89,0,ceist,NA,0,question (noun),question,0,10,1.8,2.75,0
16609201,23,abstract_noun,6,115,0,teanga,NA,0,language,NA,0,10,1.8,2.75,0
16609201,24,abstract_noun,5,126,2,oíche,oiche,1,NA,NA,NA,10,1.8,2.75,0
16609201,25,abstract_noun,4,127,0,aire,NA,0,care/attention,love,0,10,1.8,2.75,0
16609201,26,abstract_noun,5,132,0,eolas,NA,0,knowledge,NA,0,10,1.8,2.75,0
16609201,27,abstract_noun,9,142,1,seachtain,shocktain,0,week,week,1,10,1.8,2.75,0
16609201,28,abstract_noun,6,278,2,aimsir,aimsir,1,NA,NA,NA,10,1.8,2.75,0
16609201,29,abstract_noun,5,381,1,gaoth,NA,0,wind,wind,1,10,1.8,2.75,0
16609201,30,abstract_noun,4,456,0,dath,NA,0,colour,NA,0,10,1.8,2.75,0
16609201,31,verb,4,17,0,cuir,NA,0,to put,NA,0,10,1.8,2.75,0
16609201,32,verb,4,20,0,déan,NA,0,to do,NA,0,10,1.8,2.75,0
16609201,33,verb,7,24,0,tabhair,NA,0,to give/grant,NA,0,10,1.8,2.75,0
16609201,34,verb,3,33,1,tar,NA,0,to come,come,0,10,1.8,2.75,0
16609201,35,verb,5,36,1,faigh,NA,0,to get/receive,get,0,10,1.8,2.75,0
16609201,36,verb,5,41,1,téigh,NA,0,to go,go,0,10,1.8,2.75,0
16609201,37,verb,4,76,0,feic,NA,0,to see,look,0,10,1.8,2.75,0
16609201,38,verb,4,88,0,féad,NA,0,to be able to,whistle,0,10,1.8,2.75,0
16609201,39,verb,6,101,0,éirigh,NA,0,to get up/to rise,NA,0,10,1.8,2.75,0
16609201,40,verb,4,119,0,iarr,NA,0,to ask,NA,0,10,1.8,2.75,0
16609201,41,verb,5,133,1,imigh,NA,0,to leave/go away,go away,0,10,1.8,2.75,0
16609201,42,verb,4,136,0,lean,NA,0,to follow,with,0,10,1.8,2.75,0
16609201,43,verb,7,140,0,scríobh,NA,0,to write,NA,0,10,1.8,2.75,0
16609201,44,verb,5,163,2,siúil,suil,0,to walk,see,0,10,1.8,2.75,0
16609201,45,verb,7,203,0,tosaigh,NA,0,to start,NA,0,10,1.8,2.75,0
16609201,46,adjective,5,80,2,ceart,ceart,1,NA,NA,NA,10,1.8,2.75,0
16609201,47,adjective,2,98,2,te,te,1,NA,NA,NA,10,1.8,2.75,0
16609201,48,adjective,2,121,2,óg,og,1,NA,NA,NA,10,1.8,2.75,0
16609201,49,adjective,4,137,2,fada,fada,1,NA,NA,NA,10,1.8,2.75,0
16609201,50,adjective,3,154,1,ard,a,0,tall/high,high,0,10,1.8,2.75,0
16609201,51,adjective,6,212,NA,iomlán,ian,0,full,NA,0,10,1.8,2.75,0
16609201,52,adjective,4,305,0,fíor,ta,0,true,yes,0,10,1.8,2.75,0
16609201,53,adjective,5,315,0,gearr,NA,0,short,small,0,10,1.8,2.75,0
16609201,54,adjective,6,339,0,láidir,NA,0,strong,NA,0,10,1.8,2.75,0
16609201,55,adjective,3,364,1,beo,NA,0,alive,life,0,10,1.8,2.75,0
16609201,56,adjective,5,370,NA,bocht,bosc,0,poor,NA,0,10,1.8,2.75,0
16609201,57,adjective,7,407,0,iontach,NA,0,great,good,0,10,1.8,2.75,0
16609201,58,adjective,4,432,2,glan,glan,1,NA,NA,NA,10,1.8,2.75,0
16609201,59,adjective,3,461,0,bog,NA,0,soft,NA,0,10,1.8,2.75,0
16609201,60,adjective,4,706,1,sean,NA,0,old,old,1,10,1.8,2.75,0
16609325,1,concrete_noun,5,79,2,teach,teach,1,NA,NA,NA,65,2.2,2.25,0
16609325,2,concrete_noun,4,92,2,bean,bean,1,NA,NA,NA,65,2.2,2.25,0
16609325,3,concrete_noun,5,107,2,scoil,scoil,1,NA,NA,NA,65,2.2,2.25,0
16609325,4,concrete_noun,7,139,2,leabhar,leabhair,0,book,book,1,65,2.2,2.25,0
16609325,5,concrete_noun,4,144,2,lámh,lamh,1,NA,NA,NA,65,2.2,2.25,0
16609325,6,concrete_noun,7,157,2,airgead,airgead,1,NA,NA,NA,65,2.2,2.25,0
16609325,7,concrete_noun,4,158,2,béal,beal,1,NA,NA,NA,65,2.2,2.25,0
16609325,8,concrete_noun,5,217,2,uisce,uisce,1,NA,NA,NA,65,2.2,2.25,0
16609325,9,concrete_noun,6,220,2,oileán,oilean,1,NA,NA,NA,65,2.2,2.25,0
16609325,10,concrete_noun,7,238,2,cathair,cathair,1,NA,NA,NA,65,2.2,2.25,0
16609325,11,concrete_noun,5,243,2,doras,doras,1,NA,NA,NA,65,2.2,2.25,0
16609325,12,concrete_noun,3,249,0,cos,NA,0,leg,foot,0,65,2.2,2.25,0
16609325,13,concrete_noun,4,258,1,croí,?,0,heart,heart,1,65,2.2,2.25,0
16609325,14,concrete_noun,9,310,2,múinteoir,muinteoir,1,NA,NA,NA,65,2.2,2.25,0
16609325,15,concrete_noun,3,384,2,bia,bia,1,NA,NA,NA,65,2.2,2.25,0
16609325,16,abstract_noun,6,39,1,bliain,NA,0,year,year,1,65,2.2,2.25,0
16609325,17,abstract_noun,2,59,2,lá,la,1,NA,NA,NA,65,2.2,2.25,0
16609325,18,abstract_noun,5,72,2,taobh,taobh,1,NA,NA,NA,65,2.2,2.25,0
16609325,19,abstract_noun,5,83,2,scéal,sceal,1,NA,NA,NA,65,2.2,2.25,0
16609325,20,abstract_noun,3,84,1,tír,NA,0,country,country,0,65,2.2,2.25,0
16609325,21,abstract_noun,4,85,0,saol,ni shaol,0,lifetime,life,0,65,2.2,2.25,0
16609325,22,abstract_noun,5,89,2,ceist,ceist,1,NA,NA,NA,65,2.2,2.25,0
16609325,23,abstract_noun,6,115,1,teanga,NA,0,language,language,1,65,2.2,2.25,0
16609325,24,abstract_noun,5,126,2,oíche,oiche,1,NA,NA,NA,65,2.2,2.25,0
16609325,25,abstract_noun,4,127,2,aire,aire,1,NA,NA,NA,65,2.2,2.25,0
16609325,26,abstract_noun,5,132,2,eolas,eolas,1,NA,NA,NA,65,2.2,2.25,0
16609325,27,abstract_noun,9,142,2,seachtain,seachtain,1,NA,NA,NA,65,2.2,2.25,0
16609325,28,abstract_noun,6,278,2,aimsir,aimsir,1,NA,NA,NA,65,2.2,2.25,0
16609325,29,abstract_noun,5,381,2,gaoth,gaoth,1,NA,NA,NA,65,2.2,2.25,0
16609325,30,abstract_noun,4,456,2,dath,dath,1,NA,NA,NA,65,2.2,2.25,0
16609325,31,verb,4,17,2,cuir,chuir,0,to put,put,0,65,2.2,2.25,0
16609325,32,verb,4,20,NA,déan,deanamh,0,to do,make,0,65,2.2,2.25,0
16609325,33,verb,7,24,2,tabhair,tabhairt,0,to give/grant,give,0,65,2.2,2.25,0
16609325,34,verb,3,33,1,tar,NA,0,to come,come,0,65,2.2,2.25,0
16609325,35,verb,5,36,NA,faigh,fuair,0,to get/receive,find,0,65,2.2,2.25,0
16609325,36,verb,5,41,1,téigh,dul,0,to go,go,0,65,2.2,2.25,0
16609325,37,verb,4,76,1,feic,feiceail,0,to see,see,0,65,2.2,2.25,0
16609325,38,verb,4,88,0,féad,abalta,0,to be able to,NA,0,65,2.2,2.25,0
16609325,39,verb,6,101,2,éirigh,eirigh,1,NA,NA,NA,65,2.2,2.25,0
16609325,40,verb,4,119,0,iarr,ceist,0,to ask,try,0,65,2.2,2.25,0
16609325,41,verb,5,133,NA,imigh,fhag,0,to leave/go away,go,0,65,2.2,2.25,0
16609325,42,verb,4,136,1,lean,ag lean,0,to follow,follow,0,65,2.2,2.25,0
16609325,43,verb,7,140,1,scríobh,ag scriobh,0,to write,wtite,0,65,2.2,2.25,0
16609325,44,verb,5,163,1,siúil,ag suil,0,to walk,walk,0,65,2.2,2.25,0
16609325,45,verb,7,203,2,tosaigh,tosaigh,1,NA,NA,NA,65,2.2,2.25,0
16609325,46,adjective,5,80,1,ceart,?,0,correct,correct,0,65,2.2,2.25,0
16609325,47,adjective,2,98,2,te,te,1,NA,NA,NA,65,2.2,2.25,0
16609325,48,adjective,2,121,2,óg,og,0,young,young,1,65,2.2,2.25,0
16609325,49,adjective,4,137,1,fada,NA,0,long,long,1,65,2.2,2.25,0
16609325,50,adjective,3,154,1,ard,NA,0,tall/high,tall,0,65,2.2,2.25,0
16609325,51,adjective,6,212,NA,iomlán,lan,0,full,enough,0,65,2.2,2.25,0
16609325,52,adjective,4,305,2,fíor,fior,0,true,truth,0,65,2.2,2.25,0
16609325,53,adjective,5,315,1,gearr,NA,0,short,short,1,65,2.2,2.25,0
16609325,54,adjective,6,339,2,láidir,laidir,1,NA,NA,NA,65,2.2,2.25,0
16609325,55,adjective,3,364,2,beo,be,0,alive,alive,1,65,2.2,2.25,0
16609325,56,adjective,5,370,1,bocht,olc,0,poor,poor,1,65,2.2,2.25,0
16609325,57,adjective,7,407,0,iontach,gomaith/,0,great,good,0,65,2.2,2.25,0
16609325,58,adjective,4,432,2,glan,glan,1,NA,NA,NA,65,2.2,2.25,0
16609325,59,adjective,3,461,2,bog,bog,1,NA,NA,NA,65,2.2,2.25,0
16609325,60,adjective,4,706,2,sean,sean,1,NA,NA,NA,65,2.2,2.25,0
16610590,1,concrete_noun,5,79,2,teach,teach,1,NA,NA,NA,50,2.8,2.5,1
16610590,2,concrete_noun,4,92,2,bean,bean,1,NA,NA,NA,50,2.8,2.5,1
16610590,3,concrete_noun,5,107,2,scoil,scoil,1,NA,NA,NA,50,2.8,2.5,1
16610590,4,concrete_noun,7,139,2,leabhar,leabhar,1,NA,NA,NA,50,2.8,2.5,1
16610590,5,concrete_noun,4,144,2,lámh,lamh,1,NA,NA,NA,50,2.8,2.5,1
16610590,6,concrete_noun,7,157,2,airgead,airgead,1,NA,NA,NA,50,2.8,2.5,1
16610590,7,concrete_noun,4,158,2,béal,beal,1,NA,NA,NA,50,2.8,2.5,1
16610590,8,concrete_noun,5,217,2,uisce,uisce,1,NA,NA,NA,50,2.8,2.5,1
16610590,9,concrete_noun,6,220,1,oileán,inis,0,island,island,1,50,2.8,2.5,1
16610590,10,concrete_noun,7,238,2,cathair,cathair,1,NA,NA,NA,50,2.8,2.5,1
16610590,11,concrete_noun,5,243,2,doras,doras,1,NA,NA,NA,50,2.8,2.5,1
16610590,12,concrete_noun,3,249,2,cos,cos,1,NA,NA,NA,50,2.8,2.5,1
16610590,13,concrete_noun,4,258,2,croí,croi,1,NA,NA,NA,50,2.8,2.5,1
16610590,14,concrete_noun,9,310,2,múinteoir,muinteoir,1,NA,NA,NA,50,2.8,2.5,1
16610590,15,concrete_noun,3,384,2,bia,bia,1,NA,NA,NA,50,2.8,2.5,1
16610590,16,abstract_noun,6,39,2,bliain,blian,0,year,year,1,50,2.8,2.5,1
16610590,17,abstract_noun,2,59,2,lá,la,1,NA,NA,NA,50,2.8,2.5,1
16610590,18,abstract_noun,5,72,0,taobh,NA,0,side (noun),beside,0,50,2.8,2.5,1
16610590,19,abstract_noun,5,83,2,scéal,sceil,0,story,story,1,50,2.8,2.5,1
16610590,20,abstract_noun,3,84,1,tír,NA,0,country,country,1,50,2.8,2.5,1
16610590,21,abstract_noun,4,85,0,saol,NA,0,lifetime,NA,0,50,2.8,2.5,1
16610590,22,abstract_noun,5,89,2,ceist,ceist,1,NA,NA,NA,50,2.8,2.5,1
16610590,23,abstract_noun,6,115,1,teanga,NA,0,language,language,1,50,2.8,2.5,1
16610590,24,abstract_noun,5,126,2,oíche,oiche,1,NA,NA,NA,50,2.8,2.5,1
16610590,25,abstract_noun,4,127,1,aire,NA,0,care/attention,care,0,50,2.8,2.5,1
16610590,26,abstract_noun,5,132,2,eolas,eolas,1,NA,NA,NA,50,2.8,2.5,1
16610590,27,abstract_noun,9,142,2,seachtain,seachtain,1,NA,NA,NA,50,2.8,2.5,1
16610590,28,abstract_noun,6,278,2,aimsir,aimsir,1,NA,NA,NA,50,2.8,2.5,1
16610590,29,abstract_noun,5,381,2,gaoth,gaoith,0,wind,wind,1,50,2.8,2.5,1
16610590,30,abstract_noun,4,456,1,dath,NA,0,colour,colour,1,50,2.8,2.5,1
16610590,31,verb,4,17,1,cuir,NA,0,to put,put,0,50,2.8,2.5,1
16610590,32,verb,4,20,0,déan,le deanamh,0,to do,finish,0,50,2.8,2.5,1
16610590,33,verb,7,24,2,tabhair,tabhair,1,NA,NA,NA,50,2.8,2.5,1
16610590,34,verb,3,33,1,tar,teacht,0,to come,come,0,50,2.8,2.5,1
16610590,35,verb,5,36,0,faigh,NA,0,to get/receive,NA,0,50,2.8,2.5,1
16610590,36,verb,5,41,0,téigh,dul,0,to go,go out,0,50,2.8,2.5,1
16610590,37,verb,4,76,0,feic,feachaint,0,to see,look,0,50,2.8,2.5,1
16610590,38,verb,4,88,0,féad,abailte,0,to be able to,NA,0,50,2.8,2.5,1
16610590,39,verb,6,101,1,éirigh,suas,0,to get up/to rise,get up,0,50,2.8,2.5,1
16610590,40,verb,4,119,0,iarr,NA,0,to ask,beside,0,50,2.8,2.5,1
16610590,41,verb,5,133,0,imigh,dul,0,to leave/go away,went away,0,50,2.8,2.5,1
16610590,42,verb,4,136,0,lean,NA,0,to follow,NA,0,50,2.8,2.5,1
16610590,43,verb,7,140,2,scríobh,scriobh,1,NA,NA,NA,50,2.8,2.5,1
16610590,44,verb,5,163,2,siúil,suil,0,to walk,walk,0,50,2.8,2.5,1
16610590,45,verb,7,203,1,tosaigh,NA,0,to start,start,0,50,2.8,2.5,1
16610590,46,adjective,5,80,1,ceart,go maith,0,correct,correct,1,50,2.8,2.5,1
16610590,47,adjective,2,98,2,te,te,1,NA,NA,NA,50,2.8,2.5,1
16610590,48,adjective,2,121,1,óg,NA,0,young,young,1,50,2.8,2.5,1
16610590,49,adjective,4,137,1,fada,NA,0,long,long,1,50,2.8,2.5,1
16610590,50,adjective,3,154,1,ard,NA,0,tall/high,high,0,50,2.8,2.5,1
16610590,51,adjective,6,212,NA,iomlán,lan,0,full,NA,0,50,2.8,2.5,1
16610590,52,adjective,4,305,0,fíor,NA,0,true,NA,0,50,2.8,2.5,1
16610590,53,adjective,5,315,NA,gearr,beg,0,short,NA,0,50,2.8,2.5,1
16610590,54,adjective,6,339,0,láidir,NA,0,strong,NA,0,50,2.8,2.5,1
16610590,55,adjective,3,364,0,beo,NA,0,alive,NA,0,50,2.8,2.5,1
16610590,56,adjective,5,370,1,bocht,NA,0,poor,poor,1,50,2.8,2.5,1
16610590,57,adjective,7,407,0,iontach,go hana mhaith,0,great,excellent,0,50,2.8,2.5,1
16610590,58,adjective,4,432,1,glan,NA,0,clean,clean,1,50,2.8,2.5,1
16610590,59,adjective,3,461,1,bog,NA,0,soft,soft,1,50,2.8,2.5,1
16610590,60,adjective,4,706,2,sean,sean,1,NA,NA,NA,50,2.8,2.5,1
16610591,1,concrete_noun,5,79,2,teach,teach,1,NA,NA,NA,50,3.6,3.5,0
16610591,2,concrete_noun,4,92,2,bean,bean,1,NA,NA,NA,50,3.6,3.5,0
16610591,3,concrete_noun,5,107,2,scoil,scoil,1,NA,NA,NA,50,3.6,3.5,0
16610591,4,concrete_noun,7,139,2,leabhar,leabhair,0,book,book,1,50,3.6,3.5,0
16610591,5,concrete_noun,4,144,2,lámh,lamh,1,NA,NA,NA,50,3.6,3.5,0
16610591,6,concrete_noun,7,157,2,airgead,airgead,1,NA,NA,NA,50,3.6,3.5,0
16610591,7,concrete_noun,4,158,2,béal,beal,1,NA,NA,NA,50,3.6,3.5,0
16610591,8,concrete_noun,5,217,2,uisce,uisce,1,NA,NA,NA,50,3.6,3.5,0
16610591,9,concrete_noun,6,220,2,oileán,oilean,1,NA,NA,NA,50,3.6,3.5,0
16610591,10,concrete_noun,7,238,2,cathair,cathair,1,NA,NA,NA,50,3.6,3.5,0
16610591,11,concrete_noun,5,243,2,doras,doras,1,NA,NA,NA,50,3.6,3.5,0
16610591,12,concrete_noun,3,249,2,cos,cos,1,NA,NA,NA,50,3.6,3.5,0
16610591,13,concrete_noun,4,258,2,croí,croi,1,NA,NA,NA,50,3.6,3.5,0
16610591,14,concrete_noun,9,310,2,múinteoir,muinteoir,1,NA,NA,NA,50,3.6,3.5,0
16610591,15,concrete_noun,3,384,2,bia,bia,1,NA,NA,NA,50,3.6,3.5,0
16610591,16,abstract_noun,6,39,2,bliain,bliain,1,NA,NA,NA,50,3.6,3.5,0
16610591,17,abstract_noun,2,59,2,lá,la,1,NA,NA,NA,50,3.6,3.5,0
16610591,18,abstract_noun,5,72,2,taobh,taobh,1,NA,NA,NA,50,3.6,3.5,0
16610591,19,abstract_noun,5,83,2,scéal,sceil,0,story,story,1,50,3.6,3.5,0
16610591,20,abstract_noun,3,84,2,tír,tir,1,NA,NA,NA,50,3.6,3.5,0
16610591,21,abstract_noun,4,85,2,saol,saoil,0,lifetime,life,0,50,3.6,3.5,0
16610591,22,abstract_noun,5,89,2,ceist,ceist,1,NA,NA,NA,50,3.6,3.5,0
16610591,23,abstract_noun,6,115,2,teanga,teanga,1,NA,NA,NA,50,3.6,3.5,0
16610591,24,abstract_noun,5,126,2,oíche,oiche,1,NA,NA,NA,50,3.6,3.5,0
16610591,25,abstract_noun,4,127,2,aire,aire,1,NA,NA,NA,50,3.6,3.5,0
16610591,26,abstract_noun,5,132,2,eolas,eolas,1,NA,NA,NA,50,3.6,3.5,0
16610591,27,abstract_noun,9,142,2,seachtain,seachtain,1,NA,NA,NA,50,3.6,3.5,0
16610591,28,abstract_noun,6,278,2,aimsir,aimsir,1,NA,NA,NA,50,3.6,3.5,0
16610591,29,abstract_noun,5,381,2,gaoth,gaoith,0,wind,wind,1,50,3.6,3.5,0
16610591,30,abstract_noun,4,456,2,dath,dath,1,NA,NA,NA,50,3.6,3.5,0
16610591,31,verb,4,17,2,cuir,cuir,1,NA,NA,NA,50,3.6,3.5,0
16610591,32,verb,4,20,1,déan,le deanamh,0,to do,do,0,50,3.6,3.5,0
16610591,33,verb,7,24,0,tabhair,deontas,0,to give/grant,come,0,50,3.6,3.5,0
16610591,34,verb,3,33,1,tar,teacht,0,to come,come,0,50,3.6,3.5,0
16610591,35,verb,5,36,0,faigh,fuair me,0,to get/receive,leave,0,50,3.6,3.5,0
16610591,36,verb,5,41,0,téigh,rachaidh,0,to go,take,0,50,3.6,3.5,0
16610591,37,verb,4,76,NA,feic,feach,0,to see,look,0,50,3.6,3.5,0
16610591,38,verb,4,88,0,féad,beidh abailte,0,to be able to,amount,0,50,3.6,3.5,0
16610591,39,verb,6,101,1,éirigh,deireadh,0,to get up/to rise,get up,0,50,3.6,3.5,0
16610591,40,verb,4,119,0,iarr,cuir ceist,0,to ask,NA,0,50,3.6,3.5,0
16610591,41,verb,5,133,0,imigh,dul amach,0,to leave/go away,go,0,50,3.6,3.5,0
16610591,42,verb,4,136,2,lean,lan,0,to follow,leave,0,50,3.6,3.5,0
16610591,43,verb,7,140,2,scríobh,scriobh,1,NA,NA,NA,50,3.6,3.5,0
16610591,44,verb,5,163,2,siúil,suil,0,to walk,walk,0,50,3.6,3.5,0
16610591,45,verb,7,203,2,tosaigh,tosacdh,0,to start,begin,0,50,3.6,3.5,0
16610591,46,adjective,5,80,2,ceart,ceart,1,NA,NA,NA,50,3.6,3.5,0
16610591,47,adjective,2,98,2,te,teo,0,hot,hot,1,50,3.6,3.5,0
16610591,48,adjective,2,121,2,óg,og,1,NA,NA,NA,50,3.6,3.5,0
16610591,49,adjective,4,137,2,fada,fada,1,NA,NA,NA,50,3.6,3.5,0
16610591,50,adjective,3,154,2,ard,ard,1,NA,NA,NA,50,3.6,3.5,0
16610591,51,adjective,6,212,1,iomlán,lan,0,full,full,1,50,3.6,3.5,0
16610591,52,adjective,4,305,2,fíor,fior,0,true,true,1,50,3.6,3.5,0
16610591,53,adjective,5,315,2,gearr,gear,0,short,cut,0,50,3.6,3.5,0
16610591,54,adjective,6,339,2,láidir,laidir,1,NA,NA,NA,50,3.6,3.5,0
16610591,55,adjective,3,364,2,beo,beo,1,NA,NA,NA,50,3.6,3.5,0
16610591,56,adjective,5,370,1,bocht,brogagh,0,poor,poor,1,50,3.6,3.5,0
16610591,57,adjective,7,407,1,iontach,go maith,0,great,great,1,50,3.6,3.5,0
16610591,58,adjective,4,432,2,glan,glan,1,NA,NA,NA,50,3.6,3.5,0
16610591,59,adjective,3,461,2,bog,bog,1,NA,NA,NA,50,3.6,3.5,0
16610591,60,adjective,4,706,1,sean,aosta,0,old,old,1,50,3.6,3.5,0
16610592,1,concrete_noun,5,79,1,teach,ti,0,house,house,1,65,1.2,1.5,0
16610592,2,concrete_noun,4,92,2,bean,bean,1,NA,NA,NA,65,1.2,1.5,0
16610592,3,concrete_noun,5,107,2,scoil,scoil,1,NA,NA,NA,65,1.2,1.5,0
16610592,4,concrete_noun,7,139,2,leabhar,leabhar,1,NA,NA,NA,65,1.2,1.5,0
16610592,5,concrete_noun,4,144,2,lámh,lamh,1,NA,NA,NA,65,1.2,1.5,0
16610592,6,concrete_noun,7,157,2,airgead,airgead,1,NA,NA,NA,65,1.2,1.5,0
16610592,7,concrete_noun,4,158,2,béal,beal,1,NA,NA,NA,65,1.2,1.5,0
16610592,8,concrete_noun,5,217,2,uisce,uisce,1,NA,NA,NA,65,1.2,1.5,0
16610592,9,concrete_noun,6,220,0,oileán,not sure,0,island,NA,0,65,1.2,1.5,0
16610592,10,concrete_noun,7,238,0,cathair,city,0,city,chair,0,65,1.2,1.5,0
16610592,11,concrete_noun,5,243,2,doras,doras,1,NA,NA,NA,65,1.2,1.5,0
16610592,12,concrete_noun,3,249,2,cos,cos,1,NA,NA,NA,65,1.2,1.5,0
16610592,13,concrete_noun,4,258,2,croí,croi,1,NA,NA,NA,65,1.2,1.5,0
16610592,14,concrete_noun,9,310,2,múinteoir,munteoir,0,teacher,teacher,1,65,1.2,1.5,0
16610592,15,concrete_noun,3,384,2,bia,bia,1,NA,NA,NA,65,1.2,1.5,0
16610592,16,abstract_noun,6,39,1,bliain,NA,0,year,year,1,65,1.2,1.5,0
16610592,17,abstract_noun,2,59,2,lá,la,1,NA,NA,NA,65,1.2,1.5,0
16610592,18,abstract_noun,5,72,0,taobh,NA,0,side (noun),beside,0,65,1.2,1.5,0
16610592,19,abstract_noun,5,83,1,scéal,tale,0,story,story,1,65,1.2,1.5,0
16610592,20,abstract_noun,3,84,NA,tír,ait,0,country,house,0,65,1.2,1.5,0
16610592,21,abstract_noun,4,85,0,saol,NA,0,lifetime,sail,0,65,1.2,1.5,0
16610592,22,abstract_noun,5,89,0,ceist,NA,0,question (noun),question,0,65,1.2,1.5,0
16610592,23,abstract_noun,6,115,0,teanga,NA,0,language,tongue,0,65,1.2,1.5,0
16610592,24,abstract_noun,5,126,2,oíche,oiche,1,NA,NA,NA,65,1.2,1.5,0
16610592,25,abstract_noun,4,127,0,aire,tabhair caire,0,care/attention,mind,0,65,1.2,1.5,0
16610592,26,abstract_noun,5,132,2,eolas,eolas,1,NA,NA,NA,65,1.2,1.5,0
16610592,27,abstract_noun,9,142,2,seachtain,seachain,0,week,week,1,65,1.2,1.5,0
16610592,28,abstract_noun,6,278,1,aimsir,amshair,0,weather,weather,1,65,1.2,1.5,0
16610592,29,abstract_noun,5,381,2,gaoth,gaoithe,0,wind,wind,1,65,1.2,1.5,0
16610592,30,abstract_noun,4,456,1,dath,color,0,colour,colour,1,65,1.2,1.5,0
16610592,31,verb,4,17,0,cuir,NA,0,to put,give,0,65,1.2,1.5,0
16610592,32,verb,4,20,0,déan,rinne,0,to do,NA,0,65,1.2,1.5,0
16610592,33,verb,7,24,2,tabhair,tabhar,0,to give/grant,give,0,65,1.2,1.5,0
16610592,34,verb,3,33,0,tar,ag diul,0,to come,NA,0,65,1.2,1.5,0
16610592,36,verb,5,41,1,téigh,ag dull,0,to go,go,0,65,1.2,1.5,0
16610592,37,verb,4,76,1,feic,ag siuil,0,to see,see,0,65,1.2,1.5,0
16610592,38,verb,4,88,0,féad,an bhfuil you,0,to be able to,long,0,65,1.2,1.5,0
16610592,39,verb,6,101,1,éirigh,eirigh suas,0,to get up/to rise,get up,0,65,1.2,1.5,0
16610592,40,verb,4,119,0,iarr,cead agam,0,to ask,NA,0,65,1.2,1.5,0
16610592,41,verb,5,133,1,imigh,ag dul,0,to leave/go away,go away,0,65,1.2,1.5,0
16610592,42,verb,4,136,0,lean,NA,0,to follow,NA,0,65,1.2,1.5,0
16610592,43,verb,7,140,1,scríobh,ag scriobh,0,to write,write,0,65,1.2,1.5,0
16610592,44,verb,5,163,1,siúil,ag siuil,0,to walk,walk,0,65,1.2,1.5,0
16610592,45,verb,7,203,0,tosaigh,began,0,to start,go,0,65,1.2,1.5,0
16610592,46,adjective,5,80,2,ceart,ceart,1,NA,NA,NA,65,1.2,1.5,0
16610592,47,adjective,2,98,2,te,ti,0,hot,NA,0,65,1.2,1.5,0
16610592,48,adjective,2,121,1,óg,babog,0,young,young,1,65,1.2,1.5,0
16610592,49,adjective,4,137,2,fada,fada,1,NA,NA,NA,65,1.2,1.5,0
16610592,50,adjective,3,154,1,ard,feada,0,tall/high,high,0,65,1.2,1.5,0
16610592,51,adjective,6,212,0,iomlán,fullamh,0,full,NA,0,65,1.2,1.5,0
16610592,52,adjective,4,305,0,fíor,ceart,0,true,NA,0,65,1.2,1.5,0
16610592,53,adjective,5,315,NA,gearr,beag,0,short,NA,0,65,1.2,1.5,0
16610592,54,adjective,6,339,0,láidir,NA,0,strong,ladder,0,65,1.2,1.5,0
16610592,55,adjective,3,364,2,beo,beo,1,NA,NA,NA,65,1.2,1.5,0
16610592,56,adjective,5,370,NA,bocht,beag,0,poor,sick,0,65,1.2,1.5,0
16610592,57,adjective,7,407,0,iontach,ceart,0,great,NA,0,65,1.2,1.5,0
16610592,58,adjective,4,432,2,glan,glan,1,NA,NA,NA,65,1.2,1.5,0
16610592,59,adjective,3,461,NA,bog,soft,0,soft,bog,0,65,1.2,1.5,0
16610592,60,adjective,4,706,2,sean,sean,1,NA,NA,NA,65,1.2,1.5,0
16610593,1,concrete_noun,5,79,2,teach,teach,1,NA,NA,NA,80,2,1,0
16610593,2,concrete_noun,4,92,1,bean,mna,0,woman,woman,1,80,2,1,0
16610593,3,concrete_noun,5,107,2,scoil,scoile,0,school,school,1,80,2,1,0
16610593,4,concrete_noun,7,139,2,leabhar,leabhair,0,book,book,1,80,2,1,0
16610593,5,concrete_noun,4,144,2,lámh,lamh,1,NA,NA,NA,80,2,1,0
16610593,6,concrete_noun,7,157,2,airgead,airgead,1,NA,NA,NA,80,2,1,0
16610593,7,concrete_noun,4,158,2,béal,beal,1,NA,NA,NA,80,2,1,0
16610593,8,concrete_noun,5,217,2,uisce,uisce,1,NA,NA,NA,80,2,1,0
16610593,9,concrete_noun,6,220,2,oileán,oileain,0,island,island,1,80,2,1,0
16610593,10,concrete_noun,7,238,1,cathair,baile,0,city,city,1,80,2,1,0
16610593,11,concrete_noun,5,243,2,doras,doras,1,NA,NA,NA,80,2,1,0
16610593,12,concrete_noun,3,249,2,cos,cos,1,NA,NA,NA,80,2,1,0
16610593,13,concrete_noun,4,258,2,croí,croi,1,NA,NA,NA,80,2,1,0
16610593,14,concrete_noun,9,310,2,múinteoir,muinteoir,1,NA,NA,NA,80,2,1,0
16610593,15,concrete_noun,3,384,2,bia,bia,1,NA,NA,NA,80,2,1,0
16610593,16,abstract_noun,6,39,2,bliain,blian,0,year,year,1,80,2,1,0
16610593,17,abstract_noun,2,59,2,lá,la,1,NA,NA,NA,80,2,1,0
16610593,18,abstract_noun,5,72,0,taobh,in aice,0,side (noun),side,0,80,2,1,0
16610593,19,abstract_noun,5,83,2,scéal,sceal,1,NA,NA,NA,80,2,1,0
16610593,20,abstract_noun,3,84,2,tír,tir,1,NA,NA,NA,80,2,1,0
16610593,21,abstract_noun,4,85,2,saol,saol,1,NA,NA,NA,80,2,1,0
16610593,22,abstract_noun,5,89,2,ceist,ceist,1,NA,NA,NA,80,2,1,0
16610593,23,abstract_noun,6,115,2,teanga,teanga,1,NA,NA,NA,80,2,1,0
16610593,24,abstract_noun,5,126,2,oíche,oiche,1,NA,NA,NA,80,2,1,0
16610593,25,abstract_noun,4,127,2,aire,aire,1,NA,NA,NA,80,2,1,0
16610593,26,abstract_noun,5,132,2,eolas,eolas,1,NA,NA,NA,80,2,1,0
16610593,27,abstract_noun,9,142,2,seachtain,seachtain,1,NA,NA,NA,80,2,1,0
16610593,28,abstract_noun,6,278,2,aimsir,aimsir,1,NA,NA,NA,80,2,1,0
16610593,29,abstract_noun,5,381,2,gaoth,gaoth,1,NA,NA,NA,80,2,1,0
16610593,30,abstract_noun,4,456,2,dath,dath,1,NA,NA,NA,80,2,1,0
16610593,31,verb,4,17,2,cuir,chuir,0,to put,put,0,80,2,1,0
16610593,32,verb,4,20,2,déan,dean,1,NA,NA,NA,80,2,1,0
16610593,33,verb,7,24,1,tabhair,thug,0,to give/grant,give,0,80,2,1,0
16610593,34,verb,3,33,1,tar,thainig,0,to come,to come,1,80,2,1,0
16610593,35,verb,5,36,1,faigh,fuair,0,to get/receive,to get,0,80,2,1,0
16610593,36,verb,5,41,2,téigh,imigh,0,to go,to go,1,80,2,1,0
16610593,37,verb,4,76,1,feic,chonaic,0,to see,see,0,80,2,1,0
16610593,38,verb,4,88,0,féad,ta me,0,to be able to,?,0,80,2,1,0
16610593,39,verb,6,101,2,éirigh,eirigh,1,NA,NA,NA,80,2,1,0
16610593,40,verb,4,119,0,iarr,ceist,0,to ask,try,0,80,2,1,0
16610593,41,verb,5,133,NA,imigh,imeacht,0,to leave/go away,to go,0,80,2,1,0
16610593,42,verb,4,136,2,lean,lean,1,NA,NA,NA,80,2,1,0
16610593,43,verb,7,140,2,scríobh,scriobh,1,NA,NA,NA,80,2,1,0
16610593,44,verb,5,163,2,siúil,suil,0,to walk,walk,0,80,2,1,0
16610593,45,verb,7,203,2,tosaigh,thosnaigh,0,to start,start,0,80,2,1,0
16610593,46,adjective,5,80,2,ceart,ceart,1,NA,NA,NA,80,2,1,0
16610593,47,adjective,2,98,2,te,te,1,NA,NA,NA,80,2,1,0
16610593,48,adjective,2,121,2,óg,og,1,NA,NA,NA,80,2,1,0
16610593,49,adjective,4,137,2,fada,fada,1,NA,NA,NA,80,2,1,0
16610593,50,adjective,3,154,2,ard,ard,1,NA,NA,NA,80,2,1,0
16610593,51,adjective,6,212,NA,iomlán,lan,0,full,total,0,80,2,1,0
16610593,52,adjective,4,305,2,fíor,fior,0,true,true,1,80,2,1,0
16610593,53,adjective,5,315,2,gearr,gearr,1,NA,NA,NA,80,2,1,0
16610593,54,adjective,6,339,1,láidir,NA,0,strong,strong,1,80,2,1,0
16610593,55,adjective,3,364,2,beo,beo,1,NA,NA,NA,80,2,1,0
16610593,56,adjective,5,370,1,bocht,gan airgead,0,poor,poor,1,80,2,1,0
16610593,57,adjective,7,407,0,iontach,ar feabhas,0,great,wonderful,0,80,2,1,0
16610593,58,adjective,4,432,2,glan,glan,1,NA,NA,NA,80,2,1,0
16610593,59,adjective,3,461,2,bog,bog,1,NA,NA,NA,80,2,1,0
16610593,60,adjective,4,706,2,sean,sean,1,NA,NA,NA,80,2,1,0
16610594,1,concrete_noun,5,79,2,teach,teach,1,NA,NA,NA,80,2.6,2.75,0
16610594,2,concrete_noun,4,92,2,bean,bean,1,NA,NA,NA,80,2.6,2.75,0
16610594,3,concrete_noun,5,107,2,scoil,scoil,1,NA,NA,NA,80,2.6,2.75,0
16610594,4,concrete_noun,7,139,2,leabhar,leabhar,1,NA,NA,NA,80,2.6,2.75,0
16610594,5,concrete_noun,4,144,2,lámh,lámh,1,NA,NA,NA,80,2.6,2.75,0
16610594,6,concrete_noun,7,157,2,airgead,airgead,1,NA,NA,NA,80,2.6,2.75,0
16610594,7,concrete_noun,4,158,2,béal,béal,1,NA,NA,NA,80,2.6,2.75,0
16610594,8,concrete_noun,5,217,2,uisce,uisce,1,NA,NA,NA,80,2.6,2.75,0
16610594,9,concrete_noun,6,220,2,oileán,oileán,1,NA,NA,NA,80,2.6,2.75,0
16610594,10,concrete_noun,7,238,2,cathair,cathar,0,city,city,1,80,2.6,2.75,0
16610594,11,concrete_noun,5,243,2,doras,doras,1,NA,NA,NA,80,2.6,2.75,0
16610594,12,concrete_noun,3,249,2,cos,cos,1,NA,NA,NA,80,2.6,2.75,0
16610594,13,concrete_noun,4,258,2,croí,croí,1,NA,NA,NA,80,2.6,2.75,0
16610594,14,concrete_noun,9,310,2,múinteoir,múinteoir,1,NA,NA,NA,80,2.6,2.75,0
16610594,15,concrete_noun,3,384,2,bia,bia,1,NA,NA,NA,80,2.6,2.75,0
16610594,16,abstract_noun,6,39,2,bliain,bliain,1,NA,NA,NA,80,2.6,2.75,0
16610594,17,abstract_noun,2,59,2,lá,lá,1,NA,NA,NA,80,2.6,2.75,0
16610594,18,abstract_noun,5,72,2,taobh,taobh,1,NA,NA,NA,80,2.6,2.75,0
16610594,19,abstract_noun,5,83,2,scéal,scéal,1,NA,NA,NA,80,2.6,2.75,0
16610594,20,abstract_noun,3,84,2,tír,tír,1,NA,NA,NA,80,2.6,2.75,0
16610594,21,abstract_noun,4,85,2,saol,saol,1,NA,NA,NA,80,2.6,2.75,0
16610594,22,abstract_noun,5,89,2,ceist,ceist,1,NA,NA,NA,80,2.6,2.75,0
16610594,23,abstract_noun,6,115,2,teanga,teanga,1,NA,NA,NA,80,2.6,2.75,0
16610594,24,abstract_noun,5,126,2,oíche,oíche,1,NA,NA,NA,80,2.6,2.75,0
16610594,25,abstract_noun,4,127,2,aire,aire,1,NA,NA,NA,80,2.6,2.75,0
16610594,26,abstract_noun,5,132,2,eolas,eolas,1,NA,NA,NA,80,2.6,2.75,0
16610594,27,abstract_noun,9,142,2,seachtain,seachtain,1,NA,NA,NA,80,2.6,2.75,0
16610594,28,abstract_noun,6,278,2,aimsir,aimsir,1,NA,NA,NA,80,2.6,2.75,0
16610594,29,abstract_noun,5,381,2,gaoth,gaoth,1,NA,NA,NA,80,2.6,2.75,0
16610594,30,abstract_noun,4,456,2,dath,dath,1,NA,NA,NA,80,2.6,2.75,0
16610594,31,verb,4,17,2,cuir,cuir,1,NA,NA,NA,80,2.6,2.75,0
16610594,32,verb,4,20,1,déan,le dhéanamh,0,to do,do,0,80,2.6,2.75,0
16610594,33,verb,7,24,2,tabhair,tabhair,1,NA,NA,NA,80,2.6,2.75,0
16610594,34,verb,3,33,1,tar,le teacht,0,to come,come,0,80,2.6,2.75,0
16610594,35,verb,5,36,2,faigh,faigh,1,NA,NA,NA,80,2.6,2.75,0
16610594,36,verb,5,41,2,téigh,imigh,0,to go,go,0,80,2.6,2.75,0
16610594,37,verb,4,76,1,feic,feiceal,0,to see,see,0,80,2.6,2.75,0
16610594,38,verb,4,88,0,féad,le bheith abálta,0,to be able to,feed,0,80,2.6,2.75,0
16610594,39,verb,6,101,2,éirigh,eirí,0,to get up/to rise,rise up,0,80,2.6,2.75,0
16610594,40,verb,4,119,1,iarr,cuir ceist,0,to ask,ask,0,80,2.6,2.75,0
16610594,41,verb,5,133,NA,imigh,fág,0,to leave/go away,go,0,80,2.6,2.75,0
16610594,42,verb,4,136,1,lean,leanuint,0,to follow,follow,0,80,2.6,2.75,0
16610594,43,verb,7,140,2,scríobh,scríobh,1,NA,NA,NA,80,2.6,2.75,0
16610594,44,verb,5,163,2,siúil,siúl,0,to walk,walk,0,80,2.6,2.75,0
16610594,45,verb,7,203,2,tosaigh,tosaigh,1,NA,NA,NA,80,2.6,2.75,0
16610594,46,adjective,5,80,2,ceart,ceart,1,NA,NA,NA,80,2.6,2.75,0
16610594,47,adjective,2,98,2,te,té,0,hot,hot,1,80,2.6,2.75,0
16610594,48,adjective,2,121,2,óg,óg,1,NA,NA,NA,80,2.6,2.75,0
16610594,49,adjective,4,137,2,fada,fada,1,NA,NA,NA,80,2.6,2.75,0
16610594,50,adjective,3,154,2,ard,ard,1,NA,NA,NA,80,2.6,2.75,0
16610594,51,adjective,6,212,1,iomlán,lán,0,full,full,1,80,2.6,2.75,0
16610594,52,adjective,4,305,2,fíor,fíor,1,NA,NA,NA,80,2.6,2.75,0
16610594,53,adjective,5,315,1,gearr,beag,0,short,short,1,80,2.6,2.75,0
16610594,54,adjective,6,339,2,láidir,laidir,1,NA,NA,NA,80,2.6,2.75,0
16610594,55,adjective,3,364,2,beo,beo,1,NA,NA,NA,80,2.6,2.75,0
16610594,56,adjective,5,370,1,bocht,NA,0,poor,poor,1,80,2.6,2.75,0
16610594,57,adjective,7,407,2,iontach,iontach,1,NA,NA,NA,80,2.6,2.75,0
16610594,58,adjective,4,432,2,glan,glan,1,NA,NA,NA,80,2.6,2.75,0
16610594,59,adjective,3,461,2,bog,bog,1,NA,NA,NA,80,2.6,2.75,0
16610594,60,adjective,4,706,2,sean,sean,1,NA,NA,NA,80,2.6,2.75,0
16611804,1,concrete_noun,5,79,0,teach,là,0,house,mùnadh,0,25,3.6,5,0
16611804,2,concrete_noun,4,92,0,bean,là,0,woman,wife,0,25,3.6,5,0
16611804,3,concrete_noun,5,107,2,scoil,scoil,1,NA,NA,NA,25,3.6,5,0
16611804,4,concrete_noun,7,139,2,leabhar,leabhair,0,book,book,1,25,3.6,5,0
16611804,5,concrete_noun,4,144,2,lámh,làmh,0,hand,hand,1,25,3.6,5,0
16611804,6,concrete_noun,7,157,1,airgead,ariga,0,money,money,1,25,3.6,5,0
16611804,7,concrete_noun,4,158,2,béal,bèal,0,mouth,mouth,1,25,3.6,5,0
16611804,8,concrete_noun,5,217,2,uisce,uisce,1,NA,NA,NA,25,3.6,5,0
16611804,9,concrete_noun,6,220,2,oileán,oileà,0,island,island,1,25,3.6,5,0
16611804,10,concrete_noun,7,238,0,cathair,là,0,city,town,0,25,3.6,5,0
16611804,11,concrete_noun,5,243,2,doras,doras,1,NA,NA,NA,25,3.6,5,0
16611804,12,concrete_noun,3,249,2,cos,cos,1,NA,NA,NA,25,3.6,5,0
16611804,13,concrete_noun,4,258,2,croí,croi,0,heart,heart,1,25,3.6,5,0
16611804,14,concrete_noun,9,310,2,múinteoir,muinteor,0,teacher,teacher,1,25,3.6,5,0
16611804,15,concrete_noun,3,384,2,bia,bia,1,NA,NA,NA,25,3.6,5,0
16611804,16,abstract_noun,6,39,2,bliain,blain,0,year,year,1,25,3.6,5,0
16611804,17,abstract_noun,2,59,2,lá,la,1,NA,NA,NA,25,3.6,5,0
16611804,18,abstract_noun,5,72,2,taobh,taobh,1,NA,NA,NA,25,3.6,5,0
16611804,19,abstract_noun,5,83,2,scéal,sceal,1,NA,NA,NA,25,3.6,5,0
16611804,20,abstract_noun,3,84,2,tír,tìr,0,country,country,1,25,3.6,5,0
16611804,21,abstract_noun,4,85,0,saol,NA,0,lifetime,life,0,25,3.6,5,0
16611804,22,abstract_noun,5,89,0,ceist,ceisteanna,0,question (noun),question,0,25,3.6,5,0
16611804,23,abstract_noun,6,115,2,teanga,teanga,1,NA,NA,NA,25,3.6,5,0
16611804,24,abstract_noun,5,126,2,oíche,oiche,1,NA,NA,NA,25,3.6,5,0
16611804,25,abstract_noun,4,127,2,aire,aire,1,NA,NA,NA,25,3.6,5,0
16611804,26,abstract_noun,5,132,1,eolas,NA,0,knowledge,knowledge,1,25,3.6,5,0
16611804,27,abstract_noun,9,142,2,seachtain,seachtain,1,NA,NA,NA,25,3.6,5,0
16611804,28,abstract_noun,6,278,2,aimsir,aimsir,1,NA,NA,NA,25,3.6,5,0
16611804,29,abstract_noun,5,381,2,gaoth,gao,0,wind,wind,1,25,3.6,5,0
16611804,30,abstract_noun,4,456,2,dath,dath,1,NA,NA,NA,25,3.6,5,0
16611804,31,verb,4,17,1,cuir,là,0,to put,put,0,25,3.6,5,0
16611804,32,verb,4,20,1,déan,denamh,0,to do,do,0,25,3.6,5,0
16611804,33,verb,7,24,1,tabhair,tug,0,to give/grant,give,0,25,3.6,5,0
16611804,34,verb,3,33,0,tar,teacht,0,to come,NA,0,25,3.6,5,0
16611804,35,verb,5,36,NA,faigh,fuair,0,to get/receive,NA,0,25,3.6,5,0
16611804,36,verb,5,41,1,téigh,NA,0,to go,go,0,25,3.6,5,0
16611804,37,verb,4,76,0,feic,NA,0,to see,look,0,25,3.6,5,0
16611804,38,verb,4,88,0,féad,abalta,0,to be able to,NA,0,25,3.6,5,0
16611804,39,verb,6,101,2,éirigh,eirig,0,to get up/to rise,rise,0,25,3.6,5,0
16611804,40,verb,4,119,0,iarr,NA,0,to ask,behind,0,25,3.6,5,0
16611804,41,verb,5,133,NA,imigh,imeacht,0,to leave/go away,go,0,25,3.6,5,0
16611804,42,verb,4,136,0,lean,NA,0,to follow,NA,0,25,3.6,5,0
16611804,43,verb,7,140,2,scríobh,scriobh,1,NA,NA,NA,25,3.6,5,0
16611804,44,verb,5,163,2,siúil,sùil,0,to walk,walk,0,25,3.6,5,0
16611804,45,verb,7,203,2,tosaigh,toshaig,0,to start,start,0,25,3.6,5,0
16611804,46,adjective,5,80,1,ceart,NA,0,correct,correct,1,25,3.6,5,0
16611804,47,adjective,2,98,2,te,te,1,NA,NA,NA,25,3.6,5,0
16611804,48,adjective,2,121,1,óg,l,0,young,young,1,25,3.6,5,0
16611804,49,adjective,4,137,1,fada,NA,0,long,long,1,25,3.6,5,0
16611804,50,adjective,3,154,2,ard,ard,1,NA,NA,NA,25,3.6,5,0
16611804,51,adjective,6,212,NA,iomlán,làn,0,full,enough,0,25,3.6,5,0
16611804,52,adjective,4,305,0,fíor,trua,0,true,truth,0,25,3.6,5,0
16611804,53,adjective,5,315,2,gearr,gearr,1,NA,NA,NA,25,3.6,5,0
16611804,54,adjective,6,339,2,láidir,làidir,0,strong,heavy/strong,0,25,3.6,5,0
16611804,55,adjective,3,364,2,beo,beo,1,NA,NA,NA,25,3.6,5,0
16611804,56,adjective,5,370,2,bocht,bocht,1,NA,NA,NA,25,3.6,5,0
16611804,57,adjective,7,407,0,iontach,NA,0,great,wonderful,0,25,3.6,5,0
16611804,58,adjective,4,432,2,glan,glan,1,NA,NA,NA,25,3.6,5,0
16611804,59,adjective,3,461,2,bog,bog,1,NA,NA,NA,25,3.6,5,0
16611804,60,adjective,4,706,2,sean,sean,1,NA,NA,NA,25,3.6,5,0
16611805,1,concrete_noun,5,79,2,teach,teach,1,NA,NA,NA,NA,4.6,5,0
16611805,2,concrete_noun,4,92,2,bean,ban,0,woman,is there,0,NA,4.6,5,0
16611805,3,concrete_noun,5,107,2,scoil,schoil,0,school,school,1,NA,4.6,5,0
16611805,4,concrete_noun,7,139,2,leabhar,leanhar,0,book,book,1,NA,4.6,5,0
16611805,5,concrete_noun,4,144,2,lámh,leamh,0,hand,jump,0,NA,4.6,5,0
16611805,6,concrete_noun,7,157,1,airgead,airigit,0,money,money,1,NA,4.6,5,0
16611805,7,concrete_noun,4,158,2,béal,beah,0,mouth,mouth,1,NA,4.6,5,0
16611805,8,concrete_noun,5,217,2,uisce,uisca,0,water,water,1,NA,4.6,5,0
16611805,9,concrete_noun,6,220,1,oileán,eilann,0,island,island,1,NA,4.6,5,0
16611805,10,concrete_noun,7,238,2,cathair,caithair,0,city,city,1,NA,4.6,5,0
16611805,11,concrete_noun,5,243,2,doras,dorus,0,door,door,1,NA,4.6,5,0
16611805,12,concrete_noun,3,249,NA,cos,chuis,0,leg,side,0,NA,4.6,5,0
16611805,13,concrete_noun,4,258,1,croí,cha,0,heart,heart,1,NA,4.6,5,0
16611805,14,concrete_noun,9,310,2,múinteoir,muintor,0,teacher,teacher,1,NA,4.6,5,0
16611805,15,concrete_noun,3,384,2,bia,bia,1,NA,NA,NA,NA,4.6,5,0
16611805,16,abstract_noun,6,39,2,bliain,blean,0,year,year,1,NA,4.6,5,0
16611805,17,abstract_noun,2,59,2,lá,lá,1,NA,NA,NA,NA,4.6,5,0
16611805,18,abstract_noun,5,72,NA,taobh,slibh,0,side (noun),take,0,NA,4.6,5,0
16611805,19,abstract_noun,5,83,1,scéal,NA,0,story,story,1,NA,4.6,5,0
16611805,20,abstract_noun,3,84,2,tír,tir,1,NA,NA,NA,NA,4.6,5,0
16611805,21,abstract_noun,4,85,0,saol,taim be,0,lifetime,alive,0,NA,4.6,5,0
16611805,22,abstract_noun,5,89,2,ceist,chest,0,question (noun),que,0,NA,4.6,5,0
16611805,23,abstract_noun,6,115,2,teanga,teanga,1,NA,NA,NA,NA,4.6,5,0
16611805,24,abstract_noun,5,126,2,oíche,oicha,0,night,night,1,NA,4.6,5,0
16611805,25,abstract_noun,4,127,NA,aire,aria,0,care/attention,careful,0,NA,4.6,5,0
16611805,26,abstract_noun,5,132,0,eolas,ta is agam,0,knowledge,information,0,NA,4.6,5,0
16611805,27,abstract_noun,9,142,2,seachtain,seachtan,0,week,week,1,NA,4.6,5,0
16611805,28,abstract_noun,6,278,2,aimsir,aimser,0,weather,weather,1,NA,4.6,5,0
16611805,29,abstract_noun,5,381,2,gaoth,gaoibh,0,wind,NA,0,NA,4.6,5,0
16611805,30,abstract_noun,4,456,2,dath,daith,0,colour,colour,1,NA,4.6,5,0
16611805,31,verb,4,17,1,cuir,cuir me,0,to put,put,0,NA,4.6,5,0
16611805,32,verb,4,20,0,déan,rinnagh me,0,to do,make,0,NA,4.6,5,0
16611805,33,verb,7,24,0,tabhair,tourth,0,to give/grant,strong,0,NA,4.6,5,0
16611805,34,verb,3,33,1,tar,ag teacht,0,to come,come,0,NA,4.6,5,0
16611805,35,verb,5,36,NA,faigh,fu,0,to get/receive,stay,0,NA,4.6,5,0
16611805,36,verb,5,41,0,téigh,NA,0,to go,hough,0,NA,4.6,5,0
16611805,37,verb,4,76,1,feic,feach,0,to see,to see,1,NA,4.6,5,0
16611805,38,verb,4,88,0,féad,ta tu abilta,0,to be able to,able,0,NA,4.6,5,0
16611805,39,verb,6,101,2,éirigh,eiri,0,to get up/to rise,to rise,0,NA,4.6,5,0
16611805,40,verb,4,119,0,iarr,NA,0,to ask,get up,0,NA,4.6,5,0
16611805,41,verb,5,133,0,imigh,ag dul,0,to leave/go away,to go,0,NA,4.6,5,0
16611805,42,verb,4,136,0,lean,NA,0,to follow,start,0,NA,4.6,5,0
16611805,43,verb,7,140,2,scríobh,scribh,0,to write,NA,0,NA,4.6,5,0
16611805,44,verb,5,163,2,siúil,suil,0,to walk,walk,0,NA,4.6,5,0
16611805,45,verb,7,203,NA,tosaigh,tosui,0,to start,build,0,NA,4.6,5,0
16611805,46,adjective,5,80,2,ceart,cheat,0,correct,right,0,NA,4.6,5,0
16611805,47,adjective,2,98,2,te,te,1,NA,NA,NA,NA,4.6,5,0
16611805,48,adjective,2,121,2,óg,óg,1,NA,NA,NA,NA,4.6,5,0
16611805,49,adjective,4,137,1,fada,adaigh,0,long,long,1,NA,4.6,5,0
16611805,50,adjective,3,154,2,ard,ard,1,NA,NA,NA,NA,4.6,5,0
16611805,51,adjective,6,212,NA,iomlán,lán,0,full,total,0,NA,4.6,5,0
16611805,52,adjective,4,305,0,fíor,cheart,0,true,side,0,NA,4.6,5,0
16611805,53,adjective,5,315,NA,gearr,beag,0,short,cut,0,NA,4.6,5,0
16611805,54,adjective,6,339,2,láidir,laidher,0,strong,heavy,0,NA,4.6,5,0
16611805,55,adjective,3,364,2,beo,beo,1,NA,NA,NA,NA,4.6,5,0
16611805,56,adjective,5,370,2,bocht,boucht,0,poor,poor,1,NA,4.6,5,0
16611805,57,adjective,7,407,0,iontach,eou,0,great,sa,0,NA,4.6,5,0
16611805,58,adjective,4,432,2,glan,glean,0,clean,clean,1,NA,4.6,5,0
16611805,59,adjective,3,461,0,bog,NA,0,soft,easy,0,NA,4.6,5,0
16611805,60,adjective,4,706,2,sean,sean,1,NA,NA,NA,NA,4.6,5,0
16616860,1,concrete_noun,5,79,2,teach,teach,1,NA,NA,NA,NA,1.2,1.75,0
16616860,2,concrete_noun,4,92,2,bean,bea,0,woman,woman,1,NA,1.2,1.75,0
16616860,3,concrete_noun,5,107,2,scoil,scoil,1,NA,NA,NA,NA,1.2,1.75,0
16616860,4,concrete_noun,7,139,2,leabhar,leavhair,0,book,book,1,NA,1.2,1.75,0
16616860,5,concrete_noun,4,144,2,lámh,lamh,1,NA,NA,NA,NA,1.2,1.75,0
16616860,6,concrete_noun,7,157,2,airgead,airgead,1,NA,NA,NA,NA,1.2,1.75,0
16616860,7,concrete_noun,4,158,2,béal,beal,1,NA,NA,NA,NA,1.2,1.75,0
16616860,8,concrete_noun,5,217,1,uisce,NA,0,water,water,1,NA,1.2,1.75,0
16616860,9,concrete_noun,6,220,1,oileán,NA,0,island,island,1,NA,1.2,1.75,0
16616860,10,concrete_noun,7,238,2,cathair,cathair,1,NA,NA,NA,NA,1.2,1.75,0
16616860,11,concrete_noun,5,243,2,doras,doras,1,NA,NA,NA,NA,1.2,1.75,0
16616860,12,concrete_noun,3,249,1,cos,NA,0,leg,leg,1,NA,1.2,1.75,0
16616860,13,concrete_noun,4,258,1,croí,NA,0,heart,heart,1,NA,1.2,1.75,0
16616860,14,concrete_noun,9,310,2,múinteoir,muibteoir,0,teacher,teacher,1,NA,1.2,1.75,0
16616860,15,concrete_noun,3,384,2,bia,bia,1,NA,NA,NA,NA,1.2,1.75,0
16616860,16,abstract_noun,6,39,2,bliain,bhlian,0,year,year,0,NA,1.2,1.75,0
16616860,17,abstract_noun,2,59,1,lá,NA,0,day,day,1,NA,1.2,1.75,0
16616860,18,abstract_noun,5,72,0,taobh,NA,0,side (noun),give,0,NA,1.2,1.75,0
16616860,19,abstract_noun,5,83,2,scéal,sceal,1,NA,NA,NA,NA,1.2,1.75,0
16616860,20,abstract_noun,3,84,2,tír,tir,1,NA,NA,NA,NA,1.2,1.75,0
16616860,21,abstract_noun,4,85,0,saol,NA,0,lifetime,wind,0,NA,1.2,1.75,0
16616860,22,abstract_noun,5,89,0,ceist,ceisteanna,0,question (noun),question,0,NA,1.2,1.75,0
16616860,23,abstract_noun,6,115,1,teanga,NA,0,language,language,1,NA,1.2,1.75,0
16616860,24,abstract_noun,5,126,2,oíche,oiche,1,NA,NA,NA,NA,1.2,1.75,0
16616860,25,abstract_noun,4,127,2,aire,aire,1,NA,NA,NA,NA,1.2,1.75,0
16616860,26,abstract_noun,5,132,0,eolas,NA,0,knowledge,language,0,NA,1.2,1.75,0
16616860,27,abstract_noun,9,142,1,seachtain,NA,0,week,week,1,NA,1.2,1.75,0
16616860,28,abstract_noun,6,278,1,aimsir,NA,0,weather,weather,1,NA,1.2,1.75,0
16616860,29,abstract_noun,5,381,1,gaoth,NA,0,wind,wind,1,NA,1.2,1.75,0
16616860,30,abstract_noun,4,456,0,dath,NA,0,colour,NA,0,NA,1.2,1.75,0
16616860,31,verb,4,17,0,cuir,NA,0,to put,NA,0,NA,1.2,1.75,0
16616860,32,verb,4,20,0,déan,NA,0,to do,clean,0,NA,1.2,1.75,0
16616860,33,verb,7,24,0,tabhair,NA,0,to give/grant,give me,0,NA,1.2,1.75,0
16616860,34,verb,3,33,1,tar,NA,0,to come,come,0,NA,1.2,1.75,0
16616860,35,verb,5,36,0,faigh,NA,0,to get/receive,NA,0,NA,1.2,1.75,0
16616860,36,verb,5,41,0,téigh,ah dul,0,to go,hot,0,NA,1.2,1.75,0
16616860,37,verb,4,76,NA,feic,feach,0,to see,look,0,NA,1.2,1.75,0
16616860,38,verb,4,88,0,féad,abalta,0,to be able to,NA,0,NA,1.2,1.75,0
16616860,39,verb,6,101,1,éirigh,NA,0,to get up/to rise,get up,0,NA,1.2,1.75,0
16616860,40,verb,4,119,0,iarr,NA,0,to ask,NA,0,NA,1.2,1.75,0
16616860,41,verb,5,133,0,imigh,NA,0,to leave/go away,NA,0,NA,1.2,1.75,0
16616860,42,verb,4,136,0,lean,NA,0,to follow,young,0,NA,1.2,1.75,0
16616860,43,verb,7,140,2,scríobh,scriobh,1,NA,NA,NA,NA,1.2,1.75,0
16616860,44,verb,5,163,0,siúil,NA,0,to walk,wish,0,NA,1.2,1.75,0
16616860,45,verb,7,203,1,tosaigh,NA,0,to start,to start,1,NA,1.2,1.75,0
16616860,46,adjective,5,80,0,ceart,NA,0,correct,right,0,NA,1.2,1.75,0
16616860,47,adjective,2,98,2,te,te,1,NA,NA,NA,NA,1.2,1.75,0
16616860,48,adjective,2,121,1,óg,oige,0,young,young,1,NA,1.2,1.75,0
16616860,49,adjective,4,137,1,fada,NA,0,long,long,1,NA,1.2,1.75,0
16616860,50,adjective,3,154,2,ard,ard,1,NA,NA,NA,NA,1.2,1.75,0
16616860,51,adjective,6,212,0,iomlán,NA,0,full,language,0,NA,1.2,1.75,0
16616860,52,adjective,4,305,1,fíor,ceart,0,true,true,1,NA,1.2,1.75,0
16616860,53,adjective,5,315,0,gearr,NA,0,short,NA,0,NA,1.2,1.75,0
16616860,54,adjective,6,339,0,láidir,NA,0,strong,NA,0,NA,1.2,1.75,0
16616860,55,adjective,3,364,0,beo,NA,0,alive,small,0,NA,1.2,1.75,0
16616860,56,adjective,5,370,2,bocht,bocht,1,NA,NA,NA,NA,1.2,1.75,0
16616860,57,adjective,7,407,0,iontach,go hanna mhairh ar fad,0,great,cery good,0,NA,1.2,1.75,0
16616860,58,adjective,4,432,2,glan,glan,1,NA,NA,NA,NA,1.2,1.75,0
16616860,59,adjective,3,461,0,bog,NA,0,soft,sick,0,NA,1.2,1.75,0
16616860,60,adjective,4,706,1,sean,NA,0,old,old,1,NA,1.2,1.75,0
16626047,1,concrete_noun,5,79,2,teach,teach,1,NA,NA,NA,80,2.6,3,0
16626047,2,concrete_noun,4,92,2,bean,ban,0,woman,woman,1,80,2.6,3,0
16626047,3,concrete_noun,5,107,2,scoil,schoile,0,school,school,1,80,2.6,3,0
16626047,4,concrete_noun,7,139,2,leabhar,leabhar,1,NA,NA,NA,80,2.6,3,0
16626047,5,concrete_noun,4,144,2,lámh,lambh,0,hand,hand,1,80,2.6,3,0
16626047,6,concrete_noun,7,157,2,airgead,aigead,0,money,money,1,80,2.6,3,0
16626047,7,concrete_noun,4,158,2,béal,beal,1,NA,NA,NA,80,2.6,3,0
16626047,8,concrete_noun,5,217,2,uisce,uisce,1,NA,NA,NA,80,2.6,3,0
16626047,9,concrete_noun,6,220,1,oileán,uilleann,0,island,island,1,80,2.6,3,0
16626047,10,concrete_noun,7,238,1,cathair,cathaireach,0,city,city,1,80,2.6,3,0
16626047,11,concrete_noun,5,243,2,doras,duras,0,door,door,1,80,2.6,3,0
16626047,12,concrete_noun,3,249,0,cos,NA,0,leg,beside,0,80,2.6,3,0
16626047,13,concrete_noun,4,258,2,croí,croi,1,NA,NA,NA,80,2.6,3,0
16626047,14,concrete_noun,9,310,2,múinteoir,muinteoir,1,NA,NA,NA,80,2.6,3,0
16626047,15,concrete_noun,3,384,2,bia,bia,1,NA,NA,NA,80,2.6,3,0
16626047,16,abstract_noun,6,39,2,bliain,blian,0,year,year,1,80,2.6,3,0
16626047,17,abstract_noun,2,59,2,lá,la,1,NA,NA,NA,80,2.6,3,0
16626047,18,abstract_noun,5,72,0,taobh,NA,0,side (noun),over,0,80,2.6,3,0
16626047,19,abstract_noun,5,83,2,scéal,sceal,1,NA,NA,NA,80,2.6,3,0
16626047,20,abstract_noun,3,84,1,tír,NA,0,country,country,1,80,2.6,3,0
16626047,21,abstract_noun,4,85,NA,saol,amsaol,0,lifetime,life,0,80,2.6,3,0
16626047,22,abstract_noun,5,89,2,ceist,ceist,1,NA,NA,NA,80,2.6,3,0
16626047,23,abstract_noun,6,115,2,teanga,teanga,1,NA,NA,NA,80,2.6,3,0
16626047,24,abstract_noun,5,126,2,oíche,oiche,1,NA,NA,NA,80,2.6,3,0
16626047,25,abstract_noun,4,127,0,aire,NA,0,care/attention,country,0,80,2.6,3,0
16626047,26,abstract_noun,5,132,0,eolas,beatha,0,knowledge,information,0,80,2.6,3,0
16626047,27,abstract_noun,9,142,2,seachtain,seachtain,1,NA,NA,NA,80,2.6,3,0
16626047,28,abstract_noun,6,278,2,aimsir,aimsir,1,NA,NA,NA,80,2.6,3,0
16626047,29,abstract_noun,5,381,2,gaoth,gaoth,1,NA,NA,NA,80,2.6,3,0
16626047,30,abstract_noun,4,456,2,dath,dath,1,NA,NA,NA,80,2.6,3,0
16626047,31,verb,4,17,1,cuir,cu,0,to put,put,0,80,2.6,3,0
16626047,32,verb,4,20,0,déan,a dheamabh,0,to do,stay,0,80,2.6,3,0
16626047,33,verb,7,24,NA,tabhair,thuar,0,to give/grant,tell,0,80,2.6,3,0
16626047,34,verb,3,33,0,tar,ag teach,0,to come,go after,0,80,2.6,3,0
16626047,35,verb,5,36,NA,faigh,fuair,0,to get/receive,stay,0,80,2.6,3,0
16626047,36,verb,5,41,1,téigh,ag dul,0,to go,go,0,80,2.6,3,0
16626047,37,verb,4,76,1,feic,sual,0,to see,see,0,80,2.6,3,0
16626047,38,verb,4,88,0,féad,abalta,0,to be able to,long,0,80,2.6,3,0
16626047,39,verb,6,101,1,éirigh,suas,0,to get up/to rise,get up,0,80,2.6,3,0
16626047,40,verb,4,119,0,iarr,cur ceist,0,to ask,here,0,80,2.6,3,0
16626047,41,verb,5,133,0,imigh,ag dul,0,to leave/go away,go,0,80,2.6,3,0
16626047,42,verb,4,136,NA,lean,tei,0,to follow,thin,0,80,2.6,3,0
16626047,43,verb,7,140,2,scríobh,scribh,0,to write,write,0,80,2.6,3,0
16626047,44,verb,5,163,2,siúil,shuile,0,to walk,walk,0,80,2.6,3,0
16626047,45,verb,7,203,1,tosaigh,te,0,to start,start,0,80,2.6,3,0
16626047,46,adjective,5,80,2,ceart,ceart,1,NA,NA,NA,80,2.6,3,0
16626047,47,adjective,2,98,NA,te,teigh,0,hot,go,0,80,2.6,3,0
16626047,48,adjective,2,121,2,óg,og,1,NA,NA,NA,80,2.6,3,0
16626047,49,adjective,4,137,2,fada,fada,1,NA,NA,NA,80,2.6,3,0
16626047,50,adjective,3,154,0,ard,laidear,0,tall/high,big,0,80,2.6,3,0
16626047,51,adjective,6,212,NA,iomlán,lan,0,full,NA,0,80,2.6,3,0
16626047,52,adjective,4,305,0,fíor,ceart,0,true,correct,0,80,2.6,3,0
16626047,53,adjective,5,315,2,gearr,gearr,1,NA,NA,NA,80,2.6,3,0
16626047,54,adjective,6,339,0,láidir,NA,0,strong,large,0,80,2.6,3,0
16626047,55,adjective,3,364,2,beo,beo,1,NA,NA,NA,80,2.6,3,0
16626047,56,adjective,5,370,2,bocht,bocth,0,poor,poor,1,80,2.6,3,0
16626047,57,adjective,7,407,1,iontach,go hionteach,0,great,great,1,80,2.6,3,0
16626047,58,adjective,4,432,2,glan,glann,0,clean,clean,1,80,2.6,3,0
16626047,59,adjective,3,461,2,bog,bog,1,NA,NA,NA,80,2.6,3,0
16626047,60,adjective,4,706,2,sean,sean,1,NA,NA,NA,80,2.6,3,0
16630210,1,concrete_noun,5,79,1,teach,tigh,0,house,house,1,50,2.2,3.5,0
16630210,2,concrete_noun,4,92,2,bean,bean,1,NA,NA,NA,50,2.2,3.5,0
16630210,3,concrete_noun,5,107,2,scoil,scoil,1,NA,NA,NA,50,2.2,3.5,0
16630210,4,concrete_noun,7,139,2,leabhar,leabhair,0,book,book,1,50,2.2,3.5,0
16630210,5,concrete_noun,4,144,2,lámh,lamh,1,NA,NA,NA,50,2.2,3.5,0
16630210,6,concrete_noun,7,157,2,airgead,airgead,1,NA,NA,NA,50,2.2,3.5,0
16630210,7,concrete_noun,4,158,2,béal,beal,1,NA,NA,NA,50,2.2,3.5,0
16630210,8,concrete_noun,5,217,2,uisce,uisce,1,NA,NA,NA,50,2.2,3.5,0
16630210,9,concrete_noun,6,220,2,oileán,oilean,1,NA,NA,NA,50,2.2,3.5,0
16630210,10,concrete_noun,7,238,1,cathair,cathrach,0,city,city,1,50,2.2,3.5,0
16630210,11,concrete_noun,5,243,2,doras,doras,1,NA,NA,NA,50,2.2,3.5,0
16630210,12,concrete_noun,3,249,0,cos,NA,0,leg,foot,0,50,2.2,3.5,0
16630210,13,concrete_noun,4,258,2,croí,croi,1,NA,NA,NA,50,2.2,3.5,0
16630210,14,concrete_noun,9,310,2,múinteoir,muinteoir,1,NA,NA,NA,50,2.2,3.5,0
16630210,15,concrete_noun,3,384,2,bia,bia,1,NA,NA,NA,50,2.2,3.5,0
16630210,16,abstract_noun,6,39,2,bliain,blian,0,year,year,1,50,2.2,3.5,0
16630210,17,abstract_noun,2,59,2,lá,lae,0,day,day,1,50,2.2,3.5,0
16630210,18,abstract_noun,5,72,NA,taobh,lar,0,side (noun),side,0,50,2.2,3.5,0
16630210,19,abstract_noun,5,83,2,scéal,sceal,1,NA,NA,NA,50,2.2,3.5,0
16630210,20,abstract_noun,3,84,2,tír,tir,1,NA,NA,NA,50,2.2,3.5,0
16630210,21,abstract_noun,4,85,1,saol,beatha,0,lifetime,lifetime,1,50,2.2,3.5,0
16630210,22,abstract_noun,5,89,2,ceist,ceist,1,NA,NA,NA,50,2.2,3.5,0
16630210,23,abstract_noun,6,115,1,teanga,t,0,language,language,1,50,2.2,3.5,0
16630210,24,abstract_noun,5,126,1,oíche,nocht,0,night,night,1,50,2.2,3.5,0
16630210,25,abstract_noun,4,127,1,aire,NA,0,care/attention,care,0,50,2.2,3.5,0
16630210,26,abstract_noun,5,132,2,eolas,eolas,1,NA,NA,NA,50,2.2,3.5,0
16630210,27,abstract_noun,9,142,0,seachtain,NA,0,week,NA,0,50,2.2,3.5,0
16630210,28,abstract_noun,6,278,1,aimsir,teampal,0,weather,weather,1,50,2.2,3.5,0
16630210,29,abstract_noun,5,381,2,gaoth,gaoi,0,wind,wind,1,50,2.2,3.5,0
16630210,30,abstract_noun,4,456,1,dath,NA,0,colour,colour,1,50,2.2,3.5,0
16630210,31,verb,4,17,1,cuir,NA,0,to put,put,0,50,2.2,3.5,0
16630210,32,verb,4,20,1,déan,a dheanaibh,0,to do,to do,1,50,2.2,3.5,0
16630210,33,verb,7,24,1,tabhair,tuar,0,to give/grant,give,0,50,2.2,3.5,0
16630210,34,verb,3,33,1,tar,NA,0,to come,come,0,50,2.2,3.5,0
16630210,35,verb,5,36,0,faigh,NA,0,to get/receive,to wait,0,50,2.2,3.5,0
16630210,36,verb,5,41,NA,téigh,chuaigh,0,to go,NA,0,50,2.2,3.5,0
16630210,37,verb,4,76,0,feic,conaic,0,to see,look,0,50,2.2,3.5,0
16630210,38,verb,4,88,0,féad,NA,0,to be able to,to be able,0,50,2.2,3.5,0
16630210,39,verb,6,101,1,éirigh,fuair,0,to get up/to rise,to rise,0,50,2.2,3.5,0
16630210,40,verb,4,119,0,iarr,NA,0,to ask,NA,0,50,2.2,3.5,0
16630210,41,verb,5,133,0,imigh,NA,0,to leave/go away,to go,0,50,2.2,3.5,0
16630210,42,verb,4,136,1,lean,NA,0,to follow,to follow,1,50,2.2,3.5,0
16630210,43,verb,7,140,2,scríobh,scriobh,1,NA,NA,NA,50,2.2,3.5,0
16630210,44,verb,5,163,2,siúil,suil,0,to walk,walk,0,50,2.2,3.5,0
16630210,45,verb,7,203,0,tosaigh,NA,0,to start,to give,0,50,2.2,3.5,0
16630210,46,adjective,5,80,1,ceart,fior,0,correct,correct,1,50,2.2,3.5,0
16630210,47,adjective,2,98,2,te,te,1,NA,NA,NA,50,2.2,3.5,0
16630210,48,adjective,2,121,2,óg,og,1,NA,NA,NA,50,2.2,3.5,0
16630210,49,adjective,4,137,2,fada,fada,1,NA,NA,NA,50,2.2,3.5,0
16630210,50,adjective,3,154,2,ard,ard,1,NA,NA,NA,50,2.2,3.5,0
16630210,51,adjective,6,212,1,iomlán,lar,0,full,full,1,50,2.2,3.5,0
16630210,52,adjective,4,305,2,fíor,fior,0,true,true,1,50,2.2,3.5,0
16630210,53,adjective,5,315,1,gearr,NA,0,short,sharp,0,50,2.2,3.5,0
16630210,54,adjective,6,339,1,láidir,lamhar,0,strong,strong,1,50,2.2,3.5,0
16630210,55,adjective,3,364,1,beo,ar beithe,0,alive,alive,1,50,2.2,3.5,0
16630210,56,adjective,5,370,2,bocht,beacht,0,poor,poor,1,50,2.2,3.5,0
16630210,57,adjective,7,407,1,iontach,NA,0,great,grea,0,50,2.2,3.5,0
16630210,58,adjective,4,432,2,glan,glan,1,NA,NA,NA,50,2.2,3.5,0
16630210,59,adjective,3,461,2,bog,bog,1,NA,NA,NA,50,2.2,3.5,0
16630210,60,adjective,4,706,1,sean,aosta,0,old,old,1,50,2.2,3.5,0
16630537,1,concrete_noun,5,79,1,teach,thig,0,house,house,1,25,1.6,1,1
16630537,2,concrete_noun,4,92,2,bean,bean,1,NA,NA,NA,25,1.6,1,1
16630537,3,concrete_noun,5,107,2,scoil,scoil,1,NA,NA,NA,25,1.6,1,1
16630537,4,concrete_noun,7,139,2,leabhar,leabhar,1,NA,NA,NA,25,1.6,1,1
16630537,5,concrete_noun,4,144,2,lámh,laimh,0,hand,hand,1,25,1.6,1,1
16630537,6,concrete_noun,7,157,0,airgead,NA,0,money,tall,0,25,1.6,1,1
16630537,7,concrete_noun,4,158,1,béal,beile,0,mouth,mouth,1,25,1.6,1,1
16630537,8,concrete_noun,5,217,2,uisce,uisce,1,NA,NA,NA,25,1.6,1,1
16630537,9,concrete_noun,6,220,NA,oileán,eire,0,island,wind,0,25,1.6,1,1
16630537,10,concrete_noun,7,238,2,cathair,cabhair,0,city,city,1,25,1.6,1,1
16630537,11,concrete_noun,5,243,0,doras,NA,0,door,strength,0,25,1.6,1,1
16630537,12,concrete_noun,3,249,0,cos,NA,0,leg,across,0,25,1.6,1,1
16630537,13,concrete_noun,4,258,2,croí,crois,0,heart,heart,1,25,1.6,1,1
16630537,14,concrete_noun,9,310,2,múinteoir,muinteor,0,teacher,teacher,1,25,1.6,1,1
16630537,15,concrete_noun,3,384,1,bia,NA,0,food,food,1,25,1.6,1,1
16630537,16,abstract_noun,6,39,1,bliain,NA,0,year,year,1,25,1.6,1,1
16630537,17,abstract_noun,2,59,1,lá,NA,0,day,day,1,25,1.6,1,1
16630537,18,abstract_noun,5,72,0,taobh,NA,0,side (noun),take,0,25,1.6,1,1
16630537,19,abstract_noun,5,83,2,scéal,sceil,0,story,story,1,25,1.6,1,1
16630537,20,abstract_noun,3,84,2,tír,tir,1,NA,NA,NA,25,1.6,1,1
16630537,21,abstract_noun,4,85,NA,saol,saoilte,0,lifetime,life,0,25,1.6,1,1
16630537,22,abstract_noun,5,89,NA,ceist,crio,0,question (noun),question,0,25,1.6,1,1
16630537,23,abstract_noun,6,115,1,teanga,taibhart,0,language,language,1,25,1.6,1,1
16630537,24,abstract_noun,5,126,1,oíche,amhain,0,night,night,1,25,1.6,1,1
16630537,25,abstract_noun,4,127,NA,aire,cor,0,care/attention,air,0,25,1.6,1,1
16630537,26,abstract_noun,5,132,0,eolas,NA,0,knowledge,light,0,25,1.6,1,1
16630537,27,abstract_noun,9,142,1,seachtain,samhain,0,week,week,1,25,1.6,1,1
16630537,28,abstract_noun,6,278,0,aimsir,NA,0,weather,to sit,0,25,1.6,1,1
16630537,29,abstract_noun,5,381,1,gaoth,NA,0,wind,wind,1,25,1.6,1,1
16630537,30,abstract_noun,4,456,0,dath,NA,0,colour,short,0,25,1.6,1,1
16630537,31,verb,4,17,0,cuir,tabhair,0,to put,chair,0,25,1.6,1,1
16630537,32,verb,4,20,0,déan,NA,0,to do,NA,0,25,1.6,1,1
16630537,33,verb,7,24,0,tabhair,NA,0,to give/grant,to take,0,25,1.6,1,1
16630537,34,verb,3,33,0,tar,NA,0,to come,to take,0,25,1.6,1,1
16630537,35,verb,5,36,0,faigh,tuar,0,to get/receive,small,0,25,1.6,1,1
16630537,36,verb,5,41,0,téigh,NA,0,to go,NA,0,25,1.6,1,1
16630537,37,verb,4,76,0,feic,NA,0,to see,feck,0,25,1.6,1,1
16630537,38,verb,4,88,0,féad,abailte,0,to be able to,strong,0,25,1.6,1,1
16630537,39,verb,6,101,0,éirigh,suis,0,to get up/to rise,to take,0,25,1.6,1,1
16630537,40,verb,4,119,0,iarr,NA,0,to ask,to go,0,25,1.6,1,1
16630537,41,verb,5,133,0,imigh,NA,0,to leave/go away,to go,0,25,1.6,1,1
16630537,42,verb,4,136,0,lean,NA,0,to follow,thin,0,25,1.6,1,1
16630537,43,verb,7,140,1,scríobh,scriv,0,to write,to write,1,25,1.6,1,1
16630537,44,verb,5,163,0,siúil,NA,0,to walk,eye,0,25,1.6,1,1
16630537,45,verb,7,203,0,tosaigh,NA,0,to start,to take,0,25,1.6,1,1
16630537,46,adjective,5,80,2,ceart,ceart,1,NA,NA,NA,25,1.6,1,1
16630537,47,adjective,2,98,0,te,firste,0,hot,tea,0,25,1.6,1,1
16630537,48,adjective,2,121,2,óg,og,1,NA,NA,NA,25,1.6,1,1
16630537,49,adjective,4,137,NA,fada,fir,0,long,accent,0,25,1.6,1,1
16630537,50,adjective,3,154,1,ard,NA,0,tall/high,tall,0,25,1.6,1,1
16630537,51,adjective,6,212,0,iomlán,briste,0,full,month,0,25,1.6,1,1
16630537,52,adjective,4,305,0,fíor,ceart,0,true,strong,0,25,1.6,1,1
16630537,53,adjective,5,315,0,gearr,NA,0,short,war,0,25,1.6,1,1
16630537,54,adjective,6,339,0,láidir,NA,0,strong,to go up,0,25,1.6,1,1
16630537,55,adjective,3,364,1,beo,saor,0,alive,to live,0,25,1.6,1,1
16630537,56,adjective,5,370,NA,bocht,pobre,0,poor,small,0,25,1.6,1,1
16630537,57,adjective,7,407,2,iontach,iontach,1,NA,NA,NA,25,1.6,1,1
16630537,58,adjective,4,432,1,glan,NA,0,clean,clean,1,25,1.6,1,1
16630537,59,adjective,3,461,0,bog,NA,0,soft,bog,0,25,1.6,1,1
16630537,60,adjective,4,706,1,sean,seanog,0,old,old,1,25,1.6,1,1
16632056,1,concrete_noun,5,79,2,teach,teach,1,NA,NA,NA,NA,1.6,1.5,0
16632056,2,concrete_noun,4,92,NA,bean,mná,0,woman,small,0,NA,1.6,1.5,0
16632056,3,concrete_noun,5,107,2,scoil,scoil,1,NA,NA,NA,NA,1.6,1.5,0
16632056,4,concrete_noun,7,139,2,leabhar,leabhar,1,NA,NA,NA,NA,1.6,1.5,0
16632056,5,concrete_noun,4,144,2,lámh,lámh,0,hand,hand,1,NA,1.6,1.5,0
16632056,6,concrete_noun,7,157,1,airgead,arageid,0,money,money,1,NA,1.6,1.5,0
16632056,7,concrete_noun,4,158,1,béal,NA,0,mouth,mouth,1,NA,1.6,1.5,0
16632056,8,concrete_noun,5,217,2,uisce,uisce,1,NA,NA,NA,NA,1.6,1.5,0
16632056,9,concrete_noun,6,220,2,oileán,Oileán,0,island,island,1,NA,1.6,1.5,0
16632056,10,concrete_noun,7,238,1,cathair,NA,0,city,city,1,NA,1.6,1.5,0
16632056,11,concrete_noun,5,243,2,doras,doras,1,NA,NA,NA,NA,1.6,1.5,0
16632056,12,concrete_noun,3,249,2,cos,cios,0,leg,foot,0,NA,1.6,1.5,0
16632056,13,concrete_noun,4,258,2,croí,croí,0,heart,heart,1,NA,1.6,1.5,0
16632056,14,concrete_noun,9,310,2,múinteoir,muinteoir,1,NA,NA,NA,NA,1.6,1.5,0
16632056,15,concrete_noun,3,384,1,bia,NA,0,food,food,1,NA,1.6,1.5,0
16632056,16,abstract_noun,6,39,1,bliain,ann,0,year,year,1,NA,1.6,1.5,0
16632056,17,abstract_noun,2,59,1,lá,De,0,day,day,1,NA,1.6,1.5,0
16632056,18,abstract_noun,5,72,0,taobh,NA,0,side (noun),cow,0,NA,1.6,1.5,0
16632056,19,abstract_noun,5,83,1,scéal,stad,0,story,story,1,NA,1.6,1.5,0
16632056,20,abstract_noun,3,84,1,tír,NA,0,country,country,1,NA,1.6,1.5,0
16632056,21,abstract_noun,4,85,0,saol,NA,0,lifetime,soul,0,NA,1.6,1.5,0
16632056,22,abstract_noun,5,89,2,ceist,ceist,1,NA,NA,NA,NA,1.6,1.5,0
16632056,23,abstract_noun,6,115,2,teanga,teanga,1,NA,NA,NA,NA,1.6,1.5,0
16632056,24,abstract_noun,5,126,2,oíche,oiche,1,NA,NA,NA,NA,1.6,1.5,0
16632056,25,abstract_noun,4,127,NA,aire,grá,0,care/attention,sky,0,NA,1.6,1.5,0
16632056,26,abstract_noun,5,132,0,eolas,NA,0,knowledge,information,0,NA,1.6,1.5,0
16632056,27,abstract_noun,9,142,2,seachtain,Seachtain,0,week,week,1,NA,1.6,1.5,0
16632056,28,abstract_noun,6,278,1,aimsir,NA,0,weather,weather,1,NA,1.6,1.5,0
16632056,29,abstract_noun,5,381,2,gaoth,gaoithe,0,wind,wind,1,NA,1.6,1.5,0
16632056,30,abstract_noun,4,456,0,dath,NA,0,colour,date,0,NA,1.6,1.5,0
16632056,31,verb,4,17,2,cuir,cur,0,to put,to put,1,NA,1.6,1.5,0
16632056,32,verb,4,20,0,déan,NA,0,to do,NA,0,NA,1.6,1.5,0
16632056,33,verb,7,24,0,tabhair,NA,0,to give/grant,table,0,NA,1.6,1.5,0
16632056,34,verb,3,33,0,tar,go dtí,0,to come,on,0,NA,1.6,1.5,0
16632056,35,verb,5,36,0,faigh,NA,0,to get/receive,NA,0,NA,1.6,1.5,0
16632056,36,verb,5,41,0,téigh,go dtí,0,to go,hot,0,NA,1.6,1.5,0
16632056,37,verb,4,76,1,feic,féach,0,to see,see,0,NA,1.6,1.5,0
16632056,38,verb,4,88,0,féad,NA,0,to be able to,NA,0,NA,1.6,1.5,0
16632056,39,verb,6,101,1,éirigh,ag dul amach,0,to get up/to rise,get up,0,NA,1.6,1.5,0
16632056,40,verb,4,119,0,iarr,ceist,0,to ask,NA,0,NA,1.6,1.5,0
16632056,41,verb,5,133,0,imigh,ag dul amach,0,to leave/go away,to go,0,NA,1.6,1.5,0
16632056,42,verb,4,136,0,lean,go dtí,0,to follow,put on,0,NA,1.6,1.5,0
16632056,43,verb,7,140,2,scríobh,scríobh,0,to write,write,0,NA,1.6,1.5,0
16632056,44,verb,5,163,1,siúil,NA,0,to walk,walk,0,NA,1.6,1.5,0
16632056,45,verb,7,203,0,tosaigh,NA,0,to start,to go,0,NA,1.6,1.5,0
16632056,46,adjective,5,80,0,ceart,go maith,0,correct,right correct,0,NA,1.6,1.5,0
16632056,47,adjective,2,98,2,te,té,0,hot,hot,1,NA,1.6,1.5,0
16632056,48,adjective,2,121,2,óg,óg,0,young,young,1,NA,1.6,1.5,0
16632056,49,adjective,4,137,1,fada,NA,0,long,long,1,NA,1.6,1.5,0
16632056,50,adjective,3,154,NA,ard,fear,0,tall/high,short,0,NA,1.6,1.5,0
16632056,51,adjective,6,212,0,iomlán,Mór,0,full,NA,0,NA,1.6,1.5,0
16632056,52,adjective,4,305,0,fíor,s,0,true,NA,0,NA,1.6,1.5,0
16632056,53,adjective,5,315,1,gearr,beag,0,short,short,1,NA,1.6,1.5,0
16632056,54,adjective,6,339,0,láidir,NA,0,strong,ladder,0,NA,1.6,1.5,0
16632056,55,adjective,3,364,0,beo,NA,0,alive,NA,0,NA,1.6,1.5,0
16632056,56,adjective,5,370,0,bocht,NA,0,poor,boat,0,NA,1.6,1.5,0
16632056,57,adjective,7,407,1,iontach,go an-mhaith,0,great,great,1,NA,1.6,1.5,0
16632056,58,adjective,4,432,2,glan,glan,1,NA,NA,NA,NA,1.6,1.5,0
16632056,59,adjective,3,461,0,bog,NA,0,soft,NA,0,NA,1.6,1.5,0
16632056,60,adjective,4,706,1,sean,NA,0,old,old,1,NA,1.6,1.5,0
